ISO-10303-21;
HEADER;
/* Generated by software containing ST-Developer
 * from STEP Tools, Inc. (www.steptools.com) 
 */

FILE_DESCRIPTION(
/* description */ (''),
/* implementation_level */ '2;1');

FILE_NAME(
/* name */ '9-7-26_base-v1.step',
/* time_stamp */ '2026-09-07T18:29:24+02:00',
/* author */ (''),
/* organization */ (''),
/* preprocessor_version */ 'ST-DEVELOPER v20.2',
/* originating_system */ 'Autodesk Translation Framework v15.15.0.0',
/* authorisation */ '');

FILE_SCHEMA (('AUTOMOTIVE_DESIGN { 1 0 10303 214 3 1 1 }'));
ENDSEC;

DATA;
#10=MECHANICAL_DESIGN_GEOMETRIC_PRESENTATION_REPRESENTATION('',(#13,#14,
#15,#16,#17,#18,#19),#9937);
#11=SHAPE_REPRESENTATION_RELATIONSHIP('SRR','None',#9944,#12);
#12=ADVANCED_BREP_SHAPE_REPRESENTATION('',(#20,#21,#22,#23,#24,#25,#26),
#9936);
#13=STYLED_ITEM('',(#9954),#20);
#14=STYLED_ITEM('',(#9955),#21);
#15=STYLED_ITEM('',(#9956),#22);
#16=STYLED_ITEM('',(#9958),#23);
#17=STYLED_ITEM('',(#9954),#24);
#18=STYLED_ITEM('',(#9955),#25);
#19=STYLED_ITEM('',(#9956),#26);
#20=MANIFOLD_SOLID_BREP('acrillic',#5759);
#21=MANIFOLD_SOLID_BREP('rubber',#5760);
#22=MANIFOLD_SOLID_BREP('top',#5761);
#23=MANIFOLD_SOLID_BREP('middel',#5762);
#24=MANIFOLD_SOLID_BREP('acrillic bottem',#5763);
#25=MANIFOLD_SOLID_BREP('rubber bottem',#5764);
#26=MANIFOLD_SOLID_BREP('bottem',#5765);
#27=FACE_BOUND('',#749,.T.);
#28=FACE_BOUND('',#750,.T.);
#29=FACE_BOUND('',#751,.T.);
#30=FACE_BOUND('',#752,.T.);
#31=FACE_BOUND('',#753,.T.);
#32=FACE_BOUND('',#754,.T.);
#33=FACE_BOUND('',#755,.T.);
#34=FACE_BOUND('',#756,.T.);
#35=FACE_BOUND('',#757,.T.);
#36=FACE_BOUND('',#758,.T.);
#37=FACE_BOUND('',#759,.T.);
#38=FACE_BOUND('',#760,.T.);
#39=FACE_BOUND('',#761,.T.);
#40=FACE_BOUND('',#762,.T.);
#41=FACE_BOUND('',#763,.T.);
#42=FACE_BOUND('',#765,.T.);
#43=FACE_BOUND('',#766,.T.);
#44=FACE_BOUND('',#767,.T.);
#45=FACE_BOUND('',#768,.T.);
#46=FACE_BOUND('',#769,.T.);
#47=FACE_BOUND('',#770,.T.);
#48=FACE_BOUND('',#771,.T.);
#49=FACE_BOUND('',#772,.T.);
#50=FACE_BOUND('',#773,.T.);
#51=FACE_BOUND('',#774,.T.);
#52=FACE_BOUND('',#775,.T.);
#53=FACE_BOUND('',#776,.T.);
#54=FACE_BOUND('',#777,.T.);
#55=FACE_BOUND('',#778,.T.);
#56=FACE_BOUND('',#779,.T.);
#57=FACE_BOUND('',#812,.T.);
#58=FACE_BOUND('',#813,.T.);
#59=FACE_BOUND('',#814,.T.);
#60=FACE_BOUND('',#815,.T.);
#61=FACE_BOUND('',#816,.T.);
#62=FACE_BOUND('',#817,.T.);
#63=FACE_BOUND('',#818,.T.);
#64=FACE_BOUND('',#819,.T.);
#65=FACE_BOUND('',#820,.T.);
#66=FACE_BOUND('',#821,.T.);
#67=FACE_BOUND('',#822,.T.);
#68=FACE_BOUND('',#823,.T.);
#69=FACE_BOUND('',#824,.T.);
#70=FACE_BOUND('',#825,.T.);
#71=FACE_BOUND('',#826,.T.);
#72=FACE_BOUND('',#828,.T.);
#73=FACE_BOUND('',#829,.T.);
#74=FACE_BOUND('',#830,.T.);
#75=FACE_BOUND('',#831,.T.);
#76=FACE_BOUND('',#832,.T.);
#77=FACE_BOUND('',#833,.T.);
#78=FACE_BOUND('',#834,.T.);
#79=FACE_BOUND('',#835,.T.);
#80=FACE_BOUND('',#836,.T.);
#81=FACE_BOUND('',#837,.T.);
#82=FACE_BOUND('',#838,.T.);
#83=FACE_BOUND('',#839,.T.);
#84=FACE_BOUND('',#840,.T.);
#85=FACE_BOUND('',#841,.T.);
#86=FACE_BOUND('',#842,.T.);
#87=FACE_BOUND('',#846,.T.);
#88=FACE_BOUND('',#850,.T.);
#89=FACE_BOUND('',#854,.T.);
#90=FACE_BOUND('',#858,.T.);
#91=FACE_BOUND('',#862,.T.);
#92=FACE_BOUND('',#866,.T.);
#93=FACE_BOUND('',#870,.T.);
#94=FACE_BOUND('',#874,.T.);
#95=FACE_BOUND('',#878,.T.);
#96=FACE_BOUND('',#882,.T.);
#97=FACE_BOUND('',#886,.T.);
#98=FACE_BOUND('',#890,.T.);
#99=FACE_BOUND('',#894,.T.);
#100=FACE_BOUND('',#898,.T.);
#101=FACE_BOUND('',#916,.T.);
#102=FACE_BOUND('',#917,.T.);
#103=FACE_BOUND('',#918,.T.);
#104=FACE_BOUND('',#919,.T.);
#105=FACE_BOUND('',#920,.T.);
#106=FACE_BOUND('',#921,.T.);
#107=FACE_BOUND('',#922,.T.);
#108=FACE_BOUND('',#923,.T.);
#109=FACE_BOUND('',#924,.T.);
#110=FACE_BOUND('',#925,.T.);
#111=FACE_BOUND('',#926,.T.);
#112=FACE_BOUND('',#927,.T.);
#113=FACE_BOUND('',#928,.T.);
#114=FACE_BOUND('',#929,.T.);
#115=FACE_BOUND('',#930,.T.);
#116=FACE_BOUND('',#932,.T.);
#117=FACE_BOUND('',#933,.T.);
#118=FACE_BOUND('',#934,.T.);
#119=FACE_BOUND('',#935,.T.);
#120=FACE_BOUND('',#936,.T.);
#121=FACE_BOUND('',#937,.T.);
#122=FACE_BOUND('',#938,.T.);
#123=FACE_BOUND('',#939,.T.);
#124=FACE_BOUND('',#940,.T.);
#125=FACE_BOUND('',#941,.T.);
#126=FACE_BOUND('',#942,.T.);
#127=FACE_BOUND('',#943,.T.);
#128=FACE_BOUND('',#944,.T.);
#129=FACE_BOUND('',#945,.T.);
#130=FACE_BOUND('',#946,.T.);
#131=FACE_BOUND('',#1020,.T.);
#132=FACE_BOUND('',#1021,.T.);
#133=FACE_BOUND('',#1022,.T.);
#134=FACE_BOUND('',#1023,.T.);
#135=FACE_BOUND('',#1024,.T.);
#136=FACE_BOUND('',#1025,.T.);
#137=FACE_BOUND('',#1026,.T.);
#138=FACE_BOUND('',#1027,.T.);
#139=FACE_BOUND('',#1028,.T.);
#140=FACE_BOUND('',#1029,.T.);
#141=FACE_BOUND('',#1030,.T.);
#142=FACE_BOUND('',#1031,.T.);
#143=FACE_BOUND('',#1032,.T.);
#144=FACE_BOUND('',#1033,.T.);
#145=FACE_BOUND('',#1034,.T.);
#146=FACE_BOUND('',#1036,.T.);
#147=FACE_BOUND('',#1037,.T.);
#148=FACE_BOUND('',#1038,.T.);
#149=FACE_BOUND('',#1039,.T.);
#150=FACE_BOUND('',#1040,.T.);
#151=FACE_BOUND('',#1041,.T.);
#152=FACE_BOUND('',#1042,.T.);
#153=FACE_BOUND('',#1043,.T.);
#154=FACE_BOUND('',#1044,.T.);
#155=FACE_BOUND('',#1045,.T.);
#156=FACE_BOUND('',#1046,.T.);
#157=FACE_BOUND('',#1047,.T.);
#158=FACE_BOUND('',#1048,.T.);
#159=FACE_BOUND('',#1049,.T.);
#160=FACE_BOUND('',#1050,.T.);
#161=FACE_BOUND('',#1083,.T.);
#162=FACE_BOUND('',#1084,.T.);
#163=FACE_BOUND('',#1085,.T.);
#164=FACE_BOUND('',#1086,.T.);
#165=FACE_BOUND('',#1087,.T.);
#166=FACE_BOUND('',#1088,.T.);
#167=FACE_BOUND('',#1089,.T.);
#168=FACE_BOUND('',#1090,.T.);
#169=FACE_BOUND('',#1091,.T.);
#170=FACE_BOUND('',#1092,.T.);
#171=FACE_BOUND('',#1093,.T.);
#172=FACE_BOUND('',#1094,.T.);
#173=FACE_BOUND('',#1095,.T.);
#174=FACE_BOUND('',#1096,.T.);
#175=FACE_BOUND('',#1097,.T.);
#176=FACE_BOUND('',#1099,.T.);
#177=FACE_BOUND('',#1100,.T.);
#178=FACE_BOUND('',#1101,.T.);
#179=FACE_BOUND('',#1102,.T.);
#180=FACE_BOUND('',#1103,.T.);
#181=FACE_BOUND('',#1104,.T.);
#182=FACE_BOUND('',#1105,.T.);
#183=FACE_BOUND('',#1106,.T.);
#184=FACE_BOUND('',#1107,.T.);
#185=FACE_BOUND('',#1108,.T.);
#186=FACE_BOUND('',#1109,.T.);
#187=FACE_BOUND('',#1110,.T.);
#188=FACE_BOUND('',#1111,.T.);
#189=FACE_BOUND('',#1112,.T.);
#190=FACE_BOUND('',#1113,.T.);
#191=FACE_BOUND('',#1146,.T.);
#192=FACE_BOUND('',#1147,.T.);
#193=FACE_BOUND('',#1148,.T.);
#194=FACE_BOUND('',#1149,.T.);
#195=FACE_BOUND('',#1150,.T.);
#196=FACE_BOUND('',#1151,.T.);
#197=FACE_BOUND('',#1152,.T.);
#198=FACE_BOUND('',#1153,.T.);
#199=FACE_BOUND('',#1154,.T.);
#200=FACE_BOUND('',#1155,.T.);
#201=FACE_BOUND('',#1156,.T.);
#202=FACE_BOUND('',#1157,.T.);
#203=FACE_BOUND('',#1158,.T.);
#204=FACE_BOUND('',#1159,.T.);
#205=FACE_BOUND('',#1160,.T.);
#206=FACE_BOUND('',#1162,.T.);
#207=FACE_BOUND('',#1163,.T.);
#208=FACE_BOUND('',#1164,.T.);
#209=FACE_BOUND('',#1165,.T.);
#210=FACE_BOUND('',#1166,.T.);
#211=FACE_BOUND('',#1167,.T.);
#212=FACE_BOUND('',#1168,.T.);
#213=FACE_BOUND('',#1169,.T.);
#214=FACE_BOUND('',#1170,.T.);
#215=FACE_BOUND('',#1171,.T.);
#216=FACE_BOUND('',#1172,.T.);
#217=FACE_BOUND('',#1173,.T.);
#218=FACE_BOUND('',#1174,.T.);
#219=FACE_BOUND('',#1175,.T.);
#220=FACE_BOUND('',#1176,.T.);
#221=FACE_BOUND('',#1180,.T.);
#222=FACE_BOUND('',#1184,.T.);
#223=FACE_BOUND('',#1188,.T.);
#224=FACE_BOUND('',#1192,.T.);
#225=FACE_BOUND('',#1196,.T.);
#226=FACE_BOUND('',#1200,.T.);
#227=FACE_BOUND('',#1204,.T.);
#228=FACE_BOUND('',#1208,.T.);
#229=FACE_BOUND('',#1212,.T.);
#230=FACE_BOUND('',#1216,.T.);
#231=FACE_BOUND('',#1220,.T.);
#232=FACE_BOUND('',#1224,.T.);
#233=FACE_BOUND('',#1228,.T.);
#234=FACE_BOUND('',#1232,.T.);
#235=FACE_BOUND('',#1250,.T.);
#236=FACE_BOUND('',#1251,.T.);
#237=FACE_BOUND('',#1252,.T.);
#238=FACE_BOUND('',#1253,.T.);
#239=FACE_BOUND('',#1254,.T.);
#240=FACE_BOUND('',#1255,.T.);
#241=FACE_BOUND('',#1256,.T.);
#242=FACE_BOUND('',#1257,.T.);
#243=FACE_BOUND('',#1258,.T.);
#244=FACE_BOUND('',#1259,.T.);
#245=FACE_BOUND('',#1260,.T.);
#246=FACE_BOUND('',#1261,.T.);
#247=FACE_BOUND('',#1262,.T.);
#248=FACE_BOUND('',#1263,.T.);
#249=FACE_BOUND('',#1264,.T.);
#250=FACE_BOUND('',#1266,.T.);
#251=FACE_BOUND('',#1267,.T.);
#252=FACE_BOUND('',#1268,.T.);
#253=FACE_BOUND('',#1269,.T.);
#254=FACE_BOUND('',#1270,.T.);
#255=FACE_BOUND('',#1271,.T.);
#256=FACE_BOUND('',#1272,.T.);
#257=FACE_BOUND('',#1273,.T.);
#258=FACE_BOUND('',#1274,.T.);
#259=FACE_BOUND('',#1275,.T.);
#260=FACE_BOUND('',#1276,.T.);
#261=FACE_BOUND('',#1277,.T.);
#262=FACE_BOUND('',#1278,.T.);
#263=FACE_BOUND('',#1279,.T.);
#264=FACE_BOUND('',#1280,.T.);
#265=PLANE('',#5824);
#266=PLANE('',#5828);
#267=PLANE('',#5832);
#268=PLANE('',#5836);
#269=PLANE('',#5840);
#270=PLANE('',#5844);
#271=PLANE('',#5848);
#272=PLANE('',#5852);
#273=PLANE('',#5856);
#274=PLANE('',#5857);
#275=PLANE('',#5903);
#276=PLANE('',#5907);
#277=PLANE('',#5911);
#278=PLANE('',#5915);
#279=PLANE('',#5919);
#280=PLANE('',#5923);
#281=PLANE('',#5927);
#282=PLANE('',#5931);
#283=PLANE('',#5935);
#284=PLANE('',#5936);
#285=PLANE('',#5943);
#286=PLANE('',#5950);
#287=PLANE('',#5957);
#288=PLANE('',#5964);
#289=PLANE('',#5971);
#290=PLANE('',#5978);
#291=PLANE('',#5985);
#292=PLANE('',#5992);
#293=PLANE('',#5999);
#294=PLANE('',#6006);
#295=PLANE('',#6013);
#296=PLANE('',#6020);
#297=PLANE('',#6027);
#298=PLANE('',#6034);
#299=PLANE('',#6035);
#300=PLANE('',#6039);
#301=PLANE('',#6043);
#302=PLANE('',#6047);
#303=PLANE('',#6051);
#304=PLANE('',#6055);
#305=PLANE('',#6059);
#306=PLANE('',#6063);
#307=PLANE('',#6067);
#308=PLANE('',#6068);
#309=PLANE('',#6072);
#310=PLANE('',#6076);
#311=PLANE('',#6080);
#312=PLANE('',#6084);
#313=PLANE('',#6088);
#314=PLANE('',#6092);
#315=PLANE('',#6096);
#316=PLANE('',#6100);
#317=PLANE('',#6104);
#318=PLANE('',#6108);
#319=PLANE('',#6112);
#320=PLANE('',#6116);
#321=PLANE('',#6120);
#322=PLANE('',#6124);
#323=PLANE('',#6128);
#324=PLANE('',#6132);
#325=PLANE('',#6136);
#326=PLANE('',#6140);
#327=PLANE('',#6144);
#328=PLANE('',#6148);
#329=PLANE('',#6152);
#330=PLANE('',#6156);
#331=PLANE('',#6160);
#332=PLANE('',#6164);
#333=PLANE('',#6168);
#334=PLANE('',#6172);
#335=PLANE('',#6176);
#336=PLANE('',#6180);
#337=PLANE('',#6181);
#338=PLANE('',#6185);
#339=PLANE('',#6189);
#340=PLANE('',#6193);
#341=PLANE('',#6197);
#342=PLANE('',#6201);
#343=PLANE('',#6205);
#344=PLANE('',#6209);
#345=PLANE('',#6213);
#346=PLANE('',#6214);
#347=PLANE('',#6260);
#348=PLANE('',#6264);
#349=PLANE('',#6268);
#350=PLANE('',#6272);
#351=PLANE('',#6276);
#352=PLANE('',#6280);
#353=PLANE('',#6284);
#354=PLANE('',#6288);
#355=PLANE('',#6292);
#356=PLANE('',#6293);
#357=PLANE('',#6339);
#358=PLANE('',#6343);
#359=PLANE('',#6347);
#360=PLANE('',#6351);
#361=PLANE('',#6355);
#362=PLANE('',#6359);
#363=PLANE('',#6363);
#364=PLANE('',#6367);
#365=PLANE('',#6371);
#366=PLANE('',#6372);
#367=PLANE('',#6379);
#368=PLANE('',#6386);
#369=PLANE('',#6393);
#370=PLANE('',#6400);
#371=PLANE('',#6407);
#372=PLANE('',#6414);
#373=PLANE('',#6421);
#374=PLANE('',#6428);
#375=PLANE('',#6435);
#376=PLANE('',#6442);
#377=PLANE('',#6449);
#378=PLANE('',#6456);
#379=PLANE('',#6463);
#380=PLANE('',#6470);
#381=PLANE('',#6471);
#382=PLANE('',#6475);
#383=PLANE('',#6479);
#384=PLANE('',#6483);
#385=PLANE('',#6487);
#386=PLANE('',#6491);
#387=PLANE('',#6495);
#388=PLANE('',#6499);
#389=PLANE('',#6503);
#390=PLANE('',#6504);
#391=FACE_OUTER_BOUND('',#717,.T.);
#392=FACE_OUTER_BOUND('',#718,.T.);
#393=FACE_OUTER_BOUND('',#719,.T.);
#394=FACE_OUTER_BOUND('',#720,.T.);
#395=FACE_OUTER_BOUND('',#721,.T.);
#396=FACE_OUTER_BOUND('',#722,.T.);
#397=FACE_OUTER_BOUND('',#723,.T.);
#398=FACE_OUTER_BOUND('',#724,.T.);
#399=FACE_OUTER_BOUND('',#725,.T.);
#400=FACE_OUTER_BOUND('',#726,.T.);
#401=FACE_OUTER_BOUND('',#727,.T.);
#402=FACE_OUTER_BOUND('',#728,.T.);
#403=FACE_OUTER_BOUND('',#729,.T.);
#404=FACE_OUTER_BOUND('',#730,.T.);
#405=FACE_OUTER_BOUND('',#731,.T.);
#406=FACE_OUTER_BOUND('',#732,.T.);
#407=FACE_OUTER_BOUND('',#733,.T.);
#408=FACE_OUTER_BOUND('',#734,.T.);
#409=FACE_OUTER_BOUND('',#735,.T.);
#410=FACE_OUTER_BOUND('',#736,.T.);
#411=FACE_OUTER_BOUND('',#737,.T.);
#412=FACE_OUTER_BOUND('',#738,.T.);
#413=FACE_OUTER_BOUND('',#739,.T.);
#414=FACE_OUTER_BOUND('',#740,.T.);
#415=FACE_OUTER_BOUND('',#741,.T.);
#416=FACE_OUTER_BOUND('',#742,.T.);
#417=FACE_OUTER_BOUND('',#743,.T.);
#418=FACE_OUTER_BOUND('',#744,.T.);
#419=FACE_OUTER_BOUND('',#745,.T.);
#420=FACE_OUTER_BOUND('',#746,.T.);
#421=FACE_OUTER_BOUND('',#747,.T.);
#422=FACE_OUTER_BOUND('',#748,.T.);
#423=FACE_OUTER_BOUND('',#764,.T.);
#424=FACE_OUTER_BOUND('',#780,.T.);
#425=FACE_OUTER_BOUND('',#781,.T.);
#426=FACE_OUTER_BOUND('',#782,.T.);
#427=FACE_OUTER_BOUND('',#783,.T.);
#428=FACE_OUTER_BOUND('',#784,.T.);
#429=FACE_OUTER_BOUND('',#785,.T.);
#430=FACE_OUTER_BOUND('',#786,.T.);
#431=FACE_OUTER_BOUND('',#787,.T.);
#432=FACE_OUTER_BOUND('',#788,.T.);
#433=FACE_OUTER_BOUND('',#789,.T.);
#434=FACE_OUTER_BOUND('',#790,.T.);
#435=FACE_OUTER_BOUND('',#791,.T.);
#436=FACE_OUTER_BOUND('',#792,.T.);
#437=FACE_OUTER_BOUND('',#793,.T.);
#438=FACE_OUTER_BOUND('',#794,.T.);
#439=FACE_OUTER_BOUND('',#795,.T.);
#440=FACE_OUTER_BOUND('',#796,.T.);
#441=FACE_OUTER_BOUND('',#797,.T.);
#442=FACE_OUTER_BOUND('',#798,.T.);
#443=FACE_OUTER_BOUND('',#799,.T.);
#444=FACE_OUTER_BOUND('',#800,.T.);
#445=FACE_OUTER_BOUND('',#801,.T.);
#446=FACE_OUTER_BOUND('',#802,.T.);
#447=FACE_OUTER_BOUND('',#803,.T.);
#448=FACE_OUTER_BOUND('',#804,.T.);
#449=FACE_OUTER_BOUND('',#805,.T.);
#450=FACE_OUTER_BOUND('',#806,.T.);
#451=FACE_OUTER_BOUND('',#807,.T.);
#452=FACE_OUTER_BOUND('',#808,.T.);
#453=FACE_OUTER_BOUND('',#809,.T.);
#454=FACE_OUTER_BOUND('',#810,.T.);
#455=FACE_OUTER_BOUND('',#811,.T.);
#456=FACE_OUTER_BOUND('',#827,.T.);
#457=FACE_OUTER_BOUND('',#843,.T.);
#458=FACE_OUTER_BOUND('',#844,.T.);
#459=FACE_OUTER_BOUND('',#845,.T.);
#460=FACE_OUTER_BOUND('',#847,.T.);
#461=FACE_OUTER_BOUND('',#848,.T.);
#462=FACE_OUTER_BOUND('',#849,.T.);
#463=FACE_OUTER_BOUND('',#851,.T.);
#464=FACE_OUTER_BOUND('',#852,.T.);
#465=FACE_OUTER_BOUND('',#853,.T.);
#466=FACE_OUTER_BOUND('',#855,.T.);
#467=FACE_OUTER_BOUND('',#856,.T.);
#468=FACE_OUTER_BOUND('',#857,.T.);
#469=FACE_OUTER_BOUND('',#859,.T.);
#470=FACE_OUTER_BOUND('',#860,.T.);
#471=FACE_OUTER_BOUND('',#861,.T.);
#472=FACE_OUTER_BOUND('',#863,.T.);
#473=FACE_OUTER_BOUND('',#864,.T.);
#474=FACE_OUTER_BOUND('',#865,.T.);
#475=FACE_OUTER_BOUND('',#867,.T.);
#476=FACE_OUTER_BOUND('',#868,.T.);
#477=FACE_OUTER_BOUND('',#869,.T.);
#478=FACE_OUTER_BOUND('',#871,.T.);
#479=FACE_OUTER_BOUND('',#872,.T.);
#480=FACE_OUTER_BOUND('',#873,.T.);
#481=FACE_OUTER_BOUND('',#875,.T.);
#482=FACE_OUTER_BOUND('',#876,.T.);
#483=FACE_OUTER_BOUND('',#877,.T.);
#484=FACE_OUTER_BOUND('',#879,.T.);
#485=FACE_OUTER_BOUND('',#880,.T.);
#486=FACE_OUTER_BOUND('',#881,.T.);
#487=FACE_OUTER_BOUND('',#883,.T.);
#488=FACE_OUTER_BOUND('',#884,.T.);
#489=FACE_OUTER_BOUND('',#885,.T.);
#490=FACE_OUTER_BOUND('',#887,.T.);
#491=FACE_OUTER_BOUND('',#888,.T.);
#492=FACE_OUTER_BOUND('',#889,.T.);
#493=FACE_OUTER_BOUND('',#891,.T.);
#494=FACE_OUTER_BOUND('',#892,.T.);
#495=FACE_OUTER_BOUND('',#893,.T.);
#496=FACE_OUTER_BOUND('',#895,.T.);
#497=FACE_OUTER_BOUND('',#896,.T.);
#498=FACE_OUTER_BOUND('',#897,.T.);
#499=FACE_OUTER_BOUND('',#899,.T.);
#500=FACE_OUTER_BOUND('',#900,.T.);
#501=FACE_OUTER_BOUND('',#901,.T.);
#502=FACE_OUTER_BOUND('',#902,.T.);
#503=FACE_OUTER_BOUND('',#903,.T.);
#504=FACE_OUTER_BOUND('',#904,.T.);
#505=FACE_OUTER_BOUND('',#905,.T.);
#506=FACE_OUTER_BOUND('',#906,.T.);
#507=FACE_OUTER_BOUND('',#907,.T.);
#508=FACE_OUTER_BOUND('',#908,.T.);
#509=FACE_OUTER_BOUND('',#909,.T.);
#510=FACE_OUTER_BOUND('',#910,.T.);
#511=FACE_OUTER_BOUND('',#911,.T.);
#512=FACE_OUTER_BOUND('',#912,.T.);
#513=FACE_OUTER_BOUND('',#913,.T.);
#514=FACE_OUTER_BOUND('',#914,.T.);
#515=FACE_OUTER_BOUND('',#915,.T.);
#516=FACE_OUTER_BOUND('',#931,.T.);
#517=FACE_OUTER_BOUND('',#947,.T.);
#518=FACE_OUTER_BOUND('',#948,.T.);
#519=FACE_OUTER_BOUND('',#949,.T.);
#520=FACE_OUTER_BOUND('',#950,.T.);
#521=FACE_OUTER_BOUND('',#951,.T.);
#522=FACE_OUTER_BOUND('',#952,.T.);
#523=FACE_OUTER_BOUND('',#953,.T.);
#524=FACE_OUTER_BOUND('',#954,.T.);
#525=FACE_OUTER_BOUND('',#955,.T.);
#526=FACE_OUTER_BOUND('',#956,.T.);
#527=FACE_OUTER_BOUND('',#957,.T.);
#528=FACE_OUTER_BOUND('',#958,.T.);
#529=FACE_OUTER_BOUND('',#959,.T.);
#530=FACE_OUTER_BOUND('',#960,.T.);
#531=FACE_OUTER_BOUND('',#961,.T.);
#532=FACE_OUTER_BOUND('',#962,.T.);
#533=FACE_OUTER_BOUND('',#963,.T.);
#534=FACE_OUTER_BOUND('',#964,.T.);
#535=FACE_OUTER_BOUND('',#965,.T.);
#536=FACE_OUTER_BOUND('',#966,.T.);
#537=FACE_OUTER_BOUND('',#967,.T.);
#538=FACE_OUTER_BOUND('',#968,.T.);
#539=FACE_OUTER_BOUND('',#969,.T.);
#540=FACE_OUTER_BOUND('',#970,.T.);
#541=FACE_OUTER_BOUND('',#971,.T.);
#542=FACE_OUTER_BOUND('',#972,.T.);
#543=FACE_OUTER_BOUND('',#973,.T.);
#544=FACE_OUTER_BOUND('',#974,.T.);
#545=FACE_OUTER_BOUND('',#975,.T.);
#546=FACE_OUTER_BOUND('',#976,.T.);
#547=FACE_OUTER_BOUND('',#977,.T.);
#548=FACE_OUTER_BOUND('',#978,.T.);
#549=FACE_OUTER_BOUND('',#979,.T.);
#550=FACE_OUTER_BOUND('',#980,.T.);
#551=FACE_OUTER_BOUND('',#981,.T.);
#552=FACE_OUTER_BOUND('',#982,.T.);
#553=FACE_OUTER_BOUND('',#983,.T.);
#554=FACE_OUTER_BOUND('',#984,.T.);
#555=FACE_OUTER_BOUND('',#985,.T.);
#556=FACE_OUTER_BOUND('',#986,.T.);
#557=FACE_OUTER_BOUND('',#987,.T.);
#558=FACE_OUTER_BOUND('',#988,.T.);
#559=FACE_OUTER_BOUND('',#989,.T.);
#560=FACE_OUTER_BOUND('',#990,.T.);
#561=FACE_OUTER_BOUND('',#991,.T.);
#562=FACE_OUTER_BOUND('',#992,.T.);
#563=FACE_OUTER_BOUND('',#993,.T.);
#564=FACE_OUTER_BOUND('',#994,.T.);
#565=FACE_OUTER_BOUND('',#995,.T.);
#566=FACE_OUTER_BOUND('',#996,.T.);
#567=FACE_OUTER_BOUND('',#997,.T.);
#568=FACE_OUTER_BOUND('',#998,.T.);
#569=FACE_OUTER_BOUND('',#999,.T.);
#570=FACE_OUTER_BOUND('',#1000,.T.);
#571=FACE_OUTER_BOUND('',#1001,.T.);
#572=FACE_OUTER_BOUND('',#1002,.T.);
#573=FACE_OUTER_BOUND('',#1003,.T.);
#574=FACE_OUTER_BOUND('',#1004,.T.);
#575=FACE_OUTER_BOUND('',#1005,.T.);
#576=FACE_OUTER_BOUND('',#1006,.T.);
#577=FACE_OUTER_BOUND('',#1007,.T.);
#578=FACE_OUTER_BOUND('',#1008,.T.);
#579=FACE_OUTER_BOUND('',#1009,.T.);
#580=FACE_OUTER_BOUND('',#1010,.T.);
#581=FACE_OUTER_BOUND('',#1011,.T.);
#582=FACE_OUTER_BOUND('',#1012,.T.);
#583=FACE_OUTER_BOUND('',#1013,.T.);
#584=FACE_OUTER_BOUND('',#1014,.T.);
#585=FACE_OUTER_BOUND('',#1015,.T.);
#586=FACE_OUTER_BOUND('',#1016,.T.);
#587=FACE_OUTER_BOUND('',#1017,.T.);
#588=FACE_OUTER_BOUND('',#1018,.T.);
#589=FACE_OUTER_BOUND('',#1019,.T.);
#590=FACE_OUTER_BOUND('',#1035,.T.);
#591=FACE_OUTER_BOUND('',#1051,.T.);
#592=FACE_OUTER_BOUND('',#1052,.T.);
#593=FACE_OUTER_BOUND('',#1053,.T.);
#594=FACE_OUTER_BOUND('',#1054,.T.);
#595=FACE_OUTER_BOUND('',#1055,.T.);
#596=FACE_OUTER_BOUND('',#1056,.T.);
#597=FACE_OUTER_BOUND('',#1057,.T.);
#598=FACE_OUTER_BOUND('',#1058,.T.);
#599=FACE_OUTER_BOUND('',#1059,.T.);
#600=FACE_OUTER_BOUND('',#1060,.T.);
#601=FACE_OUTER_BOUND('',#1061,.T.);
#602=FACE_OUTER_BOUND('',#1062,.T.);
#603=FACE_OUTER_BOUND('',#1063,.T.);
#604=FACE_OUTER_BOUND('',#1064,.T.);
#605=FACE_OUTER_BOUND('',#1065,.T.);
#606=FACE_OUTER_BOUND('',#1066,.T.);
#607=FACE_OUTER_BOUND('',#1067,.T.);
#608=FACE_OUTER_BOUND('',#1068,.T.);
#609=FACE_OUTER_BOUND('',#1069,.T.);
#610=FACE_OUTER_BOUND('',#1070,.T.);
#611=FACE_OUTER_BOUND('',#1071,.T.);
#612=FACE_OUTER_BOUND('',#1072,.T.);
#613=FACE_OUTER_BOUND('',#1073,.T.);
#614=FACE_OUTER_BOUND('',#1074,.T.);
#615=FACE_OUTER_BOUND('',#1075,.T.);
#616=FACE_OUTER_BOUND('',#1076,.T.);
#617=FACE_OUTER_BOUND('',#1077,.T.);
#618=FACE_OUTER_BOUND('',#1078,.T.);
#619=FACE_OUTER_BOUND('',#1079,.T.);
#620=FACE_OUTER_BOUND('',#1080,.T.);
#621=FACE_OUTER_BOUND('',#1081,.T.);
#622=FACE_OUTER_BOUND('',#1082,.T.);
#623=FACE_OUTER_BOUND('',#1098,.T.);
#624=FACE_OUTER_BOUND('',#1114,.T.);
#625=FACE_OUTER_BOUND('',#1115,.T.);
#626=FACE_OUTER_BOUND('',#1116,.T.);
#627=FACE_OUTER_BOUND('',#1117,.T.);
#628=FACE_OUTER_BOUND('',#1118,.T.);
#629=FACE_OUTER_BOUND('',#1119,.T.);
#630=FACE_OUTER_BOUND('',#1120,.T.);
#631=FACE_OUTER_BOUND('',#1121,.T.);
#632=FACE_OUTER_BOUND('',#1122,.T.);
#633=FACE_OUTER_BOUND('',#1123,.T.);
#634=FACE_OUTER_BOUND('',#1124,.T.);
#635=FACE_OUTER_BOUND('',#1125,.T.);
#636=FACE_OUTER_BOUND('',#1126,.T.);
#637=FACE_OUTER_BOUND('',#1127,.T.);
#638=FACE_OUTER_BOUND('',#1128,.T.);
#639=FACE_OUTER_BOUND('',#1129,.T.);
#640=FACE_OUTER_BOUND('',#1130,.T.);
#641=FACE_OUTER_BOUND('',#1131,.T.);
#642=FACE_OUTER_BOUND('',#1132,.T.);
#643=FACE_OUTER_BOUND('',#1133,.T.);
#644=FACE_OUTER_BOUND('',#1134,.T.);
#645=FACE_OUTER_BOUND('',#1135,.T.);
#646=FACE_OUTER_BOUND('',#1136,.T.);
#647=FACE_OUTER_BOUND('',#1137,.T.);
#648=FACE_OUTER_BOUND('',#1138,.T.);
#649=FACE_OUTER_BOUND('',#1139,.T.);
#650=FACE_OUTER_BOUND('',#1140,.T.);
#651=FACE_OUTER_BOUND('',#1141,.T.);
#652=FACE_OUTER_BOUND('',#1142,.T.);
#653=FACE_OUTER_BOUND('',#1143,.T.);
#654=FACE_OUTER_BOUND('',#1144,.T.);
#655=FACE_OUTER_BOUND('',#1145,.T.);
#656=FACE_OUTER_BOUND('',#1161,.T.);
#657=FACE_OUTER_BOUND('',#1177,.T.);
#658=FACE_OUTER_BOUND('',#1178,.T.);
#659=FACE_OUTER_BOUND('',#1179,.T.);
#660=FACE_OUTER_BOUND('',#1181,.T.);
#661=FACE_OUTER_BOUND('',#1182,.T.);
#662=FACE_OUTER_BOUND('',#1183,.T.);
#663=FACE_OUTER_BOUND('',#1185,.T.);
#664=FACE_OUTER_BOUND('',#1186,.T.);
#665=FACE_OUTER_BOUND('',#1187,.T.);
#666=FACE_OUTER_BOUND('',#1189,.T.);
#667=FACE_OUTER_BOUND('',#1190,.T.);
#668=FACE_OUTER_BOUND('',#1191,.T.);
#669=FACE_OUTER_BOUND('',#1193,.T.);
#670=FACE_OUTER_BOUND('',#1194,.T.);
#671=FACE_OUTER_BOUND('',#1195,.T.);
#672=FACE_OUTER_BOUND('',#1197,.T.);
#673=FACE_OUTER_BOUND('',#1198,.T.);
#674=FACE_OUTER_BOUND('',#1199,.T.);
#675=FACE_OUTER_BOUND('',#1201,.T.);
#676=FACE_OUTER_BOUND('',#1202,.T.);
#677=FACE_OUTER_BOUND('',#1203,.T.);
#678=FACE_OUTER_BOUND('',#1205,.T.);
#679=FACE_OUTER_BOUND('',#1206,.T.);
#680=FACE_OUTER_BOUND('',#1207,.T.);
#681=FACE_OUTER_BOUND('',#1209,.T.);
#682=FACE_OUTER_BOUND('',#1210,.T.);
#683=FACE_OUTER_BOUND('',#1211,.T.);
#684=FACE_OUTER_BOUND('',#1213,.T.);
#685=FACE_OUTER_BOUND('',#1214,.T.);
#686=FACE_OUTER_BOUND('',#1215,.T.);
#687=FACE_OUTER_BOUND('',#1217,.T.);
#688=FACE_OUTER_BOUND('',#1218,.T.);
#689=FACE_OUTER_BOUND('',#1219,.T.);
#690=FACE_OUTER_BOUND('',#1221,.T.);
#691=FACE_OUTER_BOUND('',#1222,.T.);
#692=FACE_OUTER_BOUND('',#1223,.T.);
#693=FACE_OUTER_BOUND('',#1225,.T.);
#694=FACE_OUTER_BOUND('',#1226,.T.);
#695=FACE_OUTER_BOUND('',#1227,.T.);
#696=FACE_OUTER_BOUND('',#1229,.T.);
#697=FACE_OUTER_BOUND('',#1230,.T.);
#698=FACE_OUTER_BOUND('',#1231,.T.);
#699=FACE_OUTER_BOUND('',#1233,.T.);
#700=FACE_OUTER_BOUND('',#1234,.T.);
#701=FACE_OUTER_BOUND('',#1235,.T.);
#702=FACE_OUTER_BOUND('',#1236,.T.);
#703=FACE_OUTER_BOUND('',#1237,.T.);
#704=FACE_OUTER_BOUND('',#1238,.T.);
#705=FACE_OUTER_BOUND('',#1239,.T.);
#706=FACE_OUTER_BOUND('',#1240,.T.);
#707=FACE_OUTER_BOUND('',#1241,.T.);
#708=FACE_OUTER_BOUND('',#1242,.T.);
#709=FACE_OUTER_BOUND('',#1243,.T.);
#710=FACE_OUTER_BOUND('',#1244,.T.);
#711=FACE_OUTER_BOUND('',#1245,.T.);
#712=FACE_OUTER_BOUND('',#1246,.T.);
#713=FACE_OUTER_BOUND('',#1247,.T.);
#714=FACE_OUTER_BOUND('',#1248,.T.);
#715=FACE_OUTER_BOUND('',#1249,.T.);
#716=FACE_OUTER_BOUND('',#1265,.T.);
#717=EDGE_LOOP('',(#3697,#3698,#3699,#3700));
#718=EDGE_LOOP('',(#3701,#3702,#3703,#3704));
#719=EDGE_LOOP('',(#3705,#3706,#3707,#3708));
#720=EDGE_LOOP('',(#3709,#3710,#3711,#3712));
#721=EDGE_LOOP('',(#3713,#3714,#3715,#3716));
#722=EDGE_LOOP('',(#3717,#3718,#3719,#3720));
#723=EDGE_LOOP('',(#3721,#3722,#3723,#3724));
#724=EDGE_LOOP('',(#3725,#3726,#3727,#3728));
#725=EDGE_LOOP('',(#3729,#3730,#3731,#3732));
#726=EDGE_LOOP('',(#3733,#3734,#3735,#3736));
#727=EDGE_LOOP('',(#3737,#3738,#3739,#3740));
#728=EDGE_LOOP('',(#3741,#3742,#3743,#3744));
#729=EDGE_LOOP('',(#3745,#3746,#3747,#3748));
#730=EDGE_LOOP('',(#3749,#3750,#3751,#3752));
#731=EDGE_LOOP('',(#3753,#3754,#3755,#3756));
#732=EDGE_LOOP('',(#3757,#3758,#3759,#3760));
#733=EDGE_LOOP('',(#3761,#3762,#3763,#3764));
#734=EDGE_LOOP('',(#3765,#3766,#3767,#3768));
#735=EDGE_LOOP('',(#3769,#3770,#3771,#3772));
#736=EDGE_LOOP('',(#3773,#3774,#3775,#3776));
#737=EDGE_LOOP('',(#3777,#3778,#3779,#3780));
#738=EDGE_LOOP('',(#3781,#3782,#3783,#3784));
#739=EDGE_LOOP('',(#3785,#3786,#3787,#3788));
#740=EDGE_LOOP('',(#3789,#3790,#3791,#3792));
#741=EDGE_LOOP('',(#3793,#3794,#3795,#3796));
#742=EDGE_LOOP('',(#3797,#3798,#3799,#3800));
#743=EDGE_LOOP('',(#3801,#3802,#3803,#3804));
#744=EDGE_LOOP('',(#3805,#3806,#3807,#3808));
#745=EDGE_LOOP('',(#3809,#3810,#3811,#3812));
#746=EDGE_LOOP('',(#3813,#3814,#3815,#3816));
#747=EDGE_LOOP('',(#3817,#3818,#3819,#3820));
#748=EDGE_LOOP('',(#3821,#3822,#3823,#3824,#3825,#3826,#3827,#3828));
#749=EDGE_LOOP('',(#3829));
#750=EDGE_LOOP('',(#3830));
#751=EDGE_LOOP('',(#3831));
#752=EDGE_LOOP('',(#3832));
#753=EDGE_LOOP('',(#3833,#3834,#3835,#3836,#3837,#3838,#3839,#3840));
#754=EDGE_LOOP('',(#3841,#3842));
#755=EDGE_LOOP('',(#3843));
#756=EDGE_LOOP('',(#3844));
#757=EDGE_LOOP('',(#3845));
#758=EDGE_LOOP('',(#3846));
#759=EDGE_LOOP('',(#3847));
#760=EDGE_LOOP('',(#3848));
#761=EDGE_LOOP('',(#3849));
#762=EDGE_LOOP('',(#3850));
#763=EDGE_LOOP('',(#3851));
#764=EDGE_LOOP('',(#3852,#3853,#3854,#3855,#3856,#3857,#3858,#3859));
#765=EDGE_LOOP('',(#3860));
#766=EDGE_LOOP('',(#3861));
#767=EDGE_LOOP('',(#3862));
#768=EDGE_LOOP('',(#3863));
#769=EDGE_LOOP('',(#3864,#3865,#3866,#3867,#3868,#3869,#3870,#3871));
#770=EDGE_LOOP('',(#3872));
#771=EDGE_LOOP('',(#3873));
#772=EDGE_LOOP('',(#3874));
#773=EDGE_LOOP('',(#3875));
#774=EDGE_LOOP('',(#3876));
#775=EDGE_LOOP('',(#3877));
#776=EDGE_LOOP('',(#3878));
#777=EDGE_LOOP('',(#3879));
#778=EDGE_LOOP('',(#3880));
#779=EDGE_LOOP('',(#3881,#3882));
#780=EDGE_LOOP('',(#3883,#3884,#3885,#3886));
#781=EDGE_LOOP('',(#3887,#3888,#3889,#3890));
#782=EDGE_LOOP('',(#3891,#3892,#3893,#3894));
#783=EDGE_LOOP('',(#3895,#3896,#3897,#3898));
#784=EDGE_LOOP('',(#3899,#3900,#3901,#3902));
#785=EDGE_LOOP('',(#3903,#3904,#3905,#3906));
#786=EDGE_LOOP('',(#3907,#3908,#3909,#3910));
#787=EDGE_LOOP('',(#3911,#3912,#3913,#3914));
#788=EDGE_LOOP('',(#3915,#3916,#3917,#3918));
#789=EDGE_LOOP('',(#3919,#3920,#3921,#3922));
#790=EDGE_LOOP('',(#3923,#3924,#3925,#3926));
#791=EDGE_LOOP('',(#3927,#3928,#3929,#3930));
#792=EDGE_LOOP('',(#3931,#3932,#3933,#3934));
#793=EDGE_LOOP('',(#3935,#3936,#3937,#3938));
#794=EDGE_LOOP('',(#3939,#3940,#3941,#3942));
#795=EDGE_LOOP('',(#3943,#3944,#3945,#3946));
#796=EDGE_LOOP('',(#3947,#3948,#3949,#3950));
#797=EDGE_LOOP('',(#3951,#3952,#3953,#3954));
#798=EDGE_LOOP('',(#3955,#3956,#3957,#3958));
#799=EDGE_LOOP('',(#3959,#3960,#3961,#3962));
#800=EDGE_LOOP('',(#3963,#3964,#3965,#3966));
#801=EDGE_LOOP('',(#3967,#3968,#3969,#3970));
#802=EDGE_LOOP('',(#3971,#3972,#3973,#3974));
#803=EDGE_LOOP('',(#3975,#3976,#3977,#3978));
#804=EDGE_LOOP('',(#3979,#3980,#3981,#3982));
#805=EDGE_LOOP('',(#3983,#3984,#3985,#3986));
#806=EDGE_LOOP('',(#3987,#3988,#3989,#3990));
#807=EDGE_LOOP('',(#3991,#3992,#3993,#3994));
#808=EDGE_LOOP('',(#3995,#3996,#3997,#3998));
#809=EDGE_LOOP('',(#3999,#4000,#4001,#4002));
#810=EDGE_LOOP('',(#4003,#4004,#4005,#4006));
#811=EDGE_LOOP('',(#4007,#4008,#4009,#4010,#4011,#4012,#4013,#4014));
#812=EDGE_LOOP('',(#4015));
#813=EDGE_LOOP('',(#4016));
#814=EDGE_LOOP('',(#4017));
#815=EDGE_LOOP('',(#4018));
#816=EDGE_LOOP('',(#4019,#4020,#4021,#4022,#4023,#4024,#4025,#4026));
#817=EDGE_LOOP('',(#4027,#4028));
#818=EDGE_LOOP('',(#4029));
#819=EDGE_LOOP('',(#4030));
#820=EDGE_LOOP('',(#4031));
#821=EDGE_LOOP('',(#4032));
#822=EDGE_LOOP('',(#4033));
#823=EDGE_LOOP('',(#4034));
#824=EDGE_LOOP('',(#4035));
#825=EDGE_LOOP('',(#4036));
#826=EDGE_LOOP('',(#4037));
#827=EDGE_LOOP('',(#4038,#4039,#4040,#4041,#4042,#4043,#4044,#4045));
#828=EDGE_LOOP('',(#4046));
#829=EDGE_LOOP('',(#4047));
#830=EDGE_LOOP('',(#4048));
#831=EDGE_LOOP('',(#4049));
#832=EDGE_LOOP('',(#4050,#4051,#4052,#4053,#4054,#4055,#4056,#4057));
#833=EDGE_LOOP('',(#4058));
#834=EDGE_LOOP('',(#4059));
#835=EDGE_LOOP('',(#4060));
#836=EDGE_LOOP('',(#4061));
#837=EDGE_LOOP('',(#4062));
#838=EDGE_LOOP('',(#4063));
#839=EDGE_LOOP('',(#4064));
#840=EDGE_LOOP('',(#4065));
#841=EDGE_LOOP('',(#4066));
#842=EDGE_LOOP('',(#4067,#4068));
#843=EDGE_LOOP('',(#4069,#4070,#4071,#4072));
#844=EDGE_LOOP('',(#4073,#4074,#4075,#4076));
#845=EDGE_LOOP('',(#4077));
#846=EDGE_LOOP('',(#4078));
#847=EDGE_LOOP('',(#4079,#4080,#4081,#4082));
#848=EDGE_LOOP('',(#4083,#4084,#4085,#4086));
#849=EDGE_LOOP('',(#4087));
#850=EDGE_LOOP('',(#4088));
#851=EDGE_LOOP('',(#4089,#4090,#4091,#4092));
#852=EDGE_LOOP('',(#4093,#4094,#4095,#4096));
#853=EDGE_LOOP('',(#4097));
#854=EDGE_LOOP('',(#4098));
#855=EDGE_LOOP('',(#4099,#4100,#4101,#4102));
#856=EDGE_LOOP('',(#4103,#4104,#4105,#4106));
#857=EDGE_LOOP('',(#4107));
#858=EDGE_LOOP('',(#4108));
#859=EDGE_LOOP('',(#4109,#4110,#4111,#4112));
#860=EDGE_LOOP('',(#4113,#4114,#4115,#4116));
#861=EDGE_LOOP('',(#4117));
#862=EDGE_LOOP('',(#4118));
#863=EDGE_LOOP('',(#4119,#4120,#4121,#4122));
#864=EDGE_LOOP('',(#4123,#4124,#4125,#4126));
#865=EDGE_LOOP('',(#4127));
#866=EDGE_LOOP('',(#4128));
#867=EDGE_LOOP('',(#4129,#4130,#4131,#4132));
#868=EDGE_LOOP('',(#4133,#4134,#4135,#4136));
#869=EDGE_LOOP('',(#4137));
#870=EDGE_LOOP('',(#4138));
#871=EDGE_LOOP('',(#4139,#4140,#4141,#4142));
#872=EDGE_LOOP('',(#4143,#4144,#4145,#4146));
#873=EDGE_LOOP('',(#4147));
#874=EDGE_LOOP('',(#4148));
#875=EDGE_LOOP('',(#4149,#4150,#4151,#4152));
#876=EDGE_LOOP('',(#4153,#4154,#4155,#4156));
#877=EDGE_LOOP('',(#4157));
#878=EDGE_LOOP('',(#4158));
#879=EDGE_LOOP('',(#4159,#4160,#4161,#4162));
#880=EDGE_LOOP('',(#4163,#4164,#4165,#4166));
#881=EDGE_LOOP('',(#4167));
#882=EDGE_LOOP('',(#4168));
#883=EDGE_LOOP('',(#4169,#4170,#4171,#4172));
#884=EDGE_LOOP('',(#4173,#4174,#4175,#4176));
#885=EDGE_LOOP('',(#4177));
#886=EDGE_LOOP('',(#4178));
#887=EDGE_LOOP('',(#4179,#4180,#4181,#4182));
#888=EDGE_LOOP('',(#4183,#4184,#4185,#4186));
#889=EDGE_LOOP('',(#4187));
#890=EDGE_LOOP('',(#4188));
#891=EDGE_LOOP('',(#4189,#4190,#4191,#4192));
#892=EDGE_LOOP('',(#4193,#4194,#4195,#4196));
#893=EDGE_LOOP('',(#4197));
#894=EDGE_LOOP('',(#4198));
#895=EDGE_LOOP('',(#4199,#4200,#4201,#4202));
#896=EDGE_LOOP('',(#4203,#4204,#4205,#4206));
#897=EDGE_LOOP('',(#4207));
#898=EDGE_LOOP('',(#4208));
#899=EDGE_LOOP('',(#4209,#4210,#4211,#4212));
#900=EDGE_LOOP('',(#4213,#4214,#4215,#4216));
#901=EDGE_LOOP('',(#4217,#4218,#4219,#4220));
#902=EDGE_LOOP('',(#4221,#4222,#4223,#4224));
#903=EDGE_LOOP('',(#4225,#4226,#4227,#4228));
#904=EDGE_LOOP('',(#4229,#4230,#4231,#4232));
#905=EDGE_LOOP('',(#4233,#4234,#4235,#4236));
#906=EDGE_LOOP('',(#4237,#4238,#4239,#4240));
#907=EDGE_LOOP('',(#4241,#4242,#4243,#4244));
#908=EDGE_LOOP('',(#4245,#4246,#4247,#4248));
#909=EDGE_LOOP('',(#4249,#4250,#4251,#4252));
#910=EDGE_LOOP('',(#4253,#4254,#4255,#4256));
#911=EDGE_LOOP('',(#4257,#4258,#4259,#4260));
#912=EDGE_LOOP('',(#4261,#4262,#4263,#4264));
#913=EDGE_LOOP('',(#4265,#4266,#4267,#4268));
#914=EDGE_LOOP('',(#4269,#4270,#4271,#4272));
#915=EDGE_LOOP('',(#4273,#4274,#4275,#4276,#4277,#4278,#4279,#4280));
#916=EDGE_LOOP('',(#4281));
#917=EDGE_LOOP('',(#4282));
#918=EDGE_LOOP('',(#4283));
#919=EDGE_LOOP('',(#4284));
#920=EDGE_LOOP('',(#4285));
#921=EDGE_LOOP('',(#4286));
#922=EDGE_LOOP('',(#4287));
#923=EDGE_LOOP('',(#4288));
#924=EDGE_LOOP('',(#4289));
#925=EDGE_LOOP('',(#4290));
#926=EDGE_LOOP('',(#4291,#4292,#4293,#4294,#4295,#4296,#4297,#4298));
#927=EDGE_LOOP('',(#4299));
#928=EDGE_LOOP('',(#4300));
#929=EDGE_LOOP('',(#4301));
#930=EDGE_LOOP('',(#4302));
#931=EDGE_LOOP('',(#4303,#4304,#4305,#4306,#4307,#4308,#4309,#4310));
#932=EDGE_LOOP('',(#4311));
#933=EDGE_LOOP('',(#4312));
#934=EDGE_LOOP('',(#4313));
#935=EDGE_LOOP('',(#4314));
#936=EDGE_LOOP('',(#4315));
#937=EDGE_LOOP('',(#4316));
#938=EDGE_LOOP('',(#4317));
#939=EDGE_LOOP('',(#4318));
#940=EDGE_LOOP('',(#4319));
#941=EDGE_LOOP('',(#4320));
#942=EDGE_LOOP('',(#4321,#4322,#4323,#4324,#4325,#4326,#4327,#4328));
#943=EDGE_LOOP('',(#4329));
#944=EDGE_LOOP('',(#4330));
#945=EDGE_LOOP('',(#4331));
#946=EDGE_LOOP('',(#4332));
#947=EDGE_LOOP('',(#4333,#4334,#4335,#4336));
#948=EDGE_LOOP('',(#4337));
#949=EDGE_LOOP('',(#4338,#4339,#4340,#4341));
#950=EDGE_LOOP('',(#4342));
#951=EDGE_LOOP('',(#4343,#4344,#4345,#4346));
#952=EDGE_LOOP('',(#4347));
#953=EDGE_LOOP('',(#4348,#4349,#4350,#4351));
#954=EDGE_LOOP('',(#4352));
#955=EDGE_LOOP('',(#4353,#4354,#4355,#4356));
#956=EDGE_LOOP('',(#4357));
#957=EDGE_LOOP('',(#4358,#4359,#4360,#4361));
#958=EDGE_LOOP('',(#4362));
#959=EDGE_LOOP('',(#4363,#4364,#4365,#4366));
#960=EDGE_LOOP('',(#4367));
#961=EDGE_LOOP('',(#4368,#4369,#4370,#4371));
#962=EDGE_LOOP('',(#4372));
#963=EDGE_LOOP('',(#4373,#4374,#4375,#4376));
#964=EDGE_LOOP('',(#4377));
#965=EDGE_LOOP('',(#4378,#4379,#4380,#4381));
#966=EDGE_LOOP('',(#4382));
#967=EDGE_LOOP('',(#4383,#4384,#4385,#4386));
#968=EDGE_LOOP('',(#4387));
#969=EDGE_LOOP('',(#4388,#4389,#4390,#4391));
#970=EDGE_LOOP('',(#4392));
#971=EDGE_LOOP('',(#4393,#4394,#4395,#4396));
#972=EDGE_LOOP('',(#4397));
#973=EDGE_LOOP('',(#4398,#4399,#4400,#4401));
#974=EDGE_LOOP('',(#4402));
#975=EDGE_LOOP('',(#4403,#4404,#4405,#4406));
#976=EDGE_LOOP('',(#4407));
#977=EDGE_LOOP('',(#4408,#4409,#4410,#4411));
#978=EDGE_LOOP('',(#4412));
#979=EDGE_LOOP('',(#4413,#4414,#4415,#4416));
#980=EDGE_LOOP('',(#4417));
#981=EDGE_LOOP('',(#4418,#4419,#4420,#4421));
#982=EDGE_LOOP('',(#4422));
#983=EDGE_LOOP('',(#4423,#4424,#4425,#4426));
#984=EDGE_LOOP('',(#4427));
#985=EDGE_LOOP('',(#4428,#4429,#4430,#4431));
#986=EDGE_LOOP('',(#4432));
#987=EDGE_LOOP('',(#4433,#4434,#4435,#4436));
#988=EDGE_LOOP('',(#4437));
#989=EDGE_LOOP('',(#4438,#4439,#4440,#4441));
#990=EDGE_LOOP('',(#4442));
#991=EDGE_LOOP('',(#4443,#4444,#4445,#4446));
#992=EDGE_LOOP('',(#4447));
#993=EDGE_LOOP('',(#4448,#4449,#4450,#4451));
#994=EDGE_LOOP('',(#4452));
#995=EDGE_LOOP('',(#4453,#4454,#4455,#4456));
#996=EDGE_LOOP('',(#4457));
#997=EDGE_LOOP('',(#4458,#4459,#4460,#4461));
#998=EDGE_LOOP('',(#4462));
#999=EDGE_LOOP('',(#4463,#4464,#4465,#4466));
#1000=EDGE_LOOP('',(#4467));
#1001=EDGE_LOOP('',(#4468,#4469,#4470,#4471));
#1002=EDGE_LOOP('',(#4472));
#1003=EDGE_LOOP('',(#4473,#4474,#4475,#4476));
#1004=EDGE_LOOP('',(#4477,#4478,#4479,#4480));
#1005=EDGE_LOOP('',(#4481,#4482,#4483,#4484));
#1006=EDGE_LOOP('',(#4485,#4486,#4487,#4488));
#1007=EDGE_LOOP('',(#4489,#4490,#4491,#4492));
#1008=EDGE_LOOP('',(#4493,#4494,#4495,#4496));
#1009=EDGE_LOOP('',(#4497,#4498,#4499,#4500));
#1010=EDGE_LOOP('',(#4501,#4502,#4503,#4504));
#1011=EDGE_LOOP('',(#4505,#4506,#4507,#4508));
#1012=EDGE_LOOP('',(#4509,#4510,#4511,#4512));
#1013=EDGE_LOOP('',(#4513,#4514,#4515,#4516));
#1014=EDGE_LOOP('',(#4517,#4518,#4519,#4520));
#1015=EDGE_LOOP('',(#4521,#4522,#4523,#4524));
#1016=EDGE_LOOP('',(#4525,#4526,#4527,#4528));
#1017=EDGE_LOOP('',(#4529,#4530,#4531,#4532));
#1018=EDGE_LOOP('',(#4533,#4534,#4535,#4536));
#1019=EDGE_LOOP('',(#4537,#4538,#4539,#4540,#4541,#4542,#4543,#4544));
#1020=EDGE_LOOP('',(#4545));
#1021=EDGE_LOOP('',(#4546));
#1022=EDGE_LOOP('',(#4547));
#1023=EDGE_LOOP('',(#4548));
#1024=EDGE_LOOP('',(#4549));
#1025=EDGE_LOOP('',(#4550));
#1026=EDGE_LOOP('',(#4551));
#1027=EDGE_LOOP('',(#4552));
#1028=EDGE_LOOP('',(#4553));
#1029=EDGE_LOOP('',(#4554));
#1030=EDGE_LOOP('',(#4555,#4556,#4557,#4558,#4559,#4560,#4561,#4562));
#1031=EDGE_LOOP('',(#4563));
#1032=EDGE_LOOP('',(#4564));
#1033=EDGE_LOOP('',(#4565));
#1034=EDGE_LOOP('',(#4566));
#1035=EDGE_LOOP('',(#4567,#4568,#4569,#4570,#4571,#4572,#4573,#4574));
#1036=EDGE_LOOP('',(#4575));
#1037=EDGE_LOOP('',(#4576));
#1038=EDGE_LOOP('',(#4577));
#1039=EDGE_LOOP('',(#4578));
#1040=EDGE_LOOP('',(#4579));
#1041=EDGE_LOOP('',(#4580));
#1042=EDGE_LOOP('',(#4581));
#1043=EDGE_LOOP('',(#4582));
#1044=EDGE_LOOP('',(#4583));
#1045=EDGE_LOOP('',(#4584));
#1046=EDGE_LOOP('',(#4585,#4586,#4587,#4588,#4589,#4590,#4591,#4592));
#1047=EDGE_LOOP('',(#4593));
#1048=EDGE_LOOP('',(#4594));
#1049=EDGE_LOOP('',(#4595));
#1050=EDGE_LOOP('',(#4596));
#1051=EDGE_LOOP('',(#4597,#4598,#4599,#4600));
#1052=EDGE_LOOP('',(#4601,#4602,#4603,#4604));
#1053=EDGE_LOOP('',(#4605,#4606,#4607,#4608));
#1054=EDGE_LOOP('',(#4609,#4610,#4611,#4612));
#1055=EDGE_LOOP('',(#4613,#4614,#4615,#4616));
#1056=EDGE_LOOP('',(#4617,#4618,#4619,#4620));
#1057=EDGE_LOOP('',(#4621,#4622,#4623,#4624));
#1058=EDGE_LOOP('',(#4625,#4626,#4627,#4628));
#1059=EDGE_LOOP('',(#4629,#4630,#4631,#4632));
#1060=EDGE_LOOP('',(#4633,#4634,#4635,#4636));
#1061=EDGE_LOOP('',(#4637,#4638,#4639,#4640));
#1062=EDGE_LOOP('',(#4641,#4642,#4643,#4644));
#1063=EDGE_LOOP('',(#4645,#4646,#4647,#4648));
#1064=EDGE_LOOP('',(#4649,#4650,#4651,#4652));
#1065=EDGE_LOOP('',(#4653,#4654,#4655,#4656));
#1066=EDGE_LOOP('',(#4657,#4658,#4659,#4660));
#1067=EDGE_LOOP('',(#4661,#4662,#4663,#4664));
#1068=EDGE_LOOP('',(#4665,#4666,#4667,#4668));
#1069=EDGE_LOOP('',(#4669,#4670,#4671,#4672));
#1070=EDGE_LOOP('',(#4673,#4674,#4675,#4676));
#1071=EDGE_LOOP('',(#4677,#4678,#4679,#4680));
#1072=EDGE_LOOP('',(#4681,#4682,#4683,#4684));
#1073=EDGE_LOOP('',(#4685,#4686,#4687,#4688));
#1074=EDGE_LOOP('',(#4689,#4690,#4691,#4692));
#1075=EDGE_LOOP('',(#4693,#4694,#4695,#4696));
#1076=EDGE_LOOP('',(#4697,#4698,#4699,#4700));
#1077=EDGE_LOOP('',(#4701,#4702,#4703,#4704));
#1078=EDGE_LOOP('',(#4705,#4706,#4707,#4708));
#1079=EDGE_LOOP('',(#4709,#4710,#4711,#4712));
#1080=EDGE_LOOP('',(#4713,#4714,#4715,#4716));
#1081=EDGE_LOOP('',(#4717,#4718,#4719,#4720));
#1082=EDGE_LOOP('',(#4721,#4722,#4723,#4724,#4725,#4726,#4727,#4728));
#1083=EDGE_LOOP('',(#4729,#4730));
#1084=EDGE_LOOP('',(#4731));
#1085=EDGE_LOOP('',(#4732));
#1086=EDGE_LOOP('',(#4733));
#1087=EDGE_LOOP('',(#4734,#4735,#4736,#4737,#4738,#4739,#4740,#4741));
#1088=EDGE_LOOP('',(#4742));
#1089=EDGE_LOOP('',(#4743));
#1090=EDGE_LOOP('',(#4744));
#1091=EDGE_LOOP('',(#4745));
#1092=EDGE_LOOP('',(#4746));
#1093=EDGE_LOOP('',(#4747));
#1094=EDGE_LOOP('',(#4748));
#1095=EDGE_LOOP('',(#4749));
#1096=EDGE_LOOP('',(#4750));
#1097=EDGE_LOOP('',(#4751));
#1098=EDGE_LOOP('',(#4752,#4753,#4754,#4755,#4756,#4757,#4758,#4759));
#1099=EDGE_LOOP('',(#4760));
#1100=EDGE_LOOP('',(#4761));
#1101=EDGE_LOOP('',(#4762));
#1102=EDGE_LOOP('',(#4763,#4764,#4765,#4766,#4767,#4768,#4769,#4770));
#1103=EDGE_LOOP('',(#4771));
#1104=EDGE_LOOP('',(#4772));
#1105=EDGE_LOOP('',(#4773));
#1106=EDGE_LOOP('',(#4774));
#1107=EDGE_LOOP('',(#4775));
#1108=EDGE_LOOP('',(#4776));
#1109=EDGE_LOOP('',(#4777));
#1110=EDGE_LOOP('',(#4778));
#1111=EDGE_LOOP('',(#4779));
#1112=EDGE_LOOP('',(#4780,#4781));
#1113=EDGE_LOOP('',(#4782));
#1114=EDGE_LOOP('',(#4783,#4784,#4785,#4786));
#1115=EDGE_LOOP('',(#4787,#4788,#4789,#4790));
#1116=EDGE_LOOP('',(#4791,#4792,#4793,#4794));
#1117=EDGE_LOOP('',(#4795,#4796,#4797,#4798));
#1118=EDGE_LOOP('',(#4799,#4800,#4801,#4802));
#1119=EDGE_LOOP('',(#4803,#4804,#4805,#4806));
#1120=EDGE_LOOP('',(#4807,#4808,#4809,#4810));
#1121=EDGE_LOOP('',(#4811,#4812,#4813,#4814));
#1122=EDGE_LOOP('',(#4815,#4816,#4817,#4818));
#1123=EDGE_LOOP('',(#4819,#4820,#4821,#4822));
#1124=EDGE_LOOP('',(#4823,#4824,#4825,#4826));
#1125=EDGE_LOOP('',(#4827,#4828,#4829,#4830));
#1126=EDGE_LOOP('',(#4831,#4832,#4833,#4834));
#1127=EDGE_LOOP('',(#4835,#4836,#4837,#4838));
#1128=EDGE_LOOP('',(#4839,#4840,#4841,#4842));
#1129=EDGE_LOOP('',(#4843,#4844,#4845,#4846));
#1130=EDGE_LOOP('',(#4847,#4848,#4849,#4850));
#1131=EDGE_LOOP('',(#4851,#4852,#4853,#4854));
#1132=EDGE_LOOP('',(#4855,#4856,#4857,#4858));
#1133=EDGE_LOOP('',(#4859,#4860,#4861,#4862));
#1134=EDGE_LOOP('',(#4863,#4864,#4865,#4866));
#1135=EDGE_LOOP('',(#4867,#4868,#4869,#4870));
#1136=EDGE_LOOP('',(#4871,#4872,#4873,#4874));
#1137=EDGE_LOOP('',(#4875,#4876,#4877,#4878));
#1138=EDGE_LOOP('',(#4879,#4880,#4881,#4882));
#1139=EDGE_LOOP('',(#4883,#4884,#4885,#4886));
#1140=EDGE_LOOP('',(#4887,#4888,#4889,#4890));
#1141=EDGE_LOOP('',(#4891,#4892,#4893,#4894));
#1142=EDGE_LOOP('',(#4895,#4896,#4897,#4898));
#1143=EDGE_LOOP('',(#4899,#4900,#4901,#4902));
#1144=EDGE_LOOP('',(#4903,#4904,#4905,#4906));
#1145=EDGE_LOOP('',(#4907,#4908,#4909,#4910,#4911,#4912,#4913,#4914));
#1146=EDGE_LOOP('',(#4915,#4916));
#1147=EDGE_LOOP('',(#4917));
#1148=EDGE_LOOP('',(#4918));
#1149=EDGE_LOOP('',(#4919));
#1150=EDGE_LOOP('',(#4920,#4921,#4922,#4923,#4924,#4925,#4926,#4927));
#1151=EDGE_LOOP('',(#4928));
#1152=EDGE_LOOP('',(#4929));
#1153=EDGE_LOOP('',(#4930));
#1154=EDGE_LOOP('',(#4931));
#1155=EDGE_LOOP('',(#4932));
#1156=EDGE_LOOP('',(#4933));
#1157=EDGE_LOOP('',(#4934));
#1158=EDGE_LOOP('',(#4935));
#1159=EDGE_LOOP('',(#4936));
#1160=EDGE_LOOP('',(#4937));
#1161=EDGE_LOOP('',(#4938,#4939,#4940,#4941,#4942,#4943,#4944,#4945));
#1162=EDGE_LOOP('',(#4946));
#1163=EDGE_LOOP('',(#4947));
#1164=EDGE_LOOP('',(#4948));
#1165=EDGE_LOOP('',(#4949,#4950,#4951,#4952,#4953,#4954,#4955,#4956));
#1166=EDGE_LOOP('',(#4957));
#1167=EDGE_LOOP('',(#4958));
#1168=EDGE_LOOP('',(#4959));
#1169=EDGE_LOOP('',(#4960));
#1170=EDGE_LOOP('',(#4961));
#1171=EDGE_LOOP('',(#4962));
#1172=EDGE_LOOP('',(#4963));
#1173=EDGE_LOOP('',(#4964));
#1174=EDGE_LOOP('',(#4965));
#1175=EDGE_LOOP('',(#4966,#4967));
#1176=EDGE_LOOP('',(#4968));
#1177=EDGE_LOOP('',(#4969,#4970,#4971,#4972));
#1178=EDGE_LOOP('',(#4973,#4974,#4975,#4976));
#1179=EDGE_LOOP('',(#4977));
#1180=EDGE_LOOP('',(#4978));
#1181=EDGE_LOOP('',(#4979,#4980,#4981,#4982));
#1182=EDGE_LOOP('',(#4983,#4984,#4985,#4986));
#1183=EDGE_LOOP('',(#4987));
#1184=EDGE_LOOP('',(#4988));
#1185=EDGE_LOOP('',(#4989,#4990,#4991,#4992));
#1186=EDGE_LOOP('',(#4993,#4994,#4995,#4996));
#1187=EDGE_LOOP('',(#4997));
#1188=EDGE_LOOP('',(#4998));
#1189=EDGE_LOOP('',(#4999,#5000,#5001,#5002));
#1190=EDGE_LOOP('',(#5003,#5004,#5005,#5006));
#1191=EDGE_LOOP('',(#5007));
#1192=EDGE_LOOP('',(#5008));
#1193=EDGE_LOOP('',(#5009,#5010,#5011,#5012));
#1194=EDGE_LOOP('',(#5013,#5014,#5015,#5016));
#1195=EDGE_LOOP('',(#5017));
#1196=EDGE_LOOP('',(#5018));
#1197=EDGE_LOOP('',(#5019,#5020,#5021,#5022));
#1198=EDGE_LOOP('',(#5023,#5024,#5025,#5026));
#1199=EDGE_LOOP('',(#5027));
#1200=EDGE_LOOP('',(#5028));
#1201=EDGE_LOOP('',(#5029,#5030,#5031,#5032));
#1202=EDGE_LOOP('',(#5033,#5034,#5035,#5036));
#1203=EDGE_LOOP('',(#5037));
#1204=EDGE_LOOP('',(#5038));
#1205=EDGE_LOOP('',(#5039,#5040,#5041,#5042));
#1206=EDGE_LOOP('',(#5043,#5044,#5045,#5046));
#1207=EDGE_LOOP('',(#5047));
#1208=EDGE_LOOP('',(#5048));
#1209=EDGE_LOOP('',(#5049,#5050,#5051,#5052));
#1210=EDGE_LOOP('',(#5053,#5054,#5055,#5056));
#1211=EDGE_LOOP('',(#5057));
#1212=EDGE_LOOP('',(#5058));
#1213=EDGE_LOOP('',(#5059,#5060,#5061,#5062));
#1214=EDGE_LOOP('',(#5063,#5064,#5065,#5066));
#1215=EDGE_LOOP('',(#5067));
#1216=EDGE_LOOP('',(#5068));
#1217=EDGE_LOOP('',(#5069,#5070,#5071,#5072));
#1218=EDGE_LOOP('',(#5073,#5074,#5075,#5076));
#1219=EDGE_LOOP('',(#5077));
#1220=EDGE_LOOP('',(#5078));
#1221=EDGE_LOOP('',(#5079,#5080,#5081,#5082));
#1222=EDGE_LOOP('',(#5083,#5084,#5085,#5086));
#1223=EDGE_LOOP('',(#5087));
#1224=EDGE_LOOP('',(#5088));
#1225=EDGE_LOOP('',(#5089,#5090,#5091,#5092));
#1226=EDGE_LOOP('',(#5093,#5094,#5095,#5096));
#1227=EDGE_LOOP('',(#5097));
#1228=EDGE_LOOP('',(#5098));
#1229=EDGE_LOOP('',(#5099,#5100,#5101,#5102));
#1230=EDGE_LOOP('',(#5103,#5104,#5105,#5106));
#1231=EDGE_LOOP('',(#5107));
#1232=EDGE_LOOP('',(#5108));
#1233=EDGE_LOOP('',(#5109,#5110,#5111,#5112));
#1234=EDGE_LOOP('',(#5113,#5114,#5115,#5116));
#1235=EDGE_LOOP('',(#5117,#5118,#5119,#5120));
#1236=EDGE_LOOP('',(#5121,#5122,#5123,#5124));
#1237=EDGE_LOOP('',(#5125,#5126,#5127,#5128));
#1238=EDGE_LOOP('',(#5129,#5130,#5131,#5132));
#1239=EDGE_LOOP('',(#5133,#5134,#5135,#5136));
#1240=EDGE_LOOP('',(#5137,#5138,#5139,#5140));
#1241=EDGE_LOOP('',(#5141,#5142,#5143,#5144));
#1242=EDGE_LOOP('',(#5145,#5146,#5147,#5148));
#1243=EDGE_LOOP('',(#5149,#5150,#5151,#5152));
#1244=EDGE_LOOP('',(#5153,#5154,#5155,#5156));
#1245=EDGE_LOOP('',(#5157,#5158,#5159,#5160));
#1246=EDGE_LOOP('',(#5161,#5162,#5163,#5164));
#1247=EDGE_LOOP('',(#5165,#5166,#5167,#5168));
#1248=EDGE_LOOP('',(#5169,#5170,#5171,#5172));
#1249=EDGE_LOOP('',(#5173,#5174,#5175,#5176,#5177,#5178,#5179,#5180));
#1250=EDGE_LOOP('',(#5181));
#1251=EDGE_LOOP('',(#5182));
#1252=EDGE_LOOP('',(#5183));
#1253=EDGE_LOOP('',(#5184));
#1254=EDGE_LOOP('',(#5185));
#1255=EDGE_LOOP('',(#5186));
#1256=EDGE_LOOP('',(#5187));
#1257=EDGE_LOOP('',(#5188));
#1258=EDGE_LOOP('',(#5189));
#1259=EDGE_LOOP('',(#5190));
#1260=EDGE_LOOP('',(#5191,#5192,#5193,#5194,#5195,#5196,#5197,#5198));
#1261=EDGE_LOOP('',(#5199));
#1262=EDGE_LOOP('',(#5200));
#1263=EDGE_LOOP('',(#5201));
#1264=EDGE_LOOP('',(#5202));
#1265=EDGE_LOOP('',(#5203,#5204,#5205,#5206,#5207,#5208,#5209,#5210));
#1266=EDGE_LOOP('',(#5211));
#1267=EDGE_LOOP('',(#5212));
#1268=EDGE_LOOP('',(#5213));
#1269=EDGE_LOOP('',(#5214));
#1270=EDGE_LOOP('',(#5215));
#1271=EDGE_LOOP('',(#5216));
#1272=EDGE_LOOP('',(#5217));
#1273=EDGE_LOOP('',(#5218));
#1274=EDGE_LOOP('',(#5219));
#1275=EDGE_LOOP('',(#5220));
#1276=EDGE_LOOP('',(#5221,#5222,#5223,#5224,#5225,#5226,#5227,#5228));
#1277=EDGE_LOOP('',(#5229));
#1278=EDGE_LOOP('',(#5230));
#1279=EDGE_LOOP('',(#5231));
#1280=EDGE_LOOP('',(#5232));
#1281=CIRCLE('',#5780,1.6);
#1282=CIRCLE('',#5781,1.6);
#1283=CIRCLE('',#5783,1.6);
#1284=CIRCLE('',#5784,1.6);
#1285=CIRCLE('',#5786,1.6);
#1286=CIRCLE('',#5787,1.6);
#1287=CIRCLE('',#5789,1.6);
#1288=CIRCLE('',#5790,1.6);
#1289=CIRCLE('',#5792,1.6);
#1290=CIRCLE('',#5793,1.6);
#1291=CIRCLE('',#5795,1.6);
#1292=CIRCLE('',#5796,1.6);
#1293=CIRCLE('',#5798,1.6);
#1294=CIRCLE('',#5799,1.6);
#1295=CIRCLE('',#5801,1.6);
#1296=CIRCLE('',#5802,1.6);
#1297=CIRCLE('',#5804,1.6);
#1298=CIRCLE('',#5805,1.6);
#1299=CIRCLE('',#5807,1.6);
#1300=CIRCLE('',#5808,1.6);
#1301=CIRCLE('',#5810,1.6);
#1302=CIRCLE('',#5811,1.6);
#1303=CIRCLE('',#5813,1.6);
#1304=CIRCLE('',#5814,1.6);
#1305=CIRCLE('',#5816,1.6);
#1306=CIRCLE('',#5817,1.6);
#1307=CIRCLE('',#5819,1.6);
#1308=CIRCLE('',#5820,1.6);
#1309=CIRCLE('',#5822,1.6);
#1310=CIRCLE('',#5823,1.6);
#1311=CIRCLE('',#5826,40.);
#1312=CIRCLE('',#5827,40.);
#1313=CIRCLE('',#5830,159.999999999999);
#1314=CIRCLE('',#5831,159.999999999999);
#1315=CIRCLE('',#5834,40.);
#1316=CIRCLE('',#5835,40.);
#1317=CIRCLE('',#5838,160.);
#1318=CIRCLE('',#5839,160.);
#1319=CIRCLE('',#5842,52.);
#1320=CIRCLE('',#5843,52.);
#1321=CIRCLE('',#5846,171.999999999999);
#1322=CIRCLE('',#5847,171.999999999999);
#1323=CIRCLE('',#5850,52.);
#1324=CIRCLE('',#5851,52.);
#1325=CIRCLE('',#5854,172.);
#1326=CIRCLE('',#5855,172.);
#1327=CIRCLE('',#5859,1.6);
#1328=CIRCLE('',#5860,1.6);
#1329=CIRCLE('',#5862,1.6);
#1330=CIRCLE('',#5863,1.6);
#1331=CIRCLE('',#5865,1.6);
#1332=CIRCLE('',#5866,1.6);
#1333=CIRCLE('',#5868,1.6);
#1334=CIRCLE('',#5869,1.6);
#1335=CIRCLE('',#5871,1.6);
#1336=CIRCLE('',#5872,1.6);
#1337=CIRCLE('',#5874,1.6);
#1338=CIRCLE('',#5875,1.6);
#1339=CIRCLE('',#5877,1.6);
#1340=CIRCLE('',#5878,1.6);
#1341=CIRCLE('',#5880,1.6);
#1342=CIRCLE('',#5881,1.6);
#1343=CIRCLE('',#5883,1.6);
#1344=CIRCLE('',#5884,1.6);
#1345=CIRCLE('',#5886,1.6);
#1346=CIRCLE('',#5887,1.6);
#1347=CIRCLE('',#5889,1.6);
#1348=CIRCLE('',#5890,1.6);
#1349=CIRCLE('',#5892,1.6);
#1350=CIRCLE('',#5893,1.6);
#1351=CIRCLE('',#5895,1.6);
#1352=CIRCLE('',#5896,1.6);
#1353=CIRCLE('',#5898,1.6);
#1354=CIRCLE('',#5899,1.6);
#1355=CIRCLE('',#5901,1.6);
#1356=CIRCLE('',#5902,1.6);
#1357=CIRCLE('',#5905,40.);
#1358=CIRCLE('',#5906,40.);
#1359=CIRCLE('',#5909,159.999999999999);
#1360=CIRCLE('',#5910,159.999999999999);
#1361=CIRCLE('',#5913,40.);
#1362=CIRCLE('',#5914,40.);
#1363=CIRCLE('',#5917,160.);
#1364=CIRCLE('',#5918,160.);
#1365=CIRCLE('',#5921,52.);
#1366=CIRCLE('',#5922,52.);
#1367=CIRCLE('',#5925,171.999999999999);
#1368=CIRCLE('',#5926,171.999999999999);
#1369=CIRCLE('',#5929,52.);
#1370=CIRCLE('',#5930,52.);
#1371=CIRCLE('',#5933,172.);
#1372=CIRCLE('',#5934,172.);
#1373=CIRCLE('',#5938,1.6);
#1374=CIRCLE('',#5939,1.6);
#1375=CIRCLE('',#5941,3.0000000447054);
#1376=CIRCLE('',#5942,3.0000000447054);
#1377=CIRCLE('',#5945,1.6);
#1378=CIRCLE('',#5946,1.6);
#1379=CIRCLE('',#5948,3.0000000447054);
#1380=CIRCLE('',#5949,3.0000000447054);
#1381=CIRCLE('',#5952,1.6);
#1382=CIRCLE('',#5953,1.6);
#1383=CIRCLE('',#5955,3.0000000447054);
#1384=CIRCLE('',#5956,3.0000000447054);
#1385=CIRCLE('',#5959,1.6);
#1386=CIRCLE('',#5960,1.6);
#1387=CIRCLE('',#5962,3.0000000447054);
#1388=CIRCLE('',#5963,3.0000000447054);
#1389=CIRCLE('',#5966,1.6);
#1390=CIRCLE('',#5967,1.6);
#1391=CIRCLE('',#5969,3.0000000447054);
#1392=CIRCLE('',#5970,3.0000000447054);
#1393=CIRCLE('',#5973,1.6);
#1394=CIRCLE('',#5974,1.6);
#1395=CIRCLE('',#5976,3.0000000447054);
#1396=CIRCLE('',#5977,3.0000000447054);
#1397=CIRCLE('',#5980,1.6);
#1398=CIRCLE('',#5981,1.6);
#1399=CIRCLE('',#5983,3.0000000447054);
#1400=CIRCLE('',#5984,3.0000000447054);
#1401=CIRCLE('',#5987,1.6);
#1402=CIRCLE('',#5988,1.6);
#1403=CIRCLE('',#5990,3.0000000447054);
#1404=CIRCLE('',#5991,3.0000000447054);
#1405=CIRCLE('',#5994,1.6);
#1406=CIRCLE('',#5995,1.6);
#1407=CIRCLE('',#5997,3.0000000447054);
#1408=CIRCLE('',#5998,3.0000000447054);
#1409=CIRCLE('',#6001,1.6);
#1410=CIRCLE('',#6002,1.6);
#1411=CIRCLE('',#6004,3.0000000447054);
#1412=CIRCLE('',#6005,3.0000000447054);
#1413=CIRCLE('',#6008,1.6);
#1414=CIRCLE('',#6009,1.6);
#1415=CIRCLE('',#6011,3.0000000447054);
#1416=CIRCLE('',#6012,3.0000000447054);
#1417=CIRCLE('',#6015,1.6);
#1418=CIRCLE('',#6016,1.6);
#1419=CIRCLE('',#6018,3.0000000447054);
#1420=CIRCLE('',#6019,3.0000000447054);
#1421=CIRCLE('',#6022,1.6);
#1422=CIRCLE('',#6023,1.6);
#1423=CIRCLE('',#6025,3.0000000447054);
#1424=CIRCLE('',#6026,3.0000000447054);
#1425=CIRCLE('',#6029,1.6);
#1426=CIRCLE('',#6030,1.6);
#1427=CIRCLE('',#6032,3.0000000447054);
#1428=CIRCLE('',#6033,3.0000000447054);
#1429=CIRCLE('',#6037,40.);
#1430=CIRCLE('',#6038,40.);
#1431=CIRCLE('',#6041,159.999999999999);
#1432=CIRCLE('',#6042,159.999999999999);
#1433=CIRCLE('',#6045,40.);
#1434=CIRCLE('',#6046,40.);
#1435=CIRCLE('',#6049,160.);
#1436=CIRCLE('',#6050,160.);
#1437=CIRCLE('',#6053,52.);
#1438=CIRCLE('',#6054,52.);
#1439=CIRCLE('',#6057,171.999999999999);
#1440=CIRCLE('',#6058,171.999999999999);
#1441=CIRCLE('',#6061,52.);
#1442=CIRCLE('',#6062,52.);
#1443=CIRCLE('',#6065,172.);
#1444=CIRCLE('',#6066,172.);
#1445=CIRCLE('',#6070,2.55000000000003);
#1446=CIRCLE('',#6071,2.55000000000003);
#1447=CIRCLE('',#6074,2.55000000000003);
#1448=CIRCLE('',#6075,2.55000000000003);
#1449=CIRCLE('',#6078,2.55000000000003);
#1450=CIRCLE('',#6079,2.55000000000003);
#1451=CIRCLE('',#6082,2.55000000000003);
#1452=CIRCLE('',#6083,2.55000000000003);
#1453=CIRCLE('',#6086,2.55000000000003);
#1454=CIRCLE('',#6087,2.55000000000003);
#1455=CIRCLE('',#6090,2.55000000000003);
#1456=CIRCLE('',#6091,2.55000000000003);
#1457=CIRCLE('',#6094,2.55000000000003);
#1458=CIRCLE('',#6095,2.55000000000003);
#1459=CIRCLE('',#6098,2.55000000000003);
#1460=CIRCLE('',#6099,2.55000000000003);
#1461=CIRCLE('',#6102,2.55000000000003);
#1462=CIRCLE('',#6103,2.55000000000003);
#1463=CIRCLE('',#6106,2.55000000000003);
#1464=CIRCLE('',#6107,2.55000000000003);
#1465=CIRCLE('',#6110,2.55000000000003);
#1466=CIRCLE('',#6111,2.55000000000003);
#1467=CIRCLE('',#6114,2.55000000000003);
#1468=CIRCLE('',#6115,2.55000000000003);
#1469=CIRCLE('',#6118,2.55000000000003);
#1470=CIRCLE('',#6119,2.55000000000003);
#1471=CIRCLE('',#6122,2.55000000000003);
#1472=CIRCLE('',#6123,2.55000000000003);
#1473=CIRCLE('',#6126,2.55000000000003);
#1474=CIRCLE('',#6127,2.55000000000003);
#1475=CIRCLE('',#6130,2.55000000000003);
#1476=CIRCLE('',#6131,2.55000000000003);
#1477=CIRCLE('',#6134,2.55000000000003);
#1478=CIRCLE('',#6135,2.55000000000003);
#1479=CIRCLE('',#6138,2.55000000000003);
#1480=CIRCLE('',#6139,2.55000000000003);
#1481=CIRCLE('',#6142,2.55000000000003);
#1482=CIRCLE('',#6143,2.55000000000003);
#1483=CIRCLE('',#6146,2.55000000000003);
#1484=CIRCLE('',#6147,2.55000000000003);
#1485=CIRCLE('',#6150,2.55000000000003);
#1486=CIRCLE('',#6151,2.55000000000003);
#1487=CIRCLE('',#6154,2.55000000000003);
#1488=CIRCLE('',#6155,2.55000000000003);
#1489=CIRCLE('',#6158,2.55000000000003);
#1490=CIRCLE('',#6159,2.55000000000003);
#1491=CIRCLE('',#6162,2.55000000000003);
#1492=CIRCLE('',#6163,2.55000000000003);
#1493=CIRCLE('',#6166,2.55000000000003);
#1494=CIRCLE('',#6167,2.55000000000003);
#1495=CIRCLE('',#6170,2.55000000000003);
#1496=CIRCLE('',#6171,2.55000000000003);
#1497=CIRCLE('',#6174,2.55000000000003);
#1498=CIRCLE('',#6175,2.55000000000003);
#1499=CIRCLE('',#6178,2.55000000000003);
#1500=CIRCLE('',#6179,2.55000000000003);
#1501=CIRCLE('',#6183,40.);
#1502=CIRCLE('',#6184,40.);
#1503=CIRCLE('',#6187,159.999999999999);
#1504=CIRCLE('',#6188,159.999999999999);
#1505=CIRCLE('',#6191,40.);
#1506=CIRCLE('',#6192,40.);
#1507=CIRCLE('',#6195,160.);
#1508=CIRCLE('',#6196,160.);
#1509=CIRCLE('',#6199,52.);
#1510=CIRCLE('',#6200,52.);
#1511=CIRCLE('',#6203,171.999999999999);
#1512=CIRCLE('',#6204,171.999999999999);
#1513=CIRCLE('',#6207,52.);
#1514=CIRCLE('',#6208,52.);
#1515=CIRCLE('',#6211,172.);
#1516=CIRCLE('',#6212,172.);
#1517=CIRCLE('',#6216,1.6);
#1518=CIRCLE('',#6217,1.6);
#1519=CIRCLE('',#6219,1.6);
#1520=CIRCLE('',#6220,1.6);
#1521=CIRCLE('',#6222,1.6);
#1522=CIRCLE('',#6223,1.6);
#1523=CIRCLE('',#6225,1.6);
#1524=CIRCLE('',#6226,1.6);
#1525=CIRCLE('',#6228,1.6);
#1526=CIRCLE('',#6229,1.6);
#1527=CIRCLE('',#6231,1.6);
#1528=CIRCLE('',#6232,1.6);
#1529=CIRCLE('',#6234,1.6);
#1530=CIRCLE('',#6235,1.6);
#1531=CIRCLE('',#6237,1.6);
#1532=CIRCLE('',#6238,1.6);
#1533=CIRCLE('',#6240,1.6);
#1534=CIRCLE('',#6241,1.6);
#1535=CIRCLE('',#6243,1.6);
#1536=CIRCLE('',#6244,1.6);
#1537=CIRCLE('',#6246,1.6);
#1538=CIRCLE('',#6247,1.6);
#1539=CIRCLE('',#6249,1.6);
#1540=CIRCLE('',#6250,1.6);
#1541=CIRCLE('',#6252,1.6);
#1542=CIRCLE('',#6253,1.6);
#1543=CIRCLE('',#6255,1.6);
#1544=CIRCLE('',#6256,1.6);
#1545=CIRCLE('',#6258,1.6);
#1546=CIRCLE('',#6259,1.6);
#1547=CIRCLE('',#6262,40.);
#1548=CIRCLE('',#6263,40.);
#1549=CIRCLE('',#6266,159.999999999999);
#1550=CIRCLE('',#6267,159.999999999999);
#1551=CIRCLE('',#6270,40.);
#1552=CIRCLE('',#6271,40.);
#1553=CIRCLE('',#6274,160.);
#1554=CIRCLE('',#6275,160.);
#1555=CIRCLE('',#6278,52.);
#1556=CIRCLE('',#6279,52.);
#1557=CIRCLE('',#6282,171.999999999999);
#1558=CIRCLE('',#6283,171.999999999999);
#1559=CIRCLE('',#6286,52.);
#1560=CIRCLE('',#6287,52.);
#1561=CIRCLE('',#6290,172.);
#1562=CIRCLE('',#6291,172.);
#1563=CIRCLE('',#6295,1.6);
#1564=CIRCLE('',#6296,1.6);
#1565=CIRCLE('',#6298,1.6);
#1566=CIRCLE('',#6299,1.6);
#1567=CIRCLE('',#6301,1.6);
#1568=CIRCLE('',#6302,1.6);
#1569=CIRCLE('',#6304,1.6);
#1570=CIRCLE('',#6305,1.6);
#1571=CIRCLE('',#6307,1.6);
#1572=CIRCLE('',#6308,1.6);
#1573=CIRCLE('',#6310,1.6);
#1574=CIRCLE('',#6311,1.6);
#1575=CIRCLE('',#6313,1.6);
#1576=CIRCLE('',#6314,1.6);
#1577=CIRCLE('',#6316,1.6);
#1578=CIRCLE('',#6317,1.6);
#1579=CIRCLE('',#6319,1.6);
#1580=CIRCLE('',#6320,1.6);
#1581=CIRCLE('',#6322,1.6);
#1582=CIRCLE('',#6323,1.6);
#1583=CIRCLE('',#6325,1.6);
#1584=CIRCLE('',#6326,1.6);
#1585=CIRCLE('',#6328,1.6);
#1586=CIRCLE('',#6329,1.6);
#1587=CIRCLE('',#6331,1.6);
#1588=CIRCLE('',#6332,1.6);
#1589=CIRCLE('',#6334,1.6);
#1590=CIRCLE('',#6335,1.6);
#1591=CIRCLE('',#6337,1.6);
#1592=CIRCLE('',#6338,1.6);
#1593=CIRCLE('',#6341,40.);
#1594=CIRCLE('',#6342,40.);
#1595=CIRCLE('',#6345,159.999999999999);
#1596=CIRCLE('',#6346,159.999999999999);
#1597=CIRCLE('',#6349,40.);
#1598=CIRCLE('',#6350,40.);
#1599=CIRCLE('',#6353,160.);
#1600=CIRCLE('',#6354,160.);
#1601=CIRCLE('',#6357,52.);
#1602=CIRCLE('',#6358,52.);
#1603=CIRCLE('',#6361,171.999999999999);
#1604=CIRCLE('',#6362,171.999999999999);
#1605=CIRCLE('',#6365,52.);
#1606=CIRCLE('',#6366,52.);
#1607=CIRCLE('',#6369,172.);
#1608=CIRCLE('',#6370,172.);
#1609=CIRCLE('',#6374,1.6);
#1610=CIRCLE('',#6375,1.6);
#1611=CIRCLE('',#6377,3.0000000447054);
#1612=CIRCLE('',#6378,3.0000000447054);
#1613=CIRCLE('',#6381,1.6);
#1614=CIRCLE('',#6382,1.6);
#1615=CIRCLE('',#6384,3.0000000447054);
#1616=CIRCLE('',#6385,3.0000000447054);
#1617=CIRCLE('',#6388,1.6);
#1618=CIRCLE('',#6389,1.6);
#1619=CIRCLE('',#6391,3.0000000447054);
#1620=CIRCLE('',#6392,3.0000000447054);
#1621=CIRCLE('',#6395,1.6);
#1622=CIRCLE('',#6396,1.6);
#1623=CIRCLE('',#6398,3.0000000447054);
#1624=CIRCLE('',#6399,3.0000000447054);
#1625=CIRCLE('',#6402,1.6);
#1626=CIRCLE('',#6403,1.6);
#1627=CIRCLE('',#6405,3.0000000447054);
#1628=CIRCLE('',#6406,3.0000000447054);
#1629=CIRCLE('',#6409,1.6);
#1630=CIRCLE('',#6410,1.6);
#1631=CIRCLE('',#6412,3.0000000447054);
#1632=CIRCLE('',#6413,3.0000000447054);
#1633=CIRCLE('',#6416,1.6);
#1634=CIRCLE('',#6417,1.6);
#1635=CIRCLE('',#6419,3.0000000447054);
#1636=CIRCLE('',#6420,3.0000000447054);
#1637=CIRCLE('',#6423,1.6);
#1638=CIRCLE('',#6424,1.6);
#1639=CIRCLE('',#6426,3.0000000447054);
#1640=CIRCLE('',#6427,3.0000000447054);
#1641=CIRCLE('',#6430,1.6);
#1642=CIRCLE('',#6431,1.6);
#1643=CIRCLE('',#6433,3.0000000447054);
#1644=CIRCLE('',#6434,3.0000000447054);
#1645=CIRCLE('',#6437,1.6);
#1646=CIRCLE('',#6438,1.6);
#1647=CIRCLE('',#6440,3.0000000447054);
#1648=CIRCLE('',#6441,3.0000000447054);
#1649=CIRCLE('',#6444,1.6);
#1650=CIRCLE('',#6445,1.6);
#1651=CIRCLE('',#6447,3.0000000447054);
#1652=CIRCLE('',#6448,3.0000000447054);
#1653=CIRCLE('',#6451,1.6);
#1654=CIRCLE('',#6452,1.6);
#1655=CIRCLE('',#6454,3.0000000447054);
#1656=CIRCLE('',#6455,3.0000000447054);
#1657=CIRCLE('',#6458,1.6);
#1658=CIRCLE('',#6459,1.6);
#1659=CIRCLE('',#6461,3.0000000447054);
#1660=CIRCLE('',#6462,3.0000000447054);
#1661=CIRCLE('',#6465,1.6);
#1662=CIRCLE('',#6466,1.6);
#1663=CIRCLE('',#6468,3.0000000447054);
#1664=CIRCLE('',#6469,3.0000000447054);
#1665=CIRCLE('',#6473,40.);
#1666=CIRCLE('',#6474,40.);
#1667=CIRCLE('',#6477,159.999999999999);
#1668=CIRCLE('',#6478,159.999999999999);
#1669=CIRCLE('',#6481,40.);
#1670=CIRCLE('',#6482,40.);
#1671=CIRCLE('',#6485,160.);
#1672=CIRCLE('',#6486,160.);
#1673=CIRCLE('',#6489,52.);
#1674=CIRCLE('',#6490,52.);
#1675=CIRCLE('',#6493,171.999999999999);
#1676=CIRCLE('',#6494,171.999999999999);
#1677=CIRCLE('',#6497,52.);
#1678=CIRCLE('',#6498,52.);
#1679=CIRCLE('',#6501,172.);
#1680=CIRCLE('',#6502,172.);
#1681=LINE('',#8331,#2049);
#1682=LINE('',#8335,#2050);
#1683=LINE('',#8344,#2051);
#1684=LINE('',#8350,#2052);
#1685=LINE('',#8356,#2053);
#1686=LINE('',#8362,#2054);
#1687=LINE('',#8368,#2055);
#1688=LINE('',#8374,#2056);
#1689=LINE('',#8380,#2057);
#1690=LINE('',#8386,#2058);
#1691=LINE('',#8392,#2059);
#1692=LINE('',#8398,#2060);
#1693=LINE('',#8404,#2061);
#1694=LINE('',#8410,#2062);
#1695=LINE('',#8416,#2063);
#1696=LINE('',#8421,#2064);
#1697=LINE('',#8423,#2065);
#1698=LINE('',#8425,#2066);
#1699=LINE('',#8426,#2067);
#1700=LINE('',#8432,#2068);
#1701=LINE('',#8435,#2069);
#1702=LINE('',#8437,#2070);
#1703=LINE('',#8438,#2071);
#1704=LINE('',#8444,#2072);
#1705=LINE('',#8447,#2073);
#1706=LINE('',#8449,#2074);
#1707=LINE('',#8450,#2075);
#1708=LINE('',#8456,#2076);
#1709=LINE('',#8459,#2077);
#1710=LINE('',#8461,#2078);
#1711=LINE('',#8462,#2079);
#1712=LINE('',#8469,#2080);
#1713=LINE('',#8471,#2081);
#1714=LINE('',#8473,#2082);
#1715=LINE('',#8474,#2083);
#1716=LINE('',#8480,#2084);
#1717=LINE('',#8483,#2085);
#1718=LINE('',#8485,#2086);
#1719=LINE('',#8486,#2087);
#1720=LINE('',#8492,#2088);
#1721=LINE('',#8495,#2089);
#1722=LINE('',#8497,#2090);
#1723=LINE('',#8498,#2091);
#1724=LINE('',#8504,#2092);
#1725=LINE('',#8507,#2093);
#1726=LINE('',#8509,#2094);
#1727=LINE('',#8510,#2095);
#1728=LINE('',#8519,#2096);
#1729=LINE('',#8523,#2097);
#1730=LINE('',#8532,#2098);
#1731=LINE('',#8538,#2099);
#1732=LINE('',#8544,#2100);
#1733=LINE('',#8550,#2101);
#1734=LINE('',#8556,#2102);
#1735=LINE('',#8562,#2103);
#1736=LINE('',#8568,#2104);
#1737=LINE('',#8574,#2105);
#1738=LINE('',#8580,#2106);
#1739=LINE('',#8586,#2107);
#1740=LINE('',#8592,#2108);
#1741=LINE('',#8598,#2109);
#1742=LINE('',#8604,#2110);
#1743=LINE('',#8609,#2111);
#1744=LINE('',#8611,#2112);
#1745=LINE('',#8613,#2113);
#1746=LINE('',#8614,#2114);
#1747=LINE('',#8620,#2115);
#1748=LINE('',#8623,#2116);
#1749=LINE('',#8625,#2117);
#1750=LINE('',#8626,#2118);
#1751=LINE('',#8632,#2119);
#1752=LINE('',#8635,#2120);
#1753=LINE('',#8637,#2121);
#1754=LINE('',#8638,#2122);
#1755=LINE('',#8644,#2123);
#1756=LINE('',#8647,#2124);
#1757=LINE('',#8649,#2125);
#1758=LINE('',#8650,#2126);
#1759=LINE('',#8657,#2127);
#1760=LINE('',#8659,#2128);
#1761=LINE('',#8661,#2129);
#1762=LINE('',#8662,#2130);
#1763=LINE('',#8668,#2131);
#1764=LINE('',#8671,#2132);
#1765=LINE('',#8673,#2133);
#1766=LINE('',#8674,#2134);
#1767=LINE('',#8680,#2135);
#1768=LINE('',#8683,#2136);
#1769=LINE('',#8685,#2137);
#1770=LINE('',#8686,#2138);
#1771=LINE('',#8692,#2139);
#1772=LINE('',#8695,#2140);
#1773=LINE('',#8697,#2141);
#1774=LINE('',#8698,#2142);
#1775=LINE('',#8708,#2143);
#1776=LINE('',#8714,#2144);
#1777=LINE('',#8721,#2145);
#1778=LINE('',#8727,#2146);
#1779=LINE('',#8734,#2147);
#1780=LINE('',#8740,#2148);
#1781=LINE('',#8747,#2149);
#1782=LINE('',#8753,#2150);
#1783=LINE('',#8760,#2151);
#1784=LINE('',#8766,#2152);
#1785=LINE('',#8773,#2153);
#1786=LINE('',#8779,#2154);
#1787=LINE('',#8786,#2155);
#1788=LINE('',#8792,#2156);
#1789=LINE('',#8799,#2157);
#1790=LINE('',#8805,#2158);
#1791=LINE('',#8812,#2159);
#1792=LINE('',#8818,#2160);
#1793=LINE('',#8825,#2161);
#1794=LINE('',#8831,#2162);
#1795=LINE('',#8838,#2163);
#1796=LINE('',#8844,#2164);
#1797=LINE('',#8851,#2165);
#1798=LINE('',#8857,#2166);
#1799=LINE('',#8864,#2167);
#1800=LINE('',#8870,#2168);
#1801=LINE('',#8877,#2169);
#1802=LINE('',#8883,#2170);
#1803=LINE('',#8889,#2171);
#1804=LINE('',#8891,#2172);
#1805=LINE('',#8893,#2173);
#1806=LINE('',#8894,#2174);
#1807=LINE('',#8900,#2175);
#1808=LINE('',#8903,#2176);
#1809=LINE('',#8905,#2177);
#1810=LINE('',#8906,#2178);
#1811=LINE('',#8912,#2179);
#1812=LINE('',#8915,#2180);
#1813=LINE('',#8917,#2181);
#1814=LINE('',#8918,#2182);
#1815=LINE('',#8924,#2183);
#1816=LINE('',#8927,#2184);
#1817=LINE('',#8929,#2185);
#1818=LINE('',#8930,#2186);
#1819=LINE('',#8937,#2187);
#1820=LINE('',#8939,#2188);
#1821=LINE('',#8941,#2189);
#1822=LINE('',#8942,#2190);
#1823=LINE('',#8948,#2191);
#1824=LINE('',#8951,#2192);
#1825=LINE('',#8953,#2193);
#1826=LINE('',#8954,#2194);
#1827=LINE('',#8960,#2195);
#1828=LINE('',#8963,#2196);
#1829=LINE('',#8965,#2197);
#1830=LINE('',#8966,#2198);
#1831=LINE('',#8972,#2199);
#1832=LINE('',#8975,#2200);
#1833=LINE('',#8977,#2201);
#1834=LINE('',#8978,#2202);
#1835=LINE('',#8988,#2203);
#1836=LINE('',#8995,#2204);
#1837=LINE('',#9002,#2205);
#1838=LINE('',#9009,#2206);
#1839=LINE('',#9016,#2207);
#1840=LINE('',#9023,#2208);
#1841=LINE('',#9030,#2209);
#1842=LINE('',#9037,#2210);
#1843=LINE('',#9044,#2211);
#1844=LINE('',#9051,#2212);
#1845=LINE('',#9058,#2213);
#1846=LINE('',#9065,#2214);
#1847=LINE('',#9072,#2215);
#1848=LINE('',#9079,#2216);
#1849=LINE('',#9086,#2217);
#1850=LINE('',#9093,#2218);
#1851=LINE('',#9100,#2219);
#1852=LINE('',#9107,#2220);
#1853=LINE('',#9114,#2221);
#1854=LINE('',#9121,#2222);
#1855=LINE('',#9128,#2223);
#1856=LINE('',#9135,#2224);
#1857=LINE('',#9142,#2225);
#1858=LINE('',#9149,#2226);
#1859=LINE('',#9156,#2227);
#1860=LINE('',#9163,#2228);
#1861=LINE('',#9170,#2229);
#1862=LINE('',#9177,#2230);
#1863=LINE('',#9183,#2231);
#1864=LINE('',#9185,#2232);
#1865=LINE('',#9187,#2233);
#1866=LINE('',#9188,#2234);
#1867=LINE('',#9194,#2235);
#1868=LINE('',#9197,#2236);
#1869=LINE('',#9199,#2237);
#1870=LINE('',#9200,#2238);
#1871=LINE('',#9206,#2239);
#1872=LINE('',#9209,#2240);
#1873=LINE('',#9211,#2241);
#1874=LINE('',#9212,#2242);
#1875=LINE('',#9218,#2243);
#1876=LINE('',#9221,#2244);
#1877=LINE('',#9223,#2245);
#1878=LINE('',#9224,#2246);
#1879=LINE('',#9231,#2247);
#1880=LINE('',#9233,#2248);
#1881=LINE('',#9235,#2249);
#1882=LINE('',#9236,#2250);
#1883=LINE('',#9242,#2251);
#1884=LINE('',#9245,#2252);
#1885=LINE('',#9247,#2253);
#1886=LINE('',#9248,#2254);
#1887=LINE('',#9254,#2255);
#1888=LINE('',#9257,#2256);
#1889=LINE('',#9259,#2257);
#1890=LINE('',#9260,#2258);
#1891=LINE('',#9266,#2259);
#1892=LINE('',#9269,#2260);
#1893=LINE('',#9271,#2261);
#1894=LINE('',#9272,#2262);
#1895=LINE('',#9282,#2263);
#1896=LINE('',#9287,#2264);
#1897=LINE('',#9291,#2265);
#1898=LINE('',#9300,#2266);
#1899=LINE('',#9306,#2267);
#1900=LINE('',#9312,#2268);
#1901=LINE('',#9318,#2269);
#1902=LINE('',#9324,#2270);
#1903=LINE('',#9330,#2271);
#1904=LINE('',#9336,#2272);
#1905=LINE('',#9342,#2273);
#1906=LINE('',#9348,#2274);
#1907=LINE('',#9354,#2275);
#1908=LINE('',#9360,#2276);
#1909=LINE('',#9366,#2277);
#1910=LINE('',#9371,#2278);
#1911=LINE('',#9373,#2279);
#1912=LINE('',#9375,#2280);
#1913=LINE('',#9376,#2281);
#1914=LINE('',#9381,#2282);
#1915=LINE('',#9385,#2283);
#1916=LINE('',#9387,#2284);
#1917=LINE('',#9388,#2285);
#1918=LINE('',#9393,#2286);
#1919=LINE('',#9397,#2287);
#1920=LINE('',#9399,#2288);
#1921=LINE('',#9400,#2289);
#1922=LINE('',#9405,#2290);
#1923=LINE('',#9409,#2291);
#1924=LINE('',#9411,#2292);
#1925=LINE('',#9412,#2293);
#1926=LINE('',#9419,#2294);
#1927=LINE('',#9421,#2295);
#1928=LINE('',#9423,#2296);
#1929=LINE('',#9424,#2297);
#1930=LINE('',#9429,#2298);
#1931=LINE('',#9433,#2299);
#1932=LINE('',#9435,#2300);
#1933=LINE('',#9436,#2301);
#1934=LINE('',#9441,#2302);
#1935=LINE('',#9445,#2303);
#1936=LINE('',#9447,#2304);
#1937=LINE('',#9448,#2305);
#1938=LINE('',#9453,#2306);
#1939=LINE('',#9457,#2307);
#1940=LINE('',#9459,#2308);
#1941=LINE('',#9460,#2309);
#1942=LINE('',#9470,#2310);
#1943=LINE('',#9475,#2311);
#1944=LINE('',#9479,#2312);
#1945=LINE('',#9488,#2313);
#1946=LINE('',#9494,#2314);
#1947=LINE('',#9500,#2315);
#1948=LINE('',#9506,#2316);
#1949=LINE('',#9512,#2317);
#1950=LINE('',#9518,#2318);
#1951=LINE('',#9524,#2319);
#1952=LINE('',#9530,#2320);
#1953=LINE('',#9536,#2321);
#1954=LINE('',#9542,#2322);
#1955=LINE('',#9548,#2323);
#1956=LINE('',#9554,#2324);
#1957=LINE('',#9559,#2325);
#1958=LINE('',#9561,#2326);
#1959=LINE('',#9563,#2327);
#1960=LINE('',#9564,#2328);
#1961=LINE('',#9569,#2329);
#1962=LINE('',#9573,#2330);
#1963=LINE('',#9575,#2331);
#1964=LINE('',#9576,#2332);
#1965=LINE('',#9581,#2333);
#1966=LINE('',#9585,#2334);
#1967=LINE('',#9587,#2335);
#1968=LINE('',#9588,#2336);
#1969=LINE('',#9593,#2337);
#1970=LINE('',#9597,#2338);
#1971=LINE('',#9599,#2339);
#1972=LINE('',#9600,#2340);
#1973=LINE('',#9607,#2341);
#1974=LINE('',#9609,#2342);
#1975=LINE('',#9611,#2343);
#1976=LINE('',#9612,#2344);
#1977=LINE('',#9617,#2345);
#1978=LINE('',#9621,#2346);
#1979=LINE('',#9623,#2347);
#1980=LINE('',#9624,#2348);
#1981=LINE('',#9629,#2349);
#1982=LINE('',#9633,#2350);
#1983=LINE('',#9635,#2351);
#1984=LINE('',#9636,#2352);
#1985=LINE('',#9641,#2353);
#1986=LINE('',#9645,#2354);
#1987=LINE('',#9647,#2355);
#1988=LINE('',#9648,#2356);
#1989=LINE('',#9658,#2357);
#1990=LINE('',#9664,#2358);
#1991=LINE('',#9671,#2359);
#1992=LINE('',#9677,#2360);
#1993=LINE('',#9684,#2361);
#1994=LINE('',#9690,#2362);
#1995=LINE('',#9697,#2363);
#1996=LINE('',#9703,#2364);
#1997=LINE('',#9710,#2365);
#1998=LINE('',#9716,#2366);
#1999=LINE('',#9723,#2367);
#2000=LINE('',#9729,#2368);
#2001=LINE('',#9736,#2369);
#2002=LINE('',#9742,#2370);
#2003=LINE('',#9749,#2371);
#2004=LINE('',#9755,#2372);
#2005=LINE('',#9762,#2373);
#2006=LINE('',#9768,#2374);
#2007=LINE('',#9775,#2375);
#2008=LINE('',#9781,#2376);
#2009=LINE('',#9788,#2377);
#2010=LINE('',#9794,#2378);
#2011=LINE('',#9801,#2379);
#2012=LINE('',#9807,#2380);
#2013=LINE('',#9814,#2381);
#2014=LINE('',#9820,#2382);
#2015=LINE('',#9827,#2383);
#2016=LINE('',#9833,#2384);
#2017=LINE('',#9839,#2385);
#2018=LINE('',#9841,#2386);
#2019=LINE('',#9843,#2387);
#2020=LINE('',#9844,#2388);
#2021=LINE('',#9849,#2389);
#2022=LINE('',#9853,#2390);
#2023=LINE('',#9855,#2391);
#2024=LINE('',#9856,#2392);
#2025=LINE('',#9861,#2393);
#2026=LINE('',#9865,#2394);
#2027=LINE('',#9867,#2395);
#2028=LINE('',#9868,#2396);
#2029=LINE('',#9873,#2397);
#2030=LINE('',#9877,#2398);
#2031=LINE('',#9879,#2399);
#2032=LINE('',#9880,#2400);
#2033=LINE('',#9887,#2401);
#2034=LINE('',#9889,#2402);
#2035=LINE('',#9891,#2403);
#2036=LINE('',#9892,#2404);
#2037=LINE('',#9897,#2405);
#2038=LINE('',#9901,#2406);
#2039=LINE('',#9903,#2407);
#2040=LINE('',#9904,#2408);
#2041=LINE('',#9909,#2409);
#2042=LINE('',#9913,#2410);
#2043=LINE('',#9915,#2411);
#2044=LINE('',#9916,#2412);
#2045=LINE('',#9921,#2413);
#2046=LINE('',#9925,#2414);
#2047=LINE('',#9927,#2415);
#2048=LINE('',#9928,#2416);
#2049=VECTOR('',#6509,10.);
#2050=VECTOR('',#6512,10.);
#2051=VECTOR('',#6525,1.6);
#2052=VECTOR('',#6532,1.6);
#2053=VECTOR('',#6539,1.6);
#2054=VECTOR('',#6546,1.6);
#2055=VECTOR('',#6553,1.6);
#2056=VECTOR('',#6560,1.6);
#2057=VECTOR('',#6567,1.6);
#2058=VECTOR('',#6574,1.6);
#2059=VECTOR('',#6581,1.6);
#2060=VECTOR('',#6588,1.6);
#2061=VECTOR('',#6595,1.6);
#2062=VECTOR('',#6602,1.6);
#2063=VECTOR('',#6609,1.6);
#2064=VECTOR('',#6614,10.);
#2065=VECTOR('',#6615,10.);
#2066=VECTOR('',#6616,10.);
#2067=VECTOR('',#6617,10.);
#2068=VECTOR('',#6624,10.);
#2069=VECTOR('',#6627,10.);
#2070=VECTOR('',#6628,10.);
#2071=VECTOR('',#6629,10.);
#2072=VECTOR('',#6636,10.);
#2073=VECTOR('',#6639,10.);
#2074=VECTOR('',#6640,10.);
#2075=VECTOR('',#6641,10.);
#2076=VECTOR('',#6648,10.);
#2077=VECTOR('',#6651,10.);
#2078=VECTOR('',#6652,10.);
#2079=VECTOR('',#6653,10.);
#2080=VECTOR('',#6662,10.);
#2081=VECTOR('',#6663,10.);
#2082=VECTOR('',#6664,10.);
#2083=VECTOR('',#6665,10.);
#2084=VECTOR('',#6672,10.);
#2085=VECTOR('',#6675,10.);
#2086=VECTOR('',#6676,10.);
#2087=VECTOR('',#6677,10.);
#2088=VECTOR('',#6684,10.);
#2089=VECTOR('',#6687,10.);
#2090=VECTOR('',#6688,10.);
#2091=VECTOR('',#6689,10.);
#2092=VECTOR('',#6696,10.);
#2093=VECTOR('',#6699,10.);
#2094=VECTOR('',#6700,10.);
#2095=VECTOR('',#6701,10.);
#2096=VECTOR('',#6714,10.);
#2097=VECTOR('',#6717,10.);
#2098=VECTOR('',#6730,1.6);
#2099=VECTOR('',#6737,1.6);
#2100=VECTOR('',#6744,1.6);
#2101=VECTOR('',#6751,1.6);
#2102=VECTOR('',#6758,1.6);
#2103=VECTOR('',#6765,1.6);
#2104=VECTOR('',#6772,1.6);
#2105=VECTOR('',#6779,1.6);
#2106=VECTOR('',#6786,1.6);
#2107=VECTOR('',#6793,1.6);
#2108=VECTOR('',#6800,1.6);
#2109=VECTOR('',#6807,1.6);
#2110=VECTOR('',#6814,1.6);
#2111=VECTOR('',#6819,10.);
#2112=VECTOR('',#6820,10.);
#2113=VECTOR('',#6821,10.);
#2114=VECTOR('',#6822,10.);
#2115=VECTOR('',#6829,10.);
#2116=VECTOR('',#6832,10.);
#2117=VECTOR('',#6833,10.);
#2118=VECTOR('',#6834,10.);
#2119=VECTOR('',#6841,10.);
#2120=VECTOR('',#6844,10.);
#2121=VECTOR('',#6845,10.);
#2122=VECTOR('',#6846,10.);
#2123=VECTOR('',#6853,10.);
#2124=VECTOR('',#6856,10.);
#2125=VECTOR('',#6857,10.);
#2126=VECTOR('',#6858,10.);
#2127=VECTOR('',#6867,10.);
#2128=VECTOR('',#6868,10.);
#2129=VECTOR('',#6869,10.);
#2130=VECTOR('',#6870,10.);
#2131=VECTOR('',#6877,10.);
#2132=VECTOR('',#6880,10.);
#2133=VECTOR('',#6881,10.);
#2134=VECTOR('',#6882,10.);
#2135=VECTOR('',#6889,10.);
#2136=VECTOR('',#6892,10.);
#2137=VECTOR('',#6893,10.);
#2138=VECTOR('',#6894,10.);
#2139=VECTOR('',#6901,10.);
#2140=VECTOR('',#6904,10.);
#2141=VECTOR('',#6905,10.);
#2142=VECTOR('',#6906,10.);
#2143=VECTOR('',#6921,1.6);
#2144=VECTOR('',#6928,3.0000000447054);
#2145=VECTOR('',#6937,1.6);
#2146=VECTOR('',#6944,3.0000000447054);
#2147=VECTOR('',#6953,1.6);
#2148=VECTOR('',#6960,3.0000000447054);
#2149=VECTOR('',#6969,1.6);
#2150=VECTOR('',#6976,3.0000000447054);
#2151=VECTOR('',#6985,1.6);
#2152=VECTOR('',#6992,3.0000000447054);
#2153=VECTOR('',#7001,1.6);
#2154=VECTOR('',#7008,3.0000000447054);
#2155=VECTOR('',#7017,1.6);
#2156=VECTOR('',#7024,3.0000000447054);
#2157=VECTOR('',#7033,1.6);
#2158=VECTOR('',#7040,3.0000000447054);
#2159=VECTOR('',#7049,1.6);
#2160=VECTOR('',#7056,3.0000000447054);
#2161=VECTOR('',#7065,1.6);
#2162=VECTOR('',#7072,3.0000000447054);
#2163=VECTOR('',#7081,1.6);
#2164=VECTOR('',#7088,3.0000000447054);
#2165=VECTOR('',#7097,1.6);
#2166=VECTOR('',#7104,3.0000000447054);
#2167=VECTOR('',#7113,1.6);
#2168=VECTOR('',#7120,3.0000000447054);
#2169=VECTOR('',#7129,1.6);
#2170=VECTOR('',#7136,3.0000000447054);
#2171=VECTOR('',#7143,10.);
#2172=VECTOR('',#7144,10.);
#2173=VECTOR('',#7145,10.);
#2174=VECTOR('',#7146,10.);
#2175=VECTOR('',#7153,10.);
#2176=VECTOR('',#7156,10.);
#2177=VECTOR('',#7157,10.);
#2178=VECTOR('',#7158,10.);
#2179=VECTOR('',#7165,10.);
#2180=VECTOR('',#7168,10.);
#2181=VECTOR('',#7169,10.);
#2182=VECTOR('',#7170,10.);
#2183=VECTOR('',#7177,10.);
#2184=VECTOR('',#7180,10.);
#2185=VECTOR('',#7181,10.);
#2186=VECTOR('',#7182,10.);
#2187=VECTOR('',#7191,10.);
#2188=VECTOR('',#7192,10.);
#2189=VECTOR('',#7193,10.);
#2190=VECTOR('',#7194,10.);
#2191=VECTOR('',#7201,10.);
#2192=VECTOR('',#7204,10.);
#2193=VECTOR('',#7205,10.);
#2194=VECTOR('',#7206,10.);
#2195=VECTOR('',#7213,10.);
#2196=VECTOR('',#7216,10.);
#2197=VECTOR('',#7217,10.);
#2198=VECTOR('',#7218,10.);
#2199=VECTOR('',#7225,10.);
#2200=VECTOR('',#7228,10.);
#2201=VECTOR('',#7229,10.);
#2202=VECTOR('',#7230,10.);
#2203=VECTOR('',#7245,2.55000000000003);
#2204=VECTOR('',#7254,2.55000000000003);
#2205=VECTOR('',#7263,2.55000000000003);
#2206=VECTOR('',#7272,2.55000000000003);
#2207=VECTOR('',#7281,2.55000000000003);
#2208=VECTOR('',#7290,2.55000000000003);
#2209=VECTOR('',#7299,2.55000000000003);
#2210=VECTOR('',#7308,2.55000000000003);
#2211=VECTOR('',#7317,2.55000000000003);
#2212=VECTOR('',#7326,2.55000000000003);
#2213=VECTOR('',#7335,2.55000000000003);
#2214=VECTOR('',#7344,2.55000000000003);
#2215=VECTOR('',#7353,2.55000000000003);
#2216=VECTOR('',#7362,2.55000000000003);
#2217=VECTOR('',#7371,2.55000000000003);
#2218=VECTOR('',#7380,2.55000000000003);
#2219=VECTOR('',#7389,2.55000000000003);
#2220=VECTOR('',#7398,2.55000000000003);
#2221=VECTOR('',#7407,2.55000000000003);
#2222=VECTOR('',#7416,2.55000000000003);
#2223=VECTOR('',#7425,2.55000000000003);
#2224=VECTOR('',#7434,2.55000000000003);
#2225=VECTOR('',#7443,2.55000000000003);
#2226=VECTOR('',#7452,2.55000000000003);
#2227=VECTOR('',#7461,2.55000000000003);
#2228=VECTOR('',#7470,2.55000000000003);
#2229=VECTOR('',#7479,2.55000000000003);
#2230=VECTOR('',#7488,2.55000000000003);
#2231=VECTOR('',#7495,10.);
#2232=VECTOR('',#7496,10.);
#2233=VECTOR('',#7497,10.);
#2234=VECTOR('',#7498,10.);
#2235=VECTOR('',#7505,10.);
#2236=VECTOR('',#7508,10.);
#2237=VECTOR('',#7509,10.);
#2238=VECTOR('',#7510,10.);
#2239=VECTOR('',#7517,10.);
#2240=VECTOR('',#7520,10.);
#2241=VECTOR('',#7521,10.);
#2242=VECTOR('',#7522,10.);
#2243=VECTOR('',#7529,10.);
#2244=VECTOR('',#7532,10.);
#2245=VECTOR('',#7533,10.);
#2246=VECTOR('',#7534,10.);
#2247=VECTOR('',#7543,10.);
#2248=VECTOR('',#7544,10.);
#2249=VECTOR('',#7545,10.);
#2250=VECTOR('',#7546,10.);
#2251=VECTOR('',#7553,10.);
#2252=VECTOR('',#7556,10.);
#2253=VECTOR('',#7557,10.);
#2254=VECTOR('',#7558,10.);
#2255=VECTOR('',#7565,10.);
#2256=VECTOR('',#7568,10.);
#2257=VECTOR('',#7569,10.);
#2258=VECTOR('',#7570,10.);
#2259=VECTOR('',#7577,10.);
#2260=VECTOR('',#7580,10.);
#2261=VECTOR('',#7581,10.);
#2262=VECTOR('',#7582,10.);
#2263=VECTOR('',#7597,1.6);
#2264=VECTOR('',#7602,10.);
#2265=VECTOR('',#7605,10.);
#2266=VECTOR('',#7618,1.6);
#2267=VECTOR('',#7625,1.6);
#2268=VECTOR('',#7632,1.6);
#2269=VECTOR('',#7639,1.6);
#2270=VECTOR('',#7646,1.6);
#2271=VECTOR('',#7653,1.6);
#2272=VECTOR('',#7660,1.6);
#2273=VECTOR('',#7667,1.6);
#2274=VECTOR('',#7674,1.6);
#2275=VECTOR('',#7681,1.6);
#2276=VECTOR('',#7688,1.6);
#2277=VECTOR('',#7695,1.6);
#2278=VECTOR('',#7700,10.);
#2279=VECTOR('',#7701,10.);
#2280=VECTOR('',#7702,10.);
#2281=VECTOR('',#7703,10.);
#2282=VECTOR('',#7708,10.);
#2283=VECTOR('',#7713,10.);
#2284=VECTOR('',#7714,10.);
#2285=VECTOR('',#7715,10.);
#2286=VECTOR('',#7720,10.);
#2287=VECTOR('',#7725,10.);
#2288=VECTOR('',#7726,10.);
#2289=VECTOR('',#7727,10.);
#2290=VECTOR('',#7732,10.);
#2291=VECTOR('',#7737,10.);
#2292=VECTOR('',#7738,10.);
#2293=VECTOR('',#7739,10.);
#2294=VECTOR('',#7748,10.);
#2295=VECTOR('',#7749,10.);
#2296=VECTOR('',#7750,10.);
#2297=VECTOR('',#7751,10.);
#2298=VECTOR('',#7756,10.);
#2299=VECTOR('',#7761,10.);
#2300=VECTOR('',#7762,10.);
#2301=VECTOR('',#7763,10.);
#2302=VECTOR('',#7768,10.);
#2303=VECTOR('',#7773,10.);
#2304=VECTOR('',#7774,10.);
#2305=VECTOR('',#7775,10.);
#2306=VECTOR('',#7780,10.);
#2307=VECTOR('',#7785,10.);
#2308=VECTOR('',#7786,10.);
#2309=VECTOR('',#7787,10.);
#2310=VECTOR('',#7802,1.6);
#2311=VECTOR('',#7807,10.);
#2312=VECTOR('',#7810,10.);
#2313=VECTOR('',#7823,1.6);
#2314=VECTOR('',#7830,1.6);
#2315=VECTOR('',#7837,1.6);
#2316=VECTOR('',#7844,1.6);
#2317=VECTOR('',#7851,1.6);
#2318=VECTOR('',#7858,1.6);
#2319=VECTOR('',#7865,1.6);
#2320=VECTOR('',#7872,1.6);
#2321=VECTOR('',#7879,1.6);
#2322=VECTOR('',#7886,1.6);
#2323=VECTOR('',#7893,1.6);
#2324=VECTOR('',#7900,1.6);
#2325=VECTOR('',#7905,10.);
#2326=VECTOR('',#7906,10.);
#2327=VECTOR('',#7907,10.);
#2328=VECTOR('',#7908,10.);
#2329=VECTOR('',#7913,10.);
#2330=VECTOR('',#7918,10.);
#2331=VECTOR('',#7919,10.);
#2332=VECTOR('',#7920,10.);
#2333=VECTOR('',#7925,10.);
#2334=VECTOR('',#7930,10.);
#2335=VECTOR('',#7931,10.);
#2336=VECTOR('',#7932,10.);
#2337=VECTOR('',#7937,10.);
#2338=VECTOR('',#7942,10.);
#2339=VECTOR('',#7943,10.);
#2340=VECTOR('',#7944,10.);
#2341=VECTOR('',#7953,10.);
#2342=VECTOR('',#7954,10.);
#2343=VECTOR('',#7955,10.);
#2344=VECTOR('',#7956,10.);
#2345=VECTOR('',#7961,10.);
#2346=VECTOR('',#7966,10.);
#2347=VECTOR('',#7967,10.);
#2348=VECTOR('',#7968,10.);
#2349=VECTOR('',#7973,10.);
#2350=VECTOR('',#7978,10.);
#2351=VECTOR('',#7979,10.);
#2352=VECTOR('',#7980,10.);
#2353=VECTOR('',#7985,10.);
#2354=VECTOR('',#7990,10.);
#2355=VECTOR('',#7991,10.);
#2356=VECTOR('',#7992,10.);
#2357=VECTOR('',#8007,1.6);
#2358=VECTOR('',#8014,3.0000000447054);
#2359=VECTOR('',#8023,1.6);
#2360=VECTOR('',#8030,3.0000000447054);
#2361=VECTOR('',#8039,1.6);
#2362=VECTOR('',#8046,3.0000000447054);
#2363=VECTOR('',#8055,1.6);
#2364=VECTOR('',#8062,3.0000000447054);
#2365=VECTOR('',#8071,1.6);
#2366=VECTOR('',#8078,3.0000000447054);
#2367=VECTOR('',#8087,1.6);
#2368=VECTOR('',#8094,3.0000000447054);
#2369=VECTOR('',#8103,1.6);
#2370=VECTOR('',#8110,3.0000000447054);
#2371=VECTOR('',#8119,1.6);
#2372=VECTOR('',#8126,3.0000000447054);
#2373=VECTOR('',#8135,1.6);
#2374=VECTOR('',#8142,3.0000000447054);
#2375=VECTOR('',#8151,1.6);
#2376=VECTOR('',#8158,3.0000000447054);
#2377=VECTOR('',#8167,1.6);
#2378=VECTOR('',#8174,3.0000000447054);
#2379=VECTOR('',#8183,1.6);
#2380=VECTOR('',#8190,3.0000000447054);
#2381=VECTOR('',#8199,1.6);
#2382=VECTOR('',#8206,3.0000000447054);
#2383=VECTOR('',#8215,1.6);
#2384=VECTOR('',#8222,3.0000000447054);
#2385=VECTOR('',#8229,10.);
#2386=VECTOR('',#8230,10.);
#2387=VECTOR('',#8231,10.);
#2388=VECTOR('',#8232,10.);
#2389=VECTOR('',#8237,10.);
#2390=VECTOR('',#8242,10.);
#2391=VECTOR('',#8243,10.);
#2392=VECTOR('',#8244,10.);
#2393=VECTOR('',#8249,10.);
#2394=VECTOR('',#8254,10.);
#2395=VECTOR('',#8255,10.);
#2396=VECTOR('',#8256,10.);
#2397=VECTOR('',#8261,10.);
#2398=VECTOR('',#8266,10.);
#2399=VECTOR('',#8267,10.);
#2400=VECTOR('',#8268,10.);
#2401=VECTOR('',#8277,10.);
#2402=VECTOR('',#8278,10.);
#2403=VECTOR('',#8279,10.);
#2404=VECTOR('',#8280,10.);
#2405=VECTOR('',#8285,10.);
#2406=VECTOR('',#8290,10.);
#2407=VECTOR('',#8291,10.);
#2408=VECTOR('',#8292,10.);
#2409=VECTOR('',#8297,10.);
#2410=VECTOR('',#8302,10.);
#2411=VECTOR('',#8303,10.);
#2412=VECTOR('',#8304,10.);
#2413=VECTOR('',#8309,10.);
#2414=VECTOR('',#8314,10.);
#2415=VECTOR('',#8315,10.);
#2416=VECTOR('',#8316,10.);
#2417=VERTEX_POINT('',#8329);
#2418=VERTEX_POINT('',#8330);
#2419=VERTEX_POINT('',#8332);
#2420=VERTEX_POINT('',#8334);
#2421=VERTEX_POINT('',#8341);
#2422=VERTEX_POINT('',#8343);
#2423=VERTEX_POINT('',#8347);
#2424=VERTEX_POINT('',#8349);
#2425=VERTEX_POINT('',#8353);
#2426=VERTEX_POINT('',#8355);
#2427=VERTEX_POINT('',#8359);
#2428=VERTEX_POINT('',#8361);
#2429=VERTEX_POINT('',#8365);
#2430=VERTEX_POINT('',#8367);
#2431=VERTEX_POINT('',#8371);
#2432=VERTEX_POINT('',#8373);
#2433=VERTEX_POINT('',#8377);
#2434=VERTEX_POINT('',#8379);
#2435=VERTEX_POINT('',#8383);
#2436=VERTEX_POINT('',#8385);
#2437=VERTEX_POINT('',#8389);
#2438=VERTEX_POINT('',#8391);
#2439=VERTEX_POINT('',#8395);
#2440=VERTEX_POINT('',#8397);
#2441=VERTEX_POINT('',#8401);
#2442=VERTEX_POINT('',#8403);
#2443=VERTEX_POINT('',#8407);
#2444=VERTEX_POINT('',#8409);
#2445=VERTEX_POINT('',#8413);
#2446=VERTEX_POINT('',#8415);
#2447=VERTEX_POINT('',#8419);
#2448=VERTEX_POINT('',#8420);
#2449=VERTEX_POINT('',#8422);
#2450=VERTEX_POINT('',#8424);
#2451=VERTEX_POINT('',#8428);
#2452=VERTEX_POINT('',#8430);
#2453=VERTEX_POINT('',#8434);
#2454=VERTEX_POINT('',#8436);
#2455=VERTEX_POINT('',#8440);
#2456=VERTEX_POINT('',#8442);
#2457=VERTEX_POINT('',#8446);
#2458=VERTEX_POINT('',#8448);
#2459=VERTEX_POINT('',#8452);
#2460=VERTEX_POINT('',#8454);
#2461=VERTEX_POINT('',#8458);
#2462=VERTEX_POINT('',#8460);
#2463=VERTEX_POINT('',#8467);
#2464=VERTEX_POINT('',#8468);
#2465=VERTEX_POINT('',#8470);
#2466=VERTEX_POINT('',#8472);
#2467=VERTEX_POINT('',#8476);
#2468=VERTEX_POINT('',#8478);
#2469=VERTEX_POINT('',#8482);
#2470=VERTEX_POINT('',#8484);
#2471=VERTEX_POINT('',#8488);
#2472=VERTEX_POINT('',#8490);
#2473=VERTEX_POINT('',#8494);
#2474=VERTEX_POINT('',#8496);
#2475=VERTEX_POINT('',#8500);
#2476=VERTEX_POINT('',#8502);
#2477=VERTEX_POINT('',#8506);
#2478=VERTEX_POINT('',#8508);
#2479=VERTEX_POINT('',#8517);
#2480=VERTEX_POINT('',#8518);
#2481=VERTEX_POINT('',#8520);
#2482=VERTEX_POINT('',#8522);
#2483=VERTEX_POINT('',#8529);
#2484=VERTEX_POINT('',#8531);
#2485=VERTEX_POINT('',#8535);
#2486=VERTEX_POINT('',#8537);
#2487=VERTEX_POINT('',#8541);
#2488=VERTEX_POINT('',#8543);
#2489=VERTEX_POINT('',#8547);
#2490=VERTEX_POINT('',#8549);
#2491=VERTEX_POINT('',#8553);
#2492=VERTEX_POINT('',#8555);
#2493=VERTEX_POINT('',#8559);
#2494=VERTEX_POINT('',#8561);
#2495=VERTEX_POINT('',#8565);
#2496=VERTEX_POINT('',#8567);
#2497=VERTEX_POINT('',#8571);
#2498=VERTEX_POINT('',#8573);
#2499=VERTEX_POINT('',#8577);
#2500=VERTEX_POINT('',#8579);
#2501=VERTEX_POINT('',#8583);
#2502=VERTEX_POINT('',#8585);
#2503=VERTEX_POINT('',#8589);
#2504=VERTEX_POINT('',#8591);
#2505=VERTEX_POINT('',#8595);
#2506=VERTEX_POINT('',#8597);
#2507=VERTEX_POINT('',#8601);
#2508=VERTEX_POINT('',#8603);
#2509=VERTEX_POINT('',#8607);
#2510=VERTEX_POINT('',#8608);
#2511=VERTEX_POINT('',#8610);
#2512=VERTEX_POINT('',#8612);
#2513=VERTEX_POINT('',#8616);
#2514=VERTEX_POINT('',#8618);
#2515=VERTEX_POINT('',#8622);
#2516=VERTEX_POINT('',#8624);
#2517=VERTEX_POINT('',#8628);
#2518=VERTEX_POINT('',#8630);
#2519=VERTEX_POINT('',#8634);
#2520=VERTEX_POINT('',#8636);
#2521=VERTEX_POINT('',#8640);
#2522=VERTEX_POINT('',#8642);
#2523=VERTEX_POINT('',#8646);
#2524=VERTEX_POINT('',#8648);
#2525=VERTEX_POINT('',#8655);
#2526=VERTEX_POINT('',#8656);
#2527=VERTEX_POINT('',#8658);
#2528=VERTEX_POINT('',#8660);
#2529=VERTEX_POINT('',#8664);
#2530=VERTEX_POINT('',#8666);
#2531=VERTEX_POINT('',#8670);
#2532=VERTEX_POINT('',#8672);
#2533=VERTEX_POINT('',#8676);
#2534=VERTEX_POINT('',#8678);
#2535=VERTEX_POINT('',#8682);
#2536=VERTEX_POINT('',#8684);
#2537=VERTEX_POINT('',#8688);
#2538=VERTEX_POINT('',#8690);
#2539=VERTEX_POINT('',#8694);
#2540=VERTEX_POINT('',#8696);
#2541=VERTEX_POINT('',#8705);
#2542=VERTEX_POINT('',#8707);
#2543=VERTEX_POINT('',#8711);
#2544=VERTEX_POINT('',#8713);
#2545=VERTEX_POINT('',#8718);
#2546=VERTEX_POINT('',#8720);
#2547=VERTEX_POINT('',#8724);
#2548=VERTEX_POINT('',#8726);
#2549=VERTEX_POINT('',#8731);
#2550=VERTEX_POINT('',#8733);
#2551=VERTEX_POINT('',#8737);
#2552=VERTEX_POINT('',#8739);
#2553=VERTEX_POINT('',#8744);
#2554=VERTEX_POINT('',#8746);
#2555=VERTEX_POINT('',#8750);
#2556=VERTEX_POINT('',#8752);
#2557=VERTEX_POINT('',#8757);
#2558=VERTEX_POINT('',#8759);
#2559=VERTEX_POINT('',#8763);
#2560=VERTEX_POINT('',#8765);
#2561=VERTEX_POINT('',#8770);
#2562=VERTEX_POINT('',#8772);
#2563=VERTEX_POINT('',#8776);
#2564=VERTEX_POINT('',#8778);
#2565=VERTEX_POINT('',#8783);
#2566=VERTEX_POINT('',#8785);
#2567=VERTEX_POINT('',#8789);
#2568=VERTEX_POINT('',#8791);
#2569=VERTEX_POINT('',#8796);
#2570=VERTEX_POINT('',#8798);
#2571=VERTEX_POINT('',#8802);
#2572=VERTEX_POINT('',#8804);
#2573=VERTEX_POINT('',#8809);
#2574=VERTEX_POINT('',#8811);
#2575=VERTEX_POINT('',#8815);
#2576=VERTEX_POINT('',#8817);
#2577=VERTEX_POINT('',#8822);
#2578=VERTEX_POINT('',#8824);
#2579=VERTEX_POINT('',#8828);
#2580=VERTEX_POINT('',#8830);
#2581=VERTEX_POINT('',#8835);
#2582=VERTEX_POINT('',#8837);
#2583=VERTEX_POINT('',#8841);
#2584=VERTEX_POINT('',#8843);
#2585=VERTEX_POINT('',#8848);
#2586=VERTEX_POINT('',#8850);
#2587=VERTEX_POINT('',#8854);
#2588=VERTEX_POINT('',#8856);
#2589=VERTEX_POINT('',#8861);
#2590=VERTEX_POINT('',#8863);
#2591=VERTEX_POINT('',#8867);
#2592=VERTEX_POINT('',#8869);
#2593=VERTEX_POINT('',#8874);
#2594=VERTEX_POINT('',#8876);
#2595=VERTEX_POINT('',#8880);
#2596=VERTEX_POINT('',#8882);
#2597=VERTEX_POINT('',#8887);
#2598=VERTEX_POINT('',#8888);
#2599=VERTEX_POINT('',#8890);
#2600=VERTEX_POINT('',#8892);
#2601=VERTEX_POINT('',#8896);
#2602=VERTEX_POINT('',#8898);
#2603=VERTEX_POINT('',#8902);
#2604=VERTEX_POINT('',#8904);
#2605=VERTEX_POINT('',#8908);
#2606=VERTEX_POINT('',#8910);
#2607=VERTEX_POINT('',#8914);
#2608=VERTEX_POINT('',#8916);
#2609=VERTEX_POINT('',#8920);
#2610=VERTEX_POINT('',#8922);
#2611=VERTEX_POINT('',#8926);
#2612=VERTEX_POINT('',#8928);
#2613=VERTEX_POINT('',#8935);
#2614=VERTEX_POINT('',#8936);
#2615=VERTEX_POINT('',#8938);
#2616=VERTEX_POINT('',#8940);
#2617=VERTEX_POINT('',#8944);
#2618=VERTEX_POINT('',#8946);
#2619=VERTEX_POINT('',#8950);
#2620=VERTEX_POINT('',#8952);
#2621=VERTEX_POINT('',#8956);
#2622=VERTEX_POINT('',#8958);
#2623=VERTEX_POINT('',#8962);
#2624=VERTEX_POINT('',#8964);
#2625=VERTEX_POINT('',#8968);
#2626=VERTEX_POINT('',#8970);
#2627=VERTEX_POINT('',#8974);
#2628=VERTEX_POINT('',#8976);
#2629=VERTEX_POINT('',#8985);
#2630=VERTEX_POINT('',#8987);
#2631=VERTEX_POINT('',#8992);
#2632=VERTEX_POINT('',#8994);
#2633=VERTEX_POINT('',#8999);
#2634=VERTEX_POINT('',#9001);
#2635=VERTEX_POINT('',#9006);
#2636=VERTEX_POINT('',#9008);
#2637=VERTEX_POINT('',#9013);
#2638=VERTEX_POINT('',#9015);
#2639=VERTEX_POINT('',#9020);
#2640=VERTEX_POINT('',#9022);
#2641=VERTEX_POINT('',#9027);
#2642=VERTEX_POINT('',#9029);
#2643=VERTEX_POINT('',#9034);
#2644=VERTEX_POINT('',#9036);
#2645=VERTEX_POINT('',#9041);
#2646=VERTEX_POINT('',#9043);
#2647=VERTEX_POINT('',#9048);
#2648=VERTEX_POINT('',#9050);
#2649=VERTEX_POINT('',#9055);
#2650=VERTEX_POINT('',#9057);
#2651=VERTEX_POINT('',#9062);
#2652=VERTEX_POINT('',#9064);
#2653=VERTEX_POINT('',#9069);
#2654=VERTEX_POINT('',#9071);
#2655=VERTEX_POINT('',#9076);
#2656=VERTEX_POINT('',#9078);
#2657=VERTEX_POINT('',#9083);
#2658=VERTEX_POINT('',#9085);
#2659=VERTEX_POINT('',#9090);
#2660=VERTEX_POINT('',#9092);
#2661=VERTEX_POINT('',#9097);
#2662=VERTEX_POINT('',#9099);
#2663=VERTEX_POINT('',#9104);
#2664=VERTEX_POINT('',#9106);
#2665=VERTEX_POINT('',#9111);
#2666=VERTEX_POINT('',#9113);
#2667=VERTEX_POINT('',#9118);
#2668=VERTEX_POINT('',#9120);
#2669=VERTEX_POINT('',#9125);
#2670=VERTEX_POINT('',#9127);
#2671=VERTEX_POINT('',#9132);
#2672=VERTEX_POINT('',#9134);
#2673=VERTEX_POINT('',#9139);
#2674=VERTEX_POINT('',#9141);
#2675=VERTEX_POINT('',#9146);
#2676=VERTEX_POINT('',#9148);
#2677=VERTEX_POINT('',#9153);
#2678=VERTEX_POINT('',#9155);
#2679=VERTEX_POINT('',#9160);
#2680=VERTEX_POINT('',#9162);
#2681=VERTEX_POINT('',#9167);
#2682=VERTEX_POINT('',#9169);
#2683=VERTEX_POINT('',#9174);
#2684=VERTEX_POINT('',#9176);
#2685=VERTEX_POINT('',#9181);
#2686=VERTEX_POINT('',#9182);
#2687=VERTEX_POINT('',#9184);
#2688=VERTEX_POINT('',#9186);
#2689=VERTEX_POINT('',#9190);
#2690=VERTEX_POINT('',#9192);
#2691=VERTEX_POINT('',#9196);
#2692=VERTEX_POINT('',#9198);
#2693=VERTEX_POINT('',#9202);
#2694=VERTEX_POINT('',#9204);
#2695=VERTEX_POINT('',#9208);
#2696=VERTEX_POINT('',#9210);
#2697=VERTEX_POINT('',#9214);
#2698=VERTEX_POINT('',#9216);
#2699=VERTEX_POINT('',#9220);
#2700=VERTEX_POINT('',#9222);
#2701=VERTEX_POINT('',#9229);
#2702=VERTEX_POINT('',#9230);
#2703=VERTEX_POINT('',#9232);
#2704=VERTEX_POINT('',#9234);
#2705=VERTEX_POINT('',#9238);
#2706=VERTEX_POINT('',#9240);
#2707=VERTEX_POINT('',#9244);
#2708=VERTEX_POINT('',#9246);
#2709=VERTEX_POINT('',#9250);
#2710=VERTEX_POINT('',#9252);
#2711=VERTEX_POINT('',#9256);
#2712=VERTEX_POINT('',#9258);
#2713=VERTEX_POINT('',#9262);
#2714=VERTEX_POINT('',#9264);
#2715=VERTEX_POINT('',#9268);
#2716=VERTEX_POINT('',#9270);
#2717=VERTEX_POINT('',#9279);
#2718=VERTEX_POINT('',#9281);
#2719=VERTEX_POINT('',#9285);
#2720=VERTEX_POINT('',#9286);
#2721=VERTEX_POINT('',#9288);
#2722=VERTEX_POINT('',#9290);
#2723=VERTEX_POINT('',#9297);
#2724=VERTEX_POINT('',#9299);
#2725=VERTEX_POINT('',#9303);
#2726=VERTEX_POINT('',#9305);
#2727=VERTEX_POINT('',#9309);
#2728=VERTEX_POINT('',#9311);
#2729=VERTEX_POINT('',#9315);
#2730=VERTEX_POINT('',#9317);
#2731=VERTEX_POINT('',#9321);
#2732=VERTEX_POINT('',#9323);
#2733=VERTEX_POINT('',#9327);
#2734=VERTEX_POINT('',#9329);
#2735=VERTEX_POINT('',#9333);
#2736=VERTEX_POINT('',#9335);
#2737=VERTEX_POINT('',#9339);
#2738=VERTEX_POINT('',#9341);
#2739=VERTEX_POINT('',#9345);
#2740=VERTEX_POINT('',#9347);
#2741=VERTEX_POINT('',#9351);
#2742=VERTEX_POINT('',#9353);
#2743=VERTEX_POINT('',#9357);
#2744=VERTEX_POINT('',#9359);
#2745=VERTEX_POINT('',#9363);
#2746=VERTEX_POINT('',#9365);
#2747=VERTEX_POINT('',#9369);
#2748=VERTEX_POINT('',#9370);
#2749=VERTEX_POINT('',#9372);
#2750=VERTEX_POINT('',#9374);
#2751=VERTEX_POINT('',#9378);
#2752=VERTEX_POINT('',#9380);
#2753=VERTEX_POINT('',#9384);
#2754=VERTEX_POINT('',#9386);
#2755=VERTEX_POINT('',#9390);
#2756=VERTEX_POINT('',#9392);
#2757=VERTEX_POINT('',#9396);
#2758=VERTEX_POINT('',#9398);
#2759=VERTEX_POINT('',#9402);
#2760=VERTEX_POINT('',#9404);
#2761=VERTEX_POINT('',#9408);
#2762=VERTEX_POINT('',#9410);
#2763=VERTEX_POINT('',#9417);
#2764=VERTEX_POINT('',#9418);
#2765=VERTEX_POINT('',#9420);
#2766=VERTEX_POINT('',#9422);
#2767=VERTEX_POINT('',#9426);
#2768=VERTEX_POINT('',#9428);
#2769=VERTEX_POINT('',#9432);
#2770=VERTEX_POINT('',#9434);
#2771=VERTEX_POINT('',#9438);
#2772=VERTEX_POINT('',#9440);
#2773=VERTEX_POINT('',#9444);
#2774=VERTEX_POINT('',#9446);
#2775=VERTEX_POINT('',#9450);
#2776=VERTEX_POINT('',#9452);
#2777=VERTEX_POINT('',#9456);
#2778=VERTEX_POINT('',#9458);
#2779=VERTEX_POINT('',#9467);
#2780=VERTEX_POINT('',#9469);
#2781=VERTEX_POINT('',#9473);
#2782=VERTEX_POINT('',#9474);
#2783=VERTEX_POINT('',#9476);
#2784=VERTEX_POINT('',#9478);
#2785=VERTEX_POINT('',#9485);
#2786=VERTEX_POINT('',#9487);
#2787=VERTEX_POINT('',#9491);
#2788=VERTEX_POINT('',#9493);
#2789=VERTEX_POINT('',#9497);
#2790=VERTEX_POINT('',#9499);
#2791=VERTEX_POINT('',#9503);
#2792=VERTEX_POINT('',#9505);
#2793=VERTEX_POINT('',#9509);
#2794=VERTEX_POINT('',#9511);
#2795=VERTEX_POINT('',#9515);
#2796=VERTEX_POINT('',#9517);
#2797=VERTEX_POINT('',#9521);
#2798=VERTEX_POINT('',#9523);
#2799=VERTEX_POINT('',#9527);
#2800=VERTEX_POINT('',#9529);
#2801=VERTEX_POINT('',#9533);
#2802=VERTEX_POINT('',#9535);
#2803=VERTEX_POINT('',#9539);
#2804=VERTEX_POINT('',#9541);
#2805=VERTEX_POINT('',#9545);
#2806=VERTEX_POINT('',#9547);
#2807=VERTEX_POINT('',#9551);
#2808=VERTEX_POINT('',#9553);
#2809=VERTEX_POINT('',#9557);
#2810=VERTEX_POINT('',#9558);
#2811=VERTEX_POINT('',#9560);
#2812=VERTEX_POINT('',#9562);
#2813=VERTEX_POINT('',#9566);
#2814=VERTEX_POINT('',#9568);
#2815=VERTEX_POINT('',#9572);
#2816=VERTEX_POINT('',#9574);
#2817=VERTEX_POINT('',#9578);
#2818=VERTEX_POINT('',#9580);
#2819=VERTEX_POINT('',#9584);
#2820=VERTEX_POINT('',#9586);
#2821=VERTEX_POINT('',#9590);
#2822=VERTEX_POINT('',#9592);
#2823=VERTEX_POINT('',#9596);
#2824=VERTEX_POINT('',#9598);
#2825=VERTEX_POINT('',#9605);
#2826=VERTEX_POINT('',#9606);
#2827=VERTEX_POINT('',#9608);
#2828=VERTEX_POINT('',#9610);
#2829=VERTEX_POINT('',#9614);
#2830=VERTEX_POINT('',#9616);
#2831=VERTEX_POINT('',#9620);
#2832=VERTEX_POINT('',#9622);
#2833=VERTEX_POINT('',#9626);
#2834=VERTEX_POINT('',#9628);
#2835=VERTEX_POINT('',#9632);
#2836=VERTEX_POINT('',#9634);
#2837=VERTEX_POINT('',#9638);
#2838=VERTEX_POINT('',#9640);
#2839=VERTEX_POINT('',#9644);
#2840=VERTEX_POINT('',#9646);
#2841=VERTEX_POINT('',#9655);
#2842=VERTEX_POINT('',#9657);
#2843=VERTEX_POINT('',#9661);
#2844=VERTEX_POINT('',#9663);
#2845=VERTEX_POINT('',#9668);
#2846=VERTEX_POINT('',#9670);
#2847=VERTEX_POINT('',#9674);
#2848=VERTEX_POINT('',#9676);
#2849=VERTEX_POINT('',#9681);
#2850=VERTEX_POINT('',#9683);
#2851=VERTEX_POINT('',#9687);
#2852=VERTEX_POINT('',#9689);
#2853=VERTEX_POINT('',#9694);
#2854=VERTEX_POINT('',#9696);
#2855=VERTEX_POINT('',#9700);
#2856=VERTEX_POINT('',#9702);
#2857=VERTEX_POINT('',#9707);
#2858=VERTEX_POINT('',#9709);
#2859=VERTEX_POINT('',#9713);
#2860=VERTEX_POINT('',#9715);
#2861=VERTEX_POINT('',#9720);
#2862=VERTEX_POINT('',#9722);
#2863=VERTEX_POINT('',#9726);
#2864=VERTEX_POINT('',#9728);
#2865=VERTEX_POINT('',#9733);
#2866=VERTEX_POINT('',#9735);
#2867=VERTEX_POINT('',#9739);
#2868=VERTEX_POINT('',#9741);
#2869=VERTEX_POINT('',#9746);
#2870=VERTEX_POINT('',#9748);
#2871=VERTEX_POINT('',#9752);
#2872=VERTEX_POINT('',#9754);
#2873=VERTEX_POINT('',#9759);
#2874=VERTEX_POINT('',#9761);
#2875=VERTEX_POINT('',#9765);
#2876=VERTEX_POINT('',#9767);
#2877=VERTEX_POINT('',#9772);
#2878=VERTEX_POINT('',#9774);
#2879=VERTEX_POINT('',#9778);
#2880=VERTEX_POINT('',#9780);
#2881=VERTEX_POINT('',#9785);
#2882=VERTEX_POINT('',#9787);
#2883=VERTEX_POINT('',#9791);
#2884=VERTEX_POINT('',#9793);
#2885=VERTEX_POINT('',#9798);
#2886=VERTEX_POINT('',#9800);
#2887=VERTEX_POINT('',#9804);
#2888=VERTEX_POINT('',#9806);
#2889=VERTEX_POINT('',#9811);
#2890=VERTEX_POINT('',#9813);
#2891=VERTEX_POINT('',#9817);
#2892=VERTEX_POINT('',#9819);
#2893=VERTEX_POINT('',#9824);
#2894=VERTEX_POINT('',#9826);
#2895=VERTEX_POINT('',#9830);
#2896=VERTEX_POINT('',#9832);
#2897=VERTEX_POINT('',#9837);
#2898=VERTEX_POINT('',#9838);
#2899=VERTEX_POINT('',#9840);
#2900=VERTEX_POINT('',#9842);
#2901=VERTEX_POINT('',#9846);
#2902=VERTEX_POINT('',#9848);
#2903=VERTEX_POINT('',#9852);
#2904=VERTEX_POINT('',#9854);
#2905=VERTEX_POINT('',#9858);
#2906=VERTEX_POINT('',#9860);
#2907=VERTEX_POINT('',#9864);
#2908=VERTEX_POINT('',#9866);
#2909=VERTEX_POINT('',#9870);
#2910=VERTEX_POINT('',#9872);
#2911=VERTEX_POINT('',#9876);
#2912=VERTEX_POINT('',#9878);
#2913=VERTEX_POINT('',#9885);
#2914=VERTEX_POINT('',#9886);
#2915=VERTEX_POINT('',#9888);
#2916=VERTEX_POINT('',#9890);
#2917=VERTEX_POINT('',#9894);
#2918=VERTEX_POINT('',#9896);
#2919=VERTEX_POINT('',#9900);
#2920=VERTEX_POINT('',#9902);
#2921=VERTEX_POINT('',#9906);
#2922=VERTEX_POINT('',#9908);
#2923=VERTEX_POINT('',#9912);
#2924=VERTEX_POINT('',#9914);
#2925=VERTEX_POINT('',#9918);
#2926=VERTEX_POINT('',#9920);
#2927=VERTEX_POINT('',#9924);
#2928=VERTEX_POINT('',#9926);
#2929=EDGE_CURVE('',#2417,#2418,#1681,.T.);
#2930=EDGE_CURVE('',#2419,#2417,#1281,.T.);
#2931=EDGE_CURVE('',#2420,#2419,#1682,.T.);
#2932=EDGE_CURVE('',#2418,#2420,#1282,.T.);
#2933=EDGE_CURVE('',#2417,#2419,#1283,.T.);
#2934=EDGE_CURVE('',#2420,#2418,#1284,.T.);
#2935=EDGE_CURVE('',#2421,#2421,#1285,.T.);
#2936=EDGE_CURVE('',#2421,#2422,#1683,.T.);
#2937=EDGE_CURVE('',#2422,#2422,#1286,.T.);
#2938=EDGE_CURVE('',#2423,#2423,#1287,.T.);
#2939=EDGE_CURVE('',#2423,#2424,#1684,.T.);
#2940=EDGE_CURVE('',#2424,#2424,#1288,.T.);
#2941=EDGE_CURVE('',#2425,#2425,#1289,.T.);
#2942=EDGE_CURVE('',#2425,#2426,#1685,.T.);
#2943=EDGE_CURVE('',#2426,#2426,#1290,.T.);
#2944=EDGE_CURVE('',#2427,#2427,#1291,.T.);
#2945=EDGE_CURVE('',#2427,#2428,#1686,.T.);
#2946=EDGE_CURVE('',#2428,#2428,#1292,.T.);
#2947=EDGE_CURVE('',#2429,#2429,#1293,.T.);
#2948=EDGE_CURVE('',#2429,#2430,#1687,.T.);
#2949=EDGE_CURVE('',#2430,#2430,#1294,.T.);
#2950=EDGE_CURVE('',#2431,#2431,#1295,.T.);
#2951=EDGE_CURVE('',#2431,#2432,#1688,.T.);
#2952=EDGE_CURVE('',#2432,#2432,#1296,.T.);
#2953=EDGE_CURVE('',#2433,#2433,#1297,.T.);
#2954=EDGE_CURVE('',#2433,#2434,#1689,.T.);
#2955=EDGE_CURVE('',#2434,#2434,#1298,.T.);
#2956=EDGE_CURVE('',#2435,#2435,#1299,.T.);
#2957=EDGE_CURVE('',#2435,#2436,#1690,.T.);
#2958=EDGE_CURVE('',#2436,#2436,#1300,.T.);
#2959=EDGE_CURVE('',#2437,#2437,#1301,.T.);
#2960=EDGE_CURVE('',#2437,#2438,#1691,.T.);
#2961=EDGE_CURVE('',#2438,#2438,#1302,.T.);
#2962=EDGE_CURVE('',#2439,#2439,#1303,.T.);
#2963=EDGE_CURVE('',#2439,#2440,#1692,.T.);
#2964=EDGE_CURVE('',#2440,#2440,#1304,.T.);
#2965=EDGE_CURVE('',#2441,#2441,#1305,.T.);
#2966=EDGE_CURVE('',#2441,#2442,#1693,.T.);
#2967=EDGE_CURVE('',#2442,#2442,#1306,.T.);
#2968=EDGE_CURVE('',#2443,#2443,#1307,.T.);
#2969=EDGE_CURVE('',#2443,#2444,#1694,.T.);
#2970=EDGE_CURVE('',#2444,#2444,#1308,.T.);
#2971=EDGE_CURVE('',#2445,#2445,#1309,.T.);
#2972=EDGE_CURVE('',#2445,#2446,#1695,.T.);
#2973=EDGE_CURVE('',#2446,#2446,#1310,.T.);
#2974=EDGE_CURVE('',#2447,#2448,#1696,.T.);
#2975=EDGE_CURVE('',#2447,#2449,#1697,.T.);
#2976=EDGE_CURVE('',#2450,#2449,#1698,.T.);
#2977=EDGE_CURVE('',#2448,#2450,#1699,.T.);
#2978=EDGE_CURVE('',#2448,#2451,#1311,.T.);
#2979=EDGE_CURVE('',#2452,#2450,#1312,.T.);
#2980=EDGE_CURVE('',#2451,#2452,#1700,.T.);
#2981=EDGE_CURVE('',#2451,#2453,#1701,.T.);
#2982=EDGE_CURVE('',#2454,#2452,#1702,.T.);
#2983=EDGE_CURVE('',#2453,#2454,#1703,.T.);
#2984=EDGE_CURVE('',#2453,#2455,#1313,.T.);
#2985=EDGE_CURVE('',#2456,#2454,#1314,.T.);
#2986=EDGE_CURVE('',#2455,#2456,#1704,.T.);
#2987=EDGE_CURVE('',#2455,#2457,#1705,.T.);
#2988=EDGE_CURVE('',#2458,#2456,#1706,.T.);
#2989=EDGE_CURVE('',#2457,#2458,#1707,.T.);
#2990=EDGE_CURVE('',#2457,#2459,#1315,.T.);
#2991=EDGE_CURVE('',#2460,#2458,#1316,.T.);
#2992=EDGE_CURVE('',#2459,#2460,#1708,.T.);
#2993=EDGE_CURVE('',#2459,#2461,#1709,.T.);
#2994=EDGE_CURVE('',#2462,#2460,#1710,.T.);
#2995=EDGE_CURVE('',#2461,#2462,#1711,.T.);
#2996=EDGE_CURVE('',#2461,#2447,#1317,.T.);
#2997=EDGE_CURVE('',#2449,#2462,#1318,.T.);
#2998=EDGE_CURVE('',#2463,#2464,#1712,.T.);
#2999=EDGE_CURVE('',#2463,#2465,#1713,.T.);
#3000=EDGE_CURVE('',#2466,#2465,#1714,.T.);
#3001=EDGE_CURVE('',#2464,#2466,#1715,.T.);
#3002=EDGE_CURVE('',#2464,#2467,#1319,.T.);
#3003=EDGE_CURVE('',#2468,#2466,#1320,.T.);
#3004=EDGE_CURVE('',#2467,#2468,#1716,.T.);
#3005=EDGE_CURVE('',#2469,#2467,#1717,.T.);
#3006=EDGE_CURVE('',#2470,#2468,#1718,.T.);
#3007=EDGE_CURVE('',#2469,#2470,#1719,.T.);
#3008=EDGE_CURVE('',#2469,#2471,#1321,.T.);
#3009=EDGE_CURVE('',#2472,#2470,#1322,.T.);
#3010=EDGE_CURVE('',#2471,#2472,#1720,.T.);
#3011=EDGE_CURVE('',#2471,#2473,#1721,.T.);
#3012=EDGE_CURVE('',#2474,#2472,#1722,.T.);
#3013=EDGE_CURVE('',#2473,#2474,#1723,.T.);
#3014=EDGE_CURVE('',#2473,#2475,#1323,.T.);
#3015=EDGE_CURVE('',#2476,#2474,#1324,.T.);
#3016=EDGE_CURVE('',#2475,#2476,#1724,.T.);
#3017=EDGE_CURVE('',#2477,#2475,#1725,.T.);
#3018=EDGE_CURVE('',#2478,#2476,#1726,.T.);
#3019=EDGE_CURVE('',#2477,#2478,#1727,.T.);
#3020=EDGE_CURVE('',#2477,#2463,#1325,.T.);
#3021=EDGE_CURVE('',#2465,#2478,#1326,.T.);
#3022=EDGE_CURVE('',#2479,#2480,#1728,.T.);
#3023=EDGE_CURVE('',#2481,#2479,#1327,.T.);
#3024=EDGE_CURVE('',#2482,#2481,#1729,.T.);
#3025=EDGE_CURVE('',#2480,#2482,#1328,.T.);
#3026=EDGE_CURVE('',#2479,#2481,#1329,.T.);
#3027=EDGE_CURVE('',#2482,#2480,#1330,.T.);
#3028=EDGE_CURVE('',#2483,#2483,#1331,.T.);
#3029=EDGE_CURVE('',#2483,#2484,#1730,.T.);
#3030=EDGE_CURVE('',#2484,#2484,#1332,.T.);
#3031=EDGE_CURVE('',#2485,#2485,#1333,.T.);
#3032=EDGE_CURVE('',#2485,#2486,#1731,.T.);
#3033=EDGE_CURVE('',#2486,#2486,#1334,.T.);
#3034=EDGE_CURVE('',#2487,#2487,#1335,.T.);
#3035=EDGE_CURVE('',#2487,#2488,#1732,.T.);
#3036=EDGE_CURVE('',#2488,#2488,#1336,.T.);
#3037=EDGE_CURVE('',#2489,#2489,#1337,.T.);
#3038=EDGE_CURVE('',#2489,#2490,#1733,.T.);
#3039=EDGE_CURVE('',#2490,#2490,#1338,.T.);
#3040=EDGE_CURVE('',#2491,#2491,#1339,.T.);
#3041=EDGE_CURVE('',#2491,#2492,#1734,.T.);
#3042=EDGE_CURVE('',#2492,#2492,#1340,.T.);
#3043=EDGE_CURVE('',#2493,#2493,#1341,.T.);
#3044=EDGE_CURVE('',#2493,#2494,#1735,.T.);
#3045=EDGE_CURVE('',#2494,#2494,#1342,.T.);
#3046=EDGE_CURVE('',#2495,#2495,#1343,.T.);
#3047=EDGE_CURVE('',#2495,#2496,#1736,.T.);
#3048=EDGE_CURVE('',#2496,#2496,#1344,.T.);
#3049=EDGE_CURVE('',#2497,#2497,#1345,.T.);
#3050=EDGE_CURVE('',#2497,#2498,#1737,.T.);
#3051=EDGE_CURVE('',#2498,#2498,#1346,.T.);
#3052=EDGE_CURVE('',#2499,#2499,#1347,.T.);
#3053=EDGE_CURVE('',#2499,#2500,#1738,.T.);
#3054=EDGE_CURVE('',#2500,#2500,#1348,.T.);
#3055=EDGE_CURVE('',#2501,#2501,#1349,.T.);
#3056=EDGE_CURVE('',#2501,#2502,#1739,.T.);
#3057=EDGE_CURVE('',#2502,#2502,#1350,.T.);
#3058=EDGE_CURVE('',#2503,#2503,#1351,.T.);
#3059=EDGE_CURVE('',#2503,#2504,#1740,.T.);
#3060=EDGE_CURVE('',#2504,#2504,#1352,.T.);
#3061=EDGE_CURVE('',#2505,#2505,#1353,.T.);
#3062=EDGE_CURVE('',#2505,#2506,#1741,.T.);
#3063=EDGE_CURVE('',#2506,#2506,#1354,.T.);
#3064=EDGE_CURVE('',#2507,#2507,#1355,.T.);
#3065=EDGE_CURVE('',#2507,#2508,#1742,.T.);
#3066=EDGE_CURVE('',#2508,#2508,#1356,.T.);
#3067=EDGE_CURVE('',#2509,#2510,#1743,.T.);
#3068=EDGE_CURVE('',#2509,#2511,#1744,.T.);
#3069=EDGE_CURVE('',#2512,#2511,#1745,.T.);
#3070=EDGE_CURVE('',#2510,#2512,#1746,.T.);
#3071=EDGE_CURVE('',#2510,#2513,#1357,.T.);
#3072=EDGE_CURVE('',#2514,#2512,#1358,.T.);
#3073=EDGE_CURVE('',#2513,#2514,#1747,.T.);
#3074=EDGE_CURVE('',#2513,#2515,#1748,.T.);
#3075=EDGE_CURVE('',#2516,#2514,#1749,.T.);
#3076=EDGE_CURVE('',#2515,#2516,#1750,.T.);
#3077=EDGE_CURVE('',#2515,#2517,#1359,.T.);
#3078=EDGE_CURVE('',#2518,#2516,#1360,.T.);
#3079=EDGE_CURVE('',#2517,#2518,#1751,.T.);
#3080=EDGE_CURVE('',#2517,#2519,#1752,.T.);
#3081=EDGE_CURVE('',#2520,#2518,#1753,.T.);
#3082=EDGE_CURVE('',#2519,#2520,#1754,.T.);
#3083=EDGE_CURVE('',#2519,#2521,#1361,.T.);
#3084=EDGE_CURVE('',#2522,#2520,#1362,.T.);
#3085=EDGE_CURVE('',#2521,#2522,#1755,.T.);
#3086=EDGE_CURVE('',#2521,#2523,#1756,.T.);
#3087=EDGE_CURVE('',#2524,#2522,#1757,.T.);
#3088=EDGE_CURVE('',#2523,#2524,#1758,.T.);
#3089=EDGE_CURVE('',#2523,#2509,#1363,.T.);
#3090=EDGE_CURVE('',#2511,#2524,#1364,.T.);
#3091=EDGE_CURVE('',#2525,#2526,#1759,.T.);
#3092=EDGE_CURVE('',#2525,#2527,#1760,.T.);
#3093=EDGE_CURVE('',#2528,#2527,#1761,.T.);
#3094=EDGE_CURVE('',#2526,#2528,#1762,.T.);
#3095=EDGE_CURVE('',#2526,#2529,#1365,.T.);
#3096=EDGE_CURVE('',#2530,#2528,#1366,.T.);
#3097=EDGE_CURVE('',#2529,#2530,#1763,.T.);
#3098=EDGE_CURVE('',#2531,#2529,#1764,.T.);
#3099=EDGE_CURVE('',#2532,#2530,#1765,.T.);
#3100=EDGE_CURVE('',#2531,#2532,#1766,.T.);
#3101=EDGE_CURVE('',#2531,#2533,#1367,.T.);
#3102=EDGE_CURVE('',#2534,#2532,#1368,.T.);
#3103=EDGE_CURVE('',#2533,#2534,#1767,.T.);
#3104=EDGE_CURVE('',#2533,#2535,#1768,.T.);
#3105=EDGE_CURVE('',#2536,#2534,#1769,.T.);
#3106=EDGE_CURVE('',#2535,#2536,#1770,.T.);
#3107=EDGE_CURVE('',#2535,#2537,#1369,.T.);
#3108=EDGE_CURVE('',#2538,#2536,#1370,.T.);
#3109=EDGE_CURVE('',#2537,#2538,#1771,.T.);
#3110=EDGE_CURVE('',#2539,#2537,#1772,.T.);
#3111=EDGE_CURVE('',#2540,#2538,#1773,.T.);
#3112=EDGE_CURVE('',#2539,#2540,#1774,.T.);
#3113=EDGE_CURVE('',#2539,#2525,#1371,.T.);
#3114=EDGE_CURVE('',#2527,#2540,#1372,.T.);
#3115=EDGE_CURVE('',#2541,#2541,#1373,.T.);
#3116=EDGE_CURVE('',#2541,#2542,#1775,.T.);
#3117=EDGE_CURVE('',#2542,#2542,#1374,.T.);
#3118=EDGE_CURVE('',#2543,#2543,#1375,.T.);
#3119=EDGE_CURVE('',#2543,#2544,#1776,.T.);
#3120=EDGE_CURVE('',#2544,#2544,#1376,.T.);
#3121=EDGE_CURVE('',#2545,#2545,#1377,.T.);
#3122=EDGE_CURVE('',#2545,#2546,#1777,.T.);
#3123=EDGE_CURVE('',#2546,#2546,#1378,.T.);
#3124=EDGE_CURVE('',#2547,#2547,#1379,.T.);
#3125=EDGE_CURVE('',#2547,#2548,#1778,.T.);
#3126=EDGE_CURVE('',#2548,#2548,#1380,.T.);
#3127=EDGE_CURVE('',#2549,#2549,#1381,.T.);
#3128=EDGE_CURVE('',#2549,#2550,#1779,.T.);
#3129=EDGE_CURVE('',#2550,#2550,#1382,.T.);
#3130=EDGE_CURVE('',#2551,#2551,#1383,.T.);
#3131=EDGE_CURVE('',#2551,#2552,#1780,.T.);
#3132=EDGE_CURVE('',#2552,#2552,#1384,.T.);
#3133=EDGE_CURVE('',#2553,#2553,#1385,.T.);
#3134=EDGE_CURVE('',#2553,#2554,#1781,.T.);
#3135=EDGE_CURVE('',#2554,#2554,#1386,.T.);
#3136=EDGE_CURVE('',#2555,#2555,#1387,.T.);
#3137=EDGE_CURVE('',#2555,#2556,#1782,.T.);
#3138=EDGE_CURVE('',#2556,#2556,#1388,.T.);
#3139=EDGE_CURVE('',#2557,#2557,#1389,.T.);
#3140=EDGE_CURVE('',#2557,#2558,#1783,.T.);
#3141=EDGE_CURVE('',#2558,#2558,#1390,.T.);
#3142=EDGE_CURVE('',#2559,#2559,#1391,.T.);
#3143=EDGE_CURVE('',#2559,#2560,#1784,.T.);
#3144=EDGE_CURVE('',#2560,#2560,#1392,.T.);
#3145=EDGE_CURVE('',#2561,#2561,#1393,.T.);
#3146=EDGE_CURVE('',#2561,#2562,#1785,.T.);
#3147=EDGE_CURVE('',#2562,#2562,#1394,.T.);
#3148=EDGE_CURVE('',#2563,#2563,#1395,.T.);
#3149=EDGE_CURVE('',#2563,#2564,#1786,.T.);
#3150=EDGE_CURVE('',#2564,#2564,#1396,.T.);
#3151=EDGE_CURVE('',#2565,#2565,#1397,.T.);
#3152=EDGE_CURVE('',#2565,#2566,#1787,.T.);
#3153=EDGE_CURVE('',#2566,#2566,#1398,.T.);
#3154=EDGE_CURVE('',#2567,#2567,#1399,.T.);
#3155=EDGE_CURVE('',#2567,#2568,#1788,.T.);
#3156=EDGE_CURVE('',#2568,#2568,#1400,.T.);
#3157=EDGE_CURVE('',#2569,#2569,#1401,.T.);
#3158=EDGE_CURVE('',#2569,#2570,#1789,.T.);
#3159=EDGE_CURVE('',#2570,#2570,#1402,.T.);
#3160=EDGE_CURVE('',#2571,#2571,#1403,.T.);
#3161=EDGE_CURVE('',#2571,#2572,#1790,.T.);
#3162=EDGE_CURVE('',#2572,#2572,#1404,.T.);
#3163=EDGE_CURVE('',#2573,#2573,#1405,.T.);
#3164=EDGE_CURVE('',#2573,#2574,#1791,.T.);
#3165=EDGE_CURVE('',#2574,#2574,#1406,.T.);
#3166=EDGE_CURVE('',#2575,#2575,#1407,.T.);
#3167=EDGE_CURVE('',#2575,#2576,#1792,.T.);
#3168=EDGE_CURVE('',#2576,#2576,#1408,.T.);
#3169=EDGE_CURVE('',#2577,#2577,#1409,.T.);
#3170=EDGE_CURVE('',#2577,#2578,#1793,.T.);
#3171=EDGE_CURVE('',#2578,#2578,#1410,.T.);
#3172=EDGE_CURVE('',#2579,#2579,#1411,.T.);
#3173=EDGE_CURVE('',#2579,#2580,#1794,.T.);
#3174=EDGE_CURVE('',#2580,#2580,#1412,.T.);
#3175=EDGE_CURVE('',#2581,#2581,#1413,.T.);
#3176=EDGE_CURVE('',#2581,#2582,#1795,.T.);
#3177=EDGE_CURVE('',#2582,#2582,#1414,.T.);
#3178=EDGE_CURVE('',#2583,#2583,#1415,.T.);
#3179=EDGE_CURVE('',#2583,#2584,#1796,.T.);
#3180=EDGE_CURVE('',#2584,#2584,#1416,.T.);
#3181=EDGE_CURVE('',#2585,#2585,#1417,.T.);
#3182=EDGE_CURVE('',#2585,#2586,#1797,.T.);
#3183=EDGE_CURVE('',#2586,#2586,#1418,.T.);
#3184=EDGE_CURVE('',#2587,#2587,#1419,.T.);
#3185=EDGE_CURVE('',#2587,#2588,#1798,.T.);
#3186=EDGE_CURVE('',#2588,#2588,#1420,.T.);
#3187=EDGE_CURVE('',#2589,#2589,#1421,.T.);
#3188=EDGE_CURVE('',#2589,#2590,#1799,.T.);
#3189=EDGE_CURVE('',#2590,#2590,#1422,.T.);
#3190=EDGE_CURVE('',#2591,#2591,#1423,.T.);
#3191=EDGE_CURVE('',#2591,#2592,#1800,.T.);
#3192=EDGE_CURVE('',#2592,#2592,#1424,.T.);
#3193=EDGE_CURVE('',#2593,#2593,#1425,.T.);
#3194=EDGE_CURVE('',#2593,#2594,#1801,.T.);
#3195=EDGE_CURVE('',#2594,#2594,#1426,.T.);
#3196=EDGE_CURVE('',#2595,#2595,#1427,.T.);
#3197=EDGE_CURVE('',#2595,#2596,#1802,.T.);
#3198=EDGE_CURVE('',#2596,#2596,#1428,.T.);
#3199=EDGE_CURVE('',#2597,#2598,#1803,.T.);
#3200=EDGE_CURVE('',#2597,#2599,#1804,.T.);
#3201=EDGE_CURVE('',#2600,#2599,#1805,.T.);
#3202=EDGE_CURVE('',#2598,#2600,#1806,.T.);
#3203=EDGE_CURVE('',#2598,#2601,#1429,.T.);
#3204=EDGE_CURVE('',#2602,#2600,#1430,.T.);
#3205=EDGE_CURVE('',#2601,#2602,#1807,.T.);
#3206=EDGE_CURVE('',#2601,#2603,#1808,.T.);
#3207=EDGE_CURVE('',#2604,#2602,#1809,.T.);
#3208=EDGE_CURVE('',#2603,#2604,#1810,.T.);
#3209=EDGE_CURVE('',#2603,#2605,#1431,.T.);
#3210=EDGE_CURVE('',#2606,#2604,#1432,.T.);
#3211=EDGE_CURVE('',#2605,#2606,#1811,.T.);
#3212=EDGE_CURVE('',#2605,#2607,#1812,.T.);
#3213=EDGE_CURVE('',#2608,#2606,#1813,.T.);
#3214=EDGE_CURVE('',#2607,#2608,#1814,.T.);
#3215=EDGE_CURVE('',#2607,#2609,#1433,.T.);
#3216=EDGE_CURVE('',#2610,#2608,#1434,.T.);
#3217=EDGE_CURVE('',#2609,#2610,#1815,.T.);
#3218=EDGE_CURVE('',#2609,#2611,#1816,.T.);
#3219=EDGE_CURVE('',#2612,#2610,#1817,.T.);
#3220=EDGE_CURVE('',#2611,#2612,#1818,.T.);
#3221=EDGE_CURVE('',#2611,#2597,#1435,.T.);
#3222=EDGE_CURVE('',#2599,#2612,#1436,.T.);
#3223=EDGE_CURVE('',#2613,#2614,#1819,.T.);
#3224=EDGE_CURVE('',#2613,#2615,#1820,.T.);
#3225=EDGE_CURVE('',#2616,#2615,#1821,.T.);
#3226=EDGE_CURVE('',#2614,#2616,#1822,.T.);
#3227=EDGE_CURVE('',#2614,#2617,#1437,.T.);
#3228=EDGE_CURVE('',#2618,#2616,#1438,.T.);
#3229=EDGE_CURVE('',#2617,#2618,#1823,.T.);
#3230=EDGE_CURVE('',#2619,#2617,#1824,.T.);
#3231=EDGE_CURVE('',#2620,#2618,#1825,.T.);
#3232=EDGE_CURVE('',#2619,#2620,#1826,.T.);
#3233=EDGE_CURVE('',#2619,#2621,#1439,.T.);
#3234=EDGE_CURVE('',#2622,#2620,#1440,.T.);
#3235=EDGE_CURVE('',#2621,#2622,#1827,.T.);
#3236=EDGE_CURVE('',#2621,#2623,#1828,.T.);
#3237=EDGE_CURVE('',#2624,#2622,#1829,.T.);
#3238=EDGE_CURVE('',#2623,#2624,#1830,.T.);
#3239=EDGE_CURVE('',#2623,#2625,#1441,.T.);
#3240=EDGE_CURVE('',#2626,#2624,#1442,.T.);
#3241=EDGE_CURVE('',#2625,#2626,#1831,.T.);
#3242=EDGE_CURVE('',#2627,#2625,#1832,.T.);
#3243=EDGE_CURVE('',#2628,#2626,#1833,.T.);
#3244=EDGE_CURVE('',#2627,#2628,#1834,.T.);
#3245=EDGE_CURVE('',#2627,#2613,#1443,.T.);
#3246=EDGE_CURVE('',#2615,#2628,#1444,.T.);
#3247=EDGE_CURVE('',#2629,#2629,#1445,.T.);
#3248=EDGE_CURVE('',#2629,#2630,#1835,.T.);
#3249=EDGE_CURVE('',#2630,#2630,#1446,.T.);
#3250=EDGE_CURVE('',#2631,#2631,#1447,.T.);
#3251=EDGE_CURVE('',#2631,#2632,#1836,.T.);
#3252=EDGE_CURVE('',#2632,#2632,#1448,.T.);
#3253=EDGE_CURVE('',#2633,#2633,#1449,.T.);
#3254=EDGE_CURVE('',#2633,#2634,#1837,.T.);
#3255=EDGE_CURVE('',#2634,#2634,#1450,.T.);
#3256=EDGE_CURVE('',#2635,#2635,#1451,.T.);
#3257=EDGE_CURVE('',#2635,#2636,#1838,.T.);
#3258=EDGE_CURVE('',#2636,#2636,#1452,.T.);
#3259=EDGE_CURVE('',#2637,#2637,#1453,.T.);
#3260=EDGE_CURVE('',#2637,#2638,#1839,.T.);
#3261=EDGE_CURVE('',#2638,#2638,#1454,.T.);
#3262=EDGE_CURVE('',#2639,#2639,#1455,.T.);
#3263=EDGE_CURVE('',#2639,#2640,#1840,.T.);
#3264=EDGE_CURVE('',#2640,#2640,#1456,.T.);
#3265=EDGE_CURVE('',#2641,#2641,#1457,.T.);
#3266=EDGE_CURVE('',#2641,#2642,#1841,.T.);
#3267=EDGE_CURVE('',#2642,#2642,#1458,.T.);
#3268=EDGE_CURVE('',#2643,#2643,#1459,.T.);
#3269=EDGE_CURVE('',#2643,#2644,#1842,.T.);
#3270=EDGE_CURVE('',#2644,#2644,#1460,.T.);
#3271=EDGE_CURVE('',#2645,#2645,#1461,.T.);
#3272=EDGE_CURVE('',#2645,#2646,#1843,.T.);
#3273=EDGE_CURVE('',#2646,#2646,#1462,.T.);
#3274=EDGE_CURVE('',#2647,#2647,#1463,.T.);
#3275=EDGE_CURVE('',#2647,#2648,#1844,.T.);
#3276=EDGE_CURVE('',#2648,#2648,#1464,.T.);
#3277=EDGE_CURVE('',#2649,#2649,#1465,.T.);
#3278=EDGE_CURVE('',#2649,#2650,#1845,.T.);
#3279=EDGE_CURVE('',#2650,#2650,#1466,.T.);
#3280=EDGE_CURVE('',#2651,#2651,#1467,.T.);
#3281=EDGE_CURVE('',#2651,#2652,#1846,.T.);
#3282=EDGE_CURVE('',#2652,#2652,#1468,.T.);
#3283=EDGE_CURVE('',#2653,#2653,#1469,.T.);
#3284=EDGE_CURVE('',#2653,#2654,#1847,.T.);
#3285=EDGE_CURVE('',#2654,#2654,#1470,.T.);
#3286=EDGE_CURVE('',#2655,#2655,#1471,.T.);
#3287=EDGE_CURVE('',#2655,#2656,#1848,.T.);
#3288=EDGE_CURVE('',#2656,#2656,#1472,.T.);
#3289=EDGE_CURVE('',#2657,#2657,#1473,.T.);
#3290=EDGE_CURVE('',#2657,#2658,#1849,.T.);
#3291=EDGE_CURVE('',#2658,#2658,#1474,.T.);
#3292=EDGE_CURVE('',#2659,#2659,#1475,.T.);
#3293=EDGE_CURVE('',#2659,#2660,#1850,.T.);
#3294=EDGE_CURVE('',#2660,#2660,#1476,.T.);
#3295=EDGE_CURVE('',#2661,#2661,#1477,.T.);
#3296=EDGE_CURVE('',#2661,#2662,#1851,.T.);
#3297=EDGE_CURVE('',#2662,#2662,#1478,.T.);
#3298=EDGE_CURVE('',#2663,#2663,#1479,.T.);
#3299=EDGE_CURVE('',#2663,#2664,#1852,.T.);
#3300=EDGE_CURVE('',#2664,#2664,#1480,.T.);
#3301=EDGE_CURVE('',#2665,#2665,#1481,.T.);
#3302=EDGE_CURVE('',#2665,#2666,#1853,.T.);
#3303=EDGE_CURVE('',#2666,#2666,#1482,.T.);
#3304=EDGE_CURVE('',#2667,#2667,#1483,.T.);
#3305=EDGE_CURVE('',#2667,#2668,#1854,.T.);
#3306=EDGE_CURVE('',#2668,#2668,#1484,.T.);
#3307=EDGE_CURVE('',#2669,#2669,#1485,.T.);
#3308=EDGE_CURVE('',#2669,#2670,#1855,.T.);
#3309=EDGE_CURVE('',#2670,#2670,#1486,.T.);
#3310=EDGE_CURVE('',#2671,#2671,#1487,.T.);
#3311=EDGE_CURVE('',#2671,#2672,#1856,.T.);
#3312=EDGE_CURVE('',#2672,#2672,#1488,.T.);
#3313=EDGE_CURVE('',#2673,#2673,#1489,.T.);
#3314=EDGE_CURVE('',#2673,#2674,#1857,.T.);
#3315=EDGE_CURVE('',#2674,#2674,#1490,.T.);
#3316=EDGE_CURVE('',#2675,#2675,#1491,.T.);
#3317=EDGE_CURVE('',#2675,#2676,#1858,.T.);
#3318=EDGE_CURVE('',#2676,#2676,#1492,.T.);
#3319=EDGE_CURVE('',#2677,#2677,#1493,.T.);
#3320=EDGE_CURVE('',#2677,#2678,#1859,.T.);
#3321=EDGE_CURVE('',#2678,#2678,#1494,.T.);
#3322=EDGE_CURVE('',#2679,#2679,#1495,.T.);
#3323=EDGE_CURVE('',#2679,#2680,#1860,.T.);
#3324=EDGE_CURVE('',#2680,#2680,#1496,.T.);
#3325=EDGE_CURVE('',#2681,#2681,#1497,.T.);
#3326=EDGE_CURVE('',#2681,#2682,#1861,.T.);
#3327=EDGE_CURVE('',#2682,#2682,#1498,.T.);
#3328=EDGE_CURVE('',#2683,#2683,#1499,.T.);
#3329=EDGE_CURVE('',#2683,#2684,#1862,.T.);
#3330=EDGE_CURVE('',#2684,#2684,#1500,.T.);
#3331=EDGE_CURVE('',#2685,#2686,#1863,.T.);
#3332=EDGE_CURVE('',#2685,#2687,#1864,.T.);
#3333=EDGE_CURVE('',#2688,#2687,#1865,.T.);
#3334=EDGE_CURVE('',#2686,#2688,#1866,.T.);
#3335=EDGE_CURVE('',#2686,#2689,#1501,.T.);
#3336=EDGE_CURVE('',#2690,#2688,#1502,.T.);
#3337=EDGE_CURVE('',#2689,#2690,#1867,.T.);
#3338=EDGE_CURVE('',#2689,#2691,#1868,.T.);
#3339=EDGE_CURVE('',#2692,#2690,#1869,.T.);
#3340=EDGE_CURVE('',#2691,#2692,#1870,.T.);
#3341=EDGE_CURVE('',#2691,#2693,#1503,.T.);
#3342=EDGE_CURVE('',#2694,#2692,#1504,.T.);
#3343=EDGE_CURVE('',#2693,#2694,#1871,.T.);
#3344=EDGE_CURVE('',#2693,#2695,#1872,.T.);
#3345=EDGE_CURVE('',#2696,#2694,#1873,.T.);
#3346=EDGE_CURVE('',#2695,#2696,#1874,.T.);
#3347=EDGE_CURVE('',#2695,#2697,#1505,.T.);
#3348=EDGE_CURVE('',#2698,#2696,#1506,.T.);
#3349=EDGE_CURVE('',#2697,#2698,#1875,.T.);
#3350=EDGE_CURVE('',#2697,#2699,#1876,.T.);
#3351=EDGE_CURVE('',#2700,#2698,#1877,.T.);
#3352=EDGE_CURVE('',#2699,#2700,#1878,.T.);
#3353=EDGE_CURVE('',#2699,#2685,#1507,.T.);
#3354=EDGE_CURVE('',#2687,#2700,#1508,.T.);
#3355=EDGE_CURVE('',#2701,#2702,#1879,.T.);
#3356=EDGE_CURVE('',#2701,#2703,#1880,.T.);
#3357=EDGE_CURVE('',#2704,#2703,#1881,.T.);
#3358=EDGE_CURVE('',#2702,#2704,#1882,.T.);
#3359=EDGE_CURVE('',#2702,#2705,#1509,.T.);
#3360=EDGE_CURVE('',#2706,#2704,#1510,.T.);
#3361=EDGE_CURVE('',#2705,#2706,#1883,.T.);
#3362=EDGE_CURVE('',#2707,#2705,#1884,.T.);
#3363=EDGE_CURVE('',#2708,#2706,#1885,.T.);
#3364=EDGE_CURVE('',#2707,#2708,#1886,.T.);
#3365=EDGE_CURVE('',#2707,#2709,#1511,.T.);
#3366=EDGE_CURVE('',#2710,#2708,#1512,.T.);
#3367=EDGE_CURVE('',#2709,#2710,#1887,.T.);
#3368=EDGE_CURVE('',#2709,#2711,#1888,.T.);
#3369=EDGE_CURVE('',#2712,#2710,#1889,.T.);
#3370=EDGE_CURVE('',#2711,#2712,#1890,.T.);
#3371=EDGE_CURVE('',#2711,#2713,#1513,.T.);
#3372=EDGE_CURVE('',#2714,#2712,#1514,.T.);
#3373=EDGE_CURVE('',#2713,#2714,#1891,.T.);
#3374=EDGE_CURVE('',#2715,#2713,#1892,.T.);
#3375=EDGE_CURVE('',#2716,#2714,#1893,.T.);
#3376=EDGE_CURVE('',#2715,#2716,#1894,.T.);
#3377=EDGE_CURVE('',#2715,#2701,#1515,.T.);
#3378=EDGE_CURVE('',#2703,#2716,#1516,.T.);
#3379=EDGE_CURVE('',#2717,#2717,#1517,.T.);
#3380=EDGE_CURVE('',#2717,#2718,#1895,.T.);
#3381=EDGE_CURVE('',#2718,#2718,#1518,.T.);
#3382=EDGE_CURVE('',#2719,#2720,#1896,.T.);
#3383=EDGE_CURVE('',#2721,#2719,#1519,.T.);
#3384=EDGE_CURVE('',#2722,#2721,#1897,.T.);
#3385=EDGE_CURVE('',#2720,#2722,#1520,.T.);
#3386=EDGE_CURVE('',#2719,#2721,#1521,.T.);
#3387=EDGE_CURVE('',#2722,#2720,#1522,.T.);
#3388=EDGE_CURVE('',#2723,#2723,#1523,.T.);
#3389=EDGE_CURVE('',#2723,#2724,#1898,.T.);
#3390=EDGE_CURVE('',#2724,#2724,#1524,.T.);
#3391=EDGE_CURVE('',#2725,#2725,#1525,.T.);
#3392=EDGE_CURVE('',#2725,#2726,#1899,.T.);
#3393=EDGE_CURVE('',#2726,#2726,#1526,.T.);
#3394=EDGE_CURVE('',#2727,#2727,#1527,.T.);
#3395=EDGE_CURVE('',#2727,#2728,#1900,.T.);
#3396=EDGE_CURVE('',#2728,#2728,#1528,.T.);
#3397=EDGE_CURVE('',#2729,#2729,#1529,.T.);
#3398=EDGE_CURVE('',#2729,#2730,#1901,.T.);
#3399=EDGE_CURVE('',#2730,#2730,#1530,.T.);
#3400=EDGE_CURVE('',#2731,#2731,#1531,.T.);
#3401=EDGE_CURVE('',#2731,#2732,#1902,.T.);
#3402=EDGE_CURVE('',#2732,#2732,#1532,.T.);
#3403=EDGE_CURVE('',#2733,#2733,#1533,.T.);
#3404=EDGE_CURVE('',#2733,#2734,#1903,.T.);
#3405=EDGE_CURVE('',#2734,#2734,#1534,.T.);
#3406=EDGE_CURVE('',#2735,#2735,#1535,.T.);
#3407=EDGE_CURVE('',#2735,#2736,#1904,.T.);
#3408=EDGE_CURVE('',#2736,#2736,#1536,.T.);
#3409=EDGE_CURVE('',#2737,#2737,#1537,.T.);
#3410=EDGE_CURVE('',#2737,#2738,#1905,.T.);
#3411=EDGE_CURVE('',#2738,#2738,#1538,.T.);
#3412=EDGE_CURVE('',#2739,#2739,#1539,.T.);
#3413=EDGE_CURVE('',#2739,#2740,#1906,.T.);
#3414=EDGE_CURVE('',#2740,#2740,#1540,.T.);
#3415=EDGE_CURVE('',#2741,#2741,#1541,.T.);
#3416=EDGE_CURVE('',#2741,#2742,#1907,.T.);
#3417=EDGE_CURVE('',#2742,#2742,#1542,.T.);
#3418=EDGE_CURVE('',#2743,#2743,#1543,.T.);
#3419=EDGE_CURVE('',#2743,#2744,#1908,.T.);
#3420=EDGE_CURVE('',#2744,#2744,#1544,.T.);
#3421=EDGE_CURVE('',#2745,#2745,#1545,.T.);
#3422=EDGE_CURVE('',#2745,#2746,#1909,.T.);
#3423=EDGE_CURVE('',#2746,#2746,#1546,.T.);
#3424=EDGE_CURVE('',#2747,#2748,#1910,.T.);
#3425=EDGE_CURVE('',#2748,#2749,#1911,.T.);
#3426=EDGE_CURVE('',#2749,#2750,#1912,.T.);
#3427=EDGE_CURVE('',#2747,#2750,#1913,.T.);
#3428=EDGE_CURVE('',#2748,#2751,#1547,.T.);
#3429=EDGE_CURVE('',#2751,#2752,#1914,.T.);
#3430=EDGE_CURVE('',#2752,#2749,#1548,.T.);
#3431=EDGE_CURVE('',#2751,#2753,#1915,.T.);
#3432=EDGE_CURVE('',#2753,#2754,#1916,.T.);
#3433=EDGE_CURVE('',#2754,#2752,#1917,.T.);
#3434=EDGE_CURVE('',#2753,#2755,#1549,.T.);
#3435=EDGE_CURVE('',#2755,#2756,#1918,.T.);
#3436=EDGE_CURVE('',#2756,#2754,#1550,.T.);
#3437=EDGE_CURVE('',#2755,#2757,#1919,.T.);
#3438=EDGE_CURVE('',#2757,#2758,#1920,.T.);
#3439=EDGE_CURVE('',#2758,#2756,#1921,.T.);
#3440=EDGE_CURVE('',#2757,#2759,#1551,.T.);
#3441=EDGE_CURVE('',#2759,#2760,#1922,.T.);
#3442=EDGE_CURVE('',#2760,#2758,#1552,.T.);
#3443=EDGE_CURVE('',#2759,#2761,#1923,.T.);
#3444=EDGE_CURVE('',#2761,#2762,#1924,.T.);
#3445=EDGE_CURVE('',#2762,#2760,#1925,.T.);
#3446=EDGE_CURVE('',#2761,#2747,#1553,.T.);
#3447=EDGE_CURVE('',#2750,#2762,#1554,.T.);
#3448=EDGE_CURVE('',#2763,#2764,#1926,.T.);
#3449=EDGE_CURVE('',#2764,#2765,#1927,.T.);
#3450=EDGE_CURVE('',#2765,#2766,#1928,.T.);
#3451=EDGE_CURVE('',#2763,#2766,#1929,.T.);
#3452=EDGE_CURVE('',#2764,#2767,#1555,.T.);
#3453=EDGE_CURVE('',#2767,#2768,#1930,.T.);
#3454=EDGE_CURVE('',#2768,#2765,#1556,.T.);
#3455=EDGE_CURVE('',#2769,#2767,#1931,.T.);
#3456=EDGE_CURVE('',#2769,#2770,#1932,.T.);
#3457=EDGE_CURVE('',#2770,#2768,#1933,.T.);
#3458=EDGE_CURVE('',#2769,#2771,#1557,.T.);
#3459=EDGE_CURVE('',#2771,#2772,#1934,.T.);
#3460=EDGE_CURVE('',#2772,#2770,#1558,.T.);
#3461=EDGE_CURVE('',#2771,#2773,#1935,.T.);
#3462=EDGE_CURVE('',#2773,#2774,#1936,.T.);
#3463=EDGE_CURVE('',#2774,#2772,#1937,.T.);
#3464=EDGE_CURVE('',#2773,#2775,#1559,.T.);
#3465=EDGE_CURVE('',#2775,#2776,#1938,.T.);
#3466=EDGE_CURVE('',#2776,#2774,#1560,.T.);
#3467=EDGE_CURVE('',#2777,#2775,#1939,.T.);
#3468=EDGE_CURVE('',#2777,#2778,#1940,.T.);
#3469=EDGE_CURVE('',#2778,#2776,#1941,.T.);
#3470=EDGE_CURVE('',#2777,#2763,#1561,.T.);
#3471=EDGE_CURVE('',#2766,#2778,#1562,.T.);
#3472=EDGE_CURVE('',#2779,#2779,#1563,.T.);
#3473=EDGE_CURVE('',#2779,#2780,#1942,.T.);
#3474=EDGE_CURVE('',#2780,#2780,#1564,.T.);
#3475=EDGE_CURVE('',#2781,#2782,#1943,.T.);
#3476=EDGE_CURVE('',#2783,#2781,#1565,.T.);
#3477=EDGE_CURVE('',#2784,#2783,#1944,.T.);
#3478=EDGE_CURVE('',#2782,#2784,#1566,.T.);
#3479=EDGE_CURVE('',#2781,#2783,#1567,.T.);
#3480=EDGE_CURVE('',#2784,#2782,#1568,.T.);
#3481=EDGE_CURVE('',#2785,#2785,#1569,.T.);
#3482=EDGE_CURVE('',#2785,#2786,#1945,.T.);
#3483=EDGE_CURVE('',#2786,#2786,#1570,.T.);
#3484=EDGE_CURVE('',#2787,#2787,#1571,.T.);
#3485=EDGE_CURVE('',#2787,#2788,#1946,.T.);
#3486=EDGE_CURVE('',#2788,#2788,#1572,.T.);
#3487=EDGE_CURVE('',#2789,#2789,#1573,.T.);
#3488=EDGE_CURVE('',#2789,#2790,#1947,.T.);
#3489=EDGE_CURVE('',#2790,#2790,#1574,.T.);
#3490=EDGE_CURVE('',#2791,#2791,#1575,.T.);
#3491=EDGE_CURVE('',#2791,#2792,#1948,.T.);
#3492=EDGE_CURVE('',#2792,#2792,#1576,.T.);
#3493=EDGE_CURVE('',#2793,#2793,#1577,.T.);
#3494=EDGE_CURVE('',#2793,#2794,#1949,.T.);
#3495=EDGE_CURVE('',#2794,#2794,#1578,.T.);
#3496=EDGE_CURVE('',#2795,#2795,#1579,.T.);
#3497=EDGE_CURVE('',#2795,#2796,#1950,.T.);
#3498=EDGE_CURVE('',#2796,#2796,#1580,.T.);
#3499=EDGE_CURVE('',#2797,#2797,#1581,.T.);
#3500=EDGE_CURVE('',#2797,#2798,#1951,.T.);
#3501=EDGE_CURVE('',#2798,#2798,#1582,.T.);
#3502=EDGE_CURVE('',#2799,#2799,#1583,.T.);
#3503=EDGE_CURVE('',#2799,#2800,#1952,.T.);
#3504=EDGE_CURVE('',#2800,#2800,#1584,.T.);
#3505=EDGE_CURVE('',#2801,#2801,#1585,.T.);
#3506=EDGE_CURVE('',#2801,#2802,#1953,.T.);
#3507=EDGE_CURVE('',#2802,#2802,#1586,.T.);
#3508=EDGE_CURVE('',#2803,#2803,#1587,.T.);
#3509=EDGE_CURVE('',#2803,#2804,#1954,.T.);
#3510=EDGE_CURVE('',#2804,#2804,#1588,.T.);
#3511=EDGE_CURVE('',#2805,#2805,#1589,.T.);
#3512=EDGE_CURVE('',#2805,#2806,#1955,.T.);
#3513=EDGE_CURVE('',#2806,#2806,#1590,.T.);
#3514=EDGE_CURVE('',#2807,#2807,#1591,.T.);
#3515=EDGE_CURVE('',#2807,#2808,#1956,.T.);
#3516=EDGE_CURVE('',#2808,#2808,#1592,.T.);
#3517=EDGE_CURVE('',#2809,#2810,#1957,.T.);
#3518=EDGE_CURVE('',#2810,#2811,#1958,.T.);
#3519=EDGE_CURVE('',#2811,#2812,#1959,.T.);
#3520=EDGE_CURVE('',#2809,#2812,#1960,.T.);
#3521=EDGE_CURVE('',#2810,#2813,#1593,.T.);
#3522=EDGE_CURVE('',#2813,#2814,#1961,.T.);
#3523=EDGE_CURVE('',#2814,#2811,#1594,.T.);
#3524=EDGE_CURVE('',#2813,#2815,#1962,.T.);
#3525=EDGE_CURVE('',#2815,#2816,#1963,.T.);
#3526=EDGE_CURVE('',#2816,#2814,#1964,.T.);
#3527=EDGE_CURVE('',#2815,#2817,#1595,.T.);
#3528=EDGE_CURVE('',#2817,#2818,#1965,.T.);
#3529=EDGE_CURVE('',#2818,#2816,#1596,.T.);
#3530=EDGE_CURVE('',#2817,#2819,#1966,.T.);
#3531=EDGE_CURVE('',#2819,#2820,#1967,.T.);
#3532=EDGE_CURVE('',#2820,#2818,#1968,.T.);
#3533=EDGE_CURVE('',#2819,#2821,#1597,.T.);
#3534=EDGE_CURVE('',#2821,#2822,#1969,.T.);
#3535=EDGE_CURVE('',#2822,#2820,#1598,.T.);
#3536=EDGE_CURVE('',#2821,#2823,#1970,.T.);
#3537=EDGE_CURVE('',#2823,#2824,#1971,.T.);
#3538=EDGE_CURVE('',#2824,#2822,#1972,.T.);
#3539=EDGE_CURVE('',#2823,#2809,#1599,.T.);
#3540=EDGE_CURVE('',#2812,#2824,#1600,.T.);
#3541=EDGE_CURVE('',#2825,#2826,#1973,.T.);
#3542=EDGE_CURVE('',#2826,#2827,#1974,.T.);
#3543=EDGE_CURVE('',#2827,#2828,#1975,.T.);
#3544=EDGE_CURVE('',#2825,#2828,#1976,.T.);
#3545=EDGE_CURVE('',#2826,#2829,#1601,.T.);
#3546=EDGE_CURVE('',#2829,#2830,#1977,.T.);
#3547=EDGE_CURVE('',#2830,#2827,#1602,.T.);
#3548=EDGE_CURVE('',#2831,#2829,#1978,.T.);
#3549=EDGE_CURVE('',#2831,#2832,#1979,.T.);
#3550=EDGE_CURVE('',#2832,#2830,#1980,.T.);
#3551=EDGE_CURVE('',#2831,#2833,#1603,.T.);
#3552=EDGE_CURVE('',#2833,#2834,#1981,.T.);
#3553=EDGE_CURVE('',#2834,#2832,#1604,.T.);
#3554=EDGE_CURVE('',#2833,#2835,#1982,.T.);
#3555=EDGE_CURVE('',#2835,#2836,#1983,.T.);
#3556=EDGE_CURVE('',#2836,#2834,#1984,.T.);
#3557=EDGE_CURVE('',#2835,#2837,#1605,.T.);
#3558=EDGE_CURVE('',#2837,#2838,#1985,.T.);
#3559=EDGE_CURVE('',#2838,#2836,#1606,.T.);
#3560=EDGE_CURVE('',#2839,#2837,#1986,.T.);
#3561=EDGE_CURVE('',#2839,#2840,#1987,.T.);
#3562=EDGE_CURVE('',#2840,#2838,#1988,.T.);
#3563=EDGE_CURVE('',#2839,#2825,#1607,.T.);
#3564=EDGE_CURVE('',#2828,#2840,#1608,.T.);
#3565=EDGE_CURVE('',#2841,#2841,#1609,.T.);
#3566=EDGE_CURVE('',#2841,#2842,#1989,.T.);
#3567=EDGE_CURVE('',#2842,#2842,#1610,.T.);
#3568=EDGE_CURVE('',#2843,#2843,#1611,.T.);
#3569=EDGE_CURVE('',#2843,#2844,#1990,.T.);
#3570=EDGE_CURVE('',#2844,#2844,#1612,.T.);
#3571=EDGE_CURVE('',#2845,#2845,#1613,.T.);
#3572=EDGE_CURVE('',#2845,#2846,#1991,.T.);
#3573=EDGE_CURVE('',#2846,#2846,#1614,.T.);
#3574=EDGE_CURVE('',#2847,#2847,#1615,.T.);
#3575=EDGE_CURVE('',#2847,#2848,#1992,.T.);
#3576=EDGE_CURVE('',#2848,#2848,#1616,.T.);
#3577=EDGE_CURVE('',#2849,#2849,#1617,.T.);
#3578=EDGE_CURVE('',#2849,#2850,#1993,.T.);
#3579=EDGE_CURVE('',#2850,#2850,#1618,.T.);
#3580=EDGE_CURVE('',#2851,#2851,#1619,.T.);
#3581=EDGE_CURVE('',#2851,#2852,#1994,.T.);
#3582=EDGE_CURVE('',#2852,#2852,#1620,.T.);
#3583=EDGE_CURVE('',#2853,#2853,#1621,.T.);
#3584=EDGE_CURVE('',#2853,#2854,#1995,.T.);
#3585=EDGE_CURVE('',#2854,#2854,#1622,.T.);
#3586=EDGE_CURVE('',#2855,#2855,#1623,.T.);
#3587=EDGE_CURVE('',#2855,#2856,#1996,.T.);
#3588=EDGE_CURVE('',#2856,#2856,#1624,.T.);
#3589=EDGE_CURVE('',#2857,#2857,#1625,.T.);
#3590=EDGE_CURVE('',#2857,#2858,#1997,.T.);
#3591=EDGE_CURVE('',#2858,#2858,#1626,.T.);
#3592=EDGE_CURVE('',#2859,#2859,#1627,.T.);
#3593=EDGE_CURVE('',#2859,#2860,#1998,.T.);
#3594=EDGE_CURVE('',#2860,#2860,#1628,.T.);
#3595=EDGE_CURVE('',#2861,#2861,#1629,.T.);
#3596=EDGE_CURVE('',#2861,#2862,#1999,.T.);
#3597=EDGE_CURVE('',#2862,#2862,#1630,.T.);
#3598=EDGE_CURVE('',#2863,#2863,#1631,.T.);
#3599=EDGE_CURVE('',#2863,#2864,#2000,.T.);
#3600=EDGE_CURVE('',#2864,#2864,#1632,.T.);
#3601=EDGE_CURVE('',#2865,#2865,#1633,.T.);
#3602=EDGE_CURVE('',#2865,#2866,#2001,.T.);
#3603=EDGE_CURVE('',#2866,#2866,#1634,.T.);
#3604=EDGE_CURVE('',#2867,#2867,#1635,.T.);
#3605=EDGE_CURVE('',#2867,#2868,#2002,.T.);
#3606=EDGE_CURVE('',#2868,#2868,#1636,.T.);
#3607=EDGE_CURVE('',#2869,#2869,#1637,.T.);
#3608=EDGE_CURVE('',#2869,#2870,#2003,.T.);
#3609=EDGE_CURVE('',#2870,#2870,#1638,.T.);
#3610=EDGE_CURVE('',#2871,#2871,#1639,.T.);
#3611=EDGE_CURVE('',#2871,#2872,#2004,.T.);
#3612=EDGE_CURVE('',#2872,#2872,#1640,.T.);
#3613=EDGE_CURVE('',#2873,#2873,#1641,.T.);
#3614=EDGE_CURVE('',#2873,#2874,#2005,.T.);
#3615=EDGE_CURVE('',#2874,#2874,#1642,.T.);
#3616=EDGE_CURVE('',#2875,#2875,#1643,.T.);
#3617=EDGE_CURVE('',#2875,#2876,#2006,.T.);
#3618=EDGE_CURVE('',#2876,#2876,#1644,.T.);
#3619=EDGE_CURVE('',#2877,#2877,#1645,.T.);
#3620=EDGE_CURVE('',#2877,#2878,#2007,.T.);
#3621=EDGE_CURVE('',#2878,#2878,#1646,.T.);
#3622=EDGE_CURVE('',#2879,#2879,#1647,.T.);
#3623=EDGE_CURVE('',#2879,#2880,#2008,.T.);
#3624=EDGE_CURVE('',#2880,#2880,#1648,.T.);
#3625=EDGE_CURVE('',#2881,#2881,#1649,.T.);
#3626=EDGE_CURVE('',#2881,#2882,#2009,.T.);
#3627=EDGE_CURVE('',#2882,#2882,#1650,.T.);
#3628=EDGE_CURVE('',#2883,#2883,#1651,.T.);
#3629=EDGE_CURVE('',#2883,#2884,#2010,.T.);
#3630=EDGE_CURVE('',#2884,#2884,#1652,.T.);
#3631=EDGE_CURVE('',#2885,#2885,#1653,.T.);
#3632=EDGE_CURVE('',#2885,#2886,#2011,.T.);
#3633=EDGE_CURVE('',#2886,#2886,#1654,.T.);
#3634=EDGE_CURVE('',#2887,#2887,#1655,.T.);
#3635=EDGE_CURVE('',#2887,#2888,#2012,.T.);
#3636=EDGE_CURVE('',#2888,#2888,#1656,.T.);
#3637=EDGE_CURVE('',#2889,#2889,#1657,.T.);
#3638=EDGE_CURVE('',#2889,#2890,#2013,.T.);
#3639=EDGE_CURVE('',#2890,#2890,#1658,.T.);
#3640=EDGE_CURVE('',#2891,#2891,#1659,.T.);
#3641=EDGE_CURVE('',#2891,#2892,#2014,.T.);
#3642=EDGE_CURVE('',#2892,#2892,#1660,.T.);
#3643=EDGE_CURVE('',#2893,#2893,#1661,.T.);
#3644=EDGE_CURVE('',#2893,#2894,#2015,.T.);
#3645=EDGE_CURVE('',#2894,#2894,#1662,.T.);
#3646=EDGE_CURVE('',#2895,#2895,#1663,.T.);
#3647=EDGE_CURVE('',#2895,#2896,#2016,.T.);
#3648=EDGE_CURVE('',#2896,#2896,#1664,.T.);
#3649=EDGE_CURVE('',#2897,#2898,#2017,.T.);
#3650=EDGE_CURVE('',#2898,#2899,#2018,.T.);
#3651=EDGE_CURVE('',#2899,#2900,#2019,.T.);
#3652=EDGE_CURVE('',#2897,#2900,#2020,.T.);
#3653=EDGE_CURVE('',#2898,#2901,#1665,.T.);
#3654=EDGE_CURVE('',#2901,#2902,#2021,.T.);
#3655=EDGE_CURVE('',#2902,#2899,#1666,.T.);
#3656=EDGE_CURVE('',#2901,#2903,#2022,.T.);
#3657=EDGE_CURVE('',#2903,#2904,#2023,.T.);
#3658=EDGE_CURVE('',#2904,#2902,#2024,.T.);
#3659=EDGE_CURVE('',#2903,#2905,#1667,.T.);
#3660=EDGE_CURVE('',#2905,#2906,#2025,.T.);
#3661=EDGE_CURVE('',#2906,#2904,#1668,.T.);
#3662=EDGE_CURVE('',#2905,#2907,#2026,.T.);
#3663=EDGE_CURVE('',#2907,#2908,#2027,.T.);
#3664=EDGE_CURVE('',#2908,#2906,#2028,.T.);
#3665=EDGE_CURVE('',#2907,#2909,#1669,.T.);
#3666=EDGE_CURVE('',#2909,#2910,#2029,.T.);
#3667=EDGE_CURVE('',#2910,#2908,#1670,.T.);
#3668=EDGE_CURVE('',#2909,#2911,#2030,.T.);
#3669=EDGE_CURVE('',#2911,#2912,#2031,.T.);
#3670=EDGE_CURVE('',#2912,#2910,#2032,.T.);
#3671=EDGE_CURVE('',#2911,#2897,#1671,.T.);
#3672=EDGE_CURVE('',#2900,#2912,#1672,.T.);
#3673=EDGE_CURVE('',#2913,#2914,#2033,.T.);
#3674=EDGE_CURVE('',#2914,#2915,#2034,.T.);
#3675=EDGE_CURVE('',#2915,#2916,#2035,.T.);
#3676=EDGE_CURVE('',#2913,#2916,#2036,.T.);
#3677=EDGE_CURVE('',#2914,#2917,#1673,.T.);
#3678=EDGE_CURVE('',#2917,#2918,#2037,.T.);
#3679=EDGE_CURVE('',#2918,#2915,#1674,.T.);
#3680=EDGE_CURVE('',#2919,#2917,#2038,.T.);
#3681=EDGE_CURVE('',#2919,#2920,#2039,.T.);
#3682=EDGE_CURVE('',#2920,#2918,#2040,.T.);
#3683=EDGE_CURVE('',#2919,#2921,#1675,.T.);
#3684=EDGE_CURVE('',#2921,#2922,#2041,.T.);
#3685=EDGE_CURVE('',#2922,#2920,#1676,.T.);
#3686=EDGE_CURVE('',#2921,#2923,#2042,.T.);
#3687=EDGE_CURVE('',#2923,#2924,#2043,.T.);
#3688=EDGE_CURVE('',#2924,#2922,#2044,.T.);
#3689=EDGE_CURVE('',#2923,#2925,#1677,.T.);
#3690=EDGE_CURVE('',#2925,#2926,#2045,.T.);
#3691=EDGE_CURVE('',#2926,#2924,#1678,.T.);
#3692=EDGE_CURVE('',#2927,#2925,#2046,.T.);
#3693=EDGE_CURVE('',#2927,#2928,#2047,.T.);
#3694=EDGE_CURVE('',#2928,#2926,#2048,.T.);
#3695=EDGE_CURVE('',#2927,#2913,#1679,.T.);
#3696=EDGE_CURVE('',#2916,#2928,#1680,.T.);
#3697=ORIENTED_EDGE('',*,*,#2929,.F.);
#3698=ORIENTED_EDGE('',*,*,#2930,.F.);
#3699=ORIENTED_EDGE('',*,*,#2931,.F.);
#3700=ORIENTED_EDGE('',*,*,#2932,.F.);
#3701=ORIENTED_EDGE('',*,*,#2931,.T.);
#3702=ORIENTED_EDGE('',*,*,#2933,.F.);
#3703=ORIENTED_EDGE('',*,*,#2929,.T.);
#3704=ORIENTED_EDGE('',*,*,#2934,.F.);
#3705=ORIENTED_EDGE('',*,*,#2935,.F.);
#3706=ORIENTED_EDGE('',*,*,#2936,.T.);
#3707=ORIENTED_EDGE('',*,*,#2937,.F.);
#3708=ORIENTED_EDGE('',*,*,#2936,.F.);
#3709=ORIENTED_EDGE('',*,*,#2938,.F.);
#3710=ORIENTED_EDGE('',*,*,#2939,.T.);
#3711=ORIENTED_EDGE('',*,*,#2940,.F.);
#3712=ORIENTED_EDGE('',*,*,#2939,.F.);
#3713=ORIENTED_EDGE('',*,*,#2941,.F.);
#3714=ORIENTED_EDGE('',*,*,#2942,.T.);
#3715=ORIENTED_EDGE('',*,*,#2943,.F.);
#3716=ORIENTED_EDGE('',*,*,#2942,.F.);
#3717=ORIENTED_EDGE('',*,*,#2944,.F.);
#3718=ORIENTED_EDGE('',*,*,#2945,.T.);
#3719=ORIENTED_EDGE('',*,*,#2946,.F.);
#3720=ORIENTED_EDGE('',*,*,#2945,.F.);
#3721=ORIENTED_EDGE('',*,*,#2947,.F.);
#3722=ORIENTED_EDGE('',*,*,#2948,.T.);
#3723=ORIENTED_EDGE('',*,*,#2949,.F.);
#3724=ORIENTED_EDGE('',*,*,#2948,.F.);
#3725=ORIENTED_EDGE('',*,*,#2950,.F.);
#3726=ORIENTED_EDGE('',*,*,#2951,.T.);
#3727=ORIENTED_EDGE('',*,*,#2952,.F.);
#3728=ORIENTED_EDGE('',*,*,#2951,.F.);
#3729=ORIENTED_EDGE('',*,*,#2953,.F.);
#3730=ORIENTED_EDGE('',*,*,#2954,.T.);
#3731=ORIENTED_EDGE('',*,*,#2955,.F.);
#3732=ORIENTED_EDGE('',*,*,#2954,.F.);
#3733=ORIENTED_EDGE('',*,*,#2956,.F.);
#3734=ORIENTED_EDGE('',*,*,#2957,.T.);
#3735=ORIENTED_EDGE('',*,*,#2958,.F.);
#3736=ORIENTED_EDGE('',*,*,#2957,.F.);
#3737=ORIENTED_EDGE('',*,*,#2959,.F.);
#3738=ORIENTED_EDGE('',*,*,#2960,.T.);
#3739=ORIENTED_EDGE('',*,*,#2961,.F.);
#3740=ORIENTED_EDGE('',*,*,#2960,.F.);
#3741=ORIENTED_EDGE('',*,*,#2962,.F.);
#3742=ORIENTED_EDGE('',*,*,#2963,.T.);
#3743=ORIENTED_EDGE('',*,*,#2964,.F.);
#3744=ORIENTED_EDGE('',*,*,#2963,.F.);
#3745=ORIENTED_EDGE('',*,*,#2965,.F.);
#3746=ORIENTED_EDGE('',*,*,#2966,.T.);
#3747=ORIENTED_EDGE('',*,*,#2967,.F.);
#3748=ORIENTED_EDGE('',*,*,#2966,.F.);
#3749=ORIENTED_EDGE('',*,*,#2968,.F.);
#3750=ORIENTED_EDGE('',*,*,#2969,.T.);
#3751=ORIENTED_EDGE('',*,*,#2970,.F.);
#3752=ORIENTED_EDGE('',*,*,#2969,.F.);
#3753=ORIENTED_EDGE('',*,*,#2971,.F.);
#3754=ORIENTED_EDGE('',*,*,#2972,.T.);
#3755=ORIENTED_EDGE('',*,*,#2973,.F.);
#3756=ORIENTED_EDGE('',*,*,#2972,.F.);
#3757=ORIENTED_EDGE('',*,*,#2974,.F.);
#3758=ORIENTED_EDGE('',*,*,#2975,.T.);
#3759=ORIENTED_EDGE('',*,*,#2976,.F.);
#3760=ORIENTED_EDGE('',*,*,#2977,.F.);
#3761=ORIENTED_EDGE('',*,*,#2978,.F.);
#3762=ORIENTED_EDGE('',*,*,#2977,.T.);
#3763=ORIENTED_EDGE('',*,*,#2979,.F.);
#3764=ORIENTED_EDGE('',*,*,#2980,.F.);
#3765=ORIENTED_EDGE('',*,*,#2981,.F.);
#3766=ORIENTED_EDGE('',*,*,#2980,.T.);
#3767=ORIENTED_EDGE('',*,*,#2982,.F.);
#3768=ORIENTED_EDGE('',*,*,#2983,.F.);
#3769=ORIENTED_EDGE('',*,*,#2984,.F.);
#3770=ORIENTED_EDGE('',*,*,#2983,.T.);
#3771=ORIENTED_EDGE('',*,*,#2985,.F.);
#3772=ORIENTED_EDGE('',*,*,#2986,.F.);
#3773=ORIENTED_EDGE('',*,*,#2987,.F.);
#3774=ORIENTED_EDGE('',*,*,#2986,.T.);
#3775=ORIENTED_EDGE('',*,*,#2988,.F.);
#3776=ORIENTED_EDGE('',*,*,#2989,.F.);
#3777=ORIENTED_EDGE('',*,*,#2990,.F.);
#3778=ORIENTED_EDGE('',*,*,#2989,.T.);
#3779=ORIENTED_EDGE('',*,*,#2991,.F.);
#3780=ORIENTED_EDGE('',*,*,#2992,.F.);
#3781=ORIENTED_EDGE('',*,*,#2993,.F.);
#3782=ORIENTED_EDGE('',*,*,#2992,.T.);
#3783=ORIENTED_EDGE('',*,*,#2994,.F.);
#3784=ORIENTED_EDGE('',*,*,#2995,.F.);
#3785=ORIENTED_EDGE('',*,*,#2996,.F.);
#3786=ORIENTED_EDGE('',*,*,#2995,.T.);
#3787=ORIENTED_EDGE('',*,*,#2997,.F.);
#3788=ORIENTED_EDGE('',*,*,#2975,.F.);
#3789=ORIENTED_EDGE('',*,*,#2998,.F.);
#3790=ORIENTED_EDGE('',*,*,#2999,.T.);
#3791=ORIENTED_EDGE('',*,*,#3000,.F.);
#3792=ORIENTED_EDGE('',*,*,#3001,.F.);
#3793=ORIENTED_EDGE('',*,*,#3002,.F.);
#3794=ORIENTED_EDGE('',*,*,#3001,.T.);
#3795=ORIENTED_EDGE('',*,*,#3003,.F.);
#3796=ORIENTED_EDGE('',*,*,#3004,.F.);
#3797=ORIENTED_EDGE('',*,*,#3005,.T.);
#3798=ORIENTED_EDGE('',*,*,#3004,.T.);
#3799=ORIENTED_EDGE('',*,*,#3006,.F.);
#3800=ORIENTED_EDGE('',*,*,#3007,.F.);
#3801=ORIENTED_EDGE('',*,*,#3008,.F.);
#3802=ORIENTED_EDGE('',*,*,#3007,.T.);
#3803=ORIENTED_EDGE('',*,*,#3009,.F.);
#3804=ORIENTED_EDGE('',*,*,#3010,.F.);
#3805=ORIENTED_EDGE('',*,*,#3011,.F.);
#3806=ORIENTED_EDGE('',*,*,#3010,.T.);
#3807=ORIENTED_EDGE('',*,*,#3012,.F.);
#3808=ORIENTED_EDGE('',*,*,#3013,.F.);
#3809=ORIENTED_EDGE('',*,*,#3014,.F.);
#3810=ORIENTED_EDGE('',*,*,#3013,.T.);
#3811=ORIENTED_EDGE('',*,*,#3015,.F.);
#3812=ORIENTED_EDGE('',*,*,#3016,.F.);
#3813=ORIENTED_EDGE('',*,*,#3017,.T.);
#3814=ORIENTED_EDGE('',*,*,#3016,.T.);
#3815=ORIENTED_EDGE('',*,*,#3018,.F.);
#3816=ORIENTED_EDGE('',*,*,#3019,.F.);
#3817=ORIENTED_EDGE('',*,*,#3020,.F.);
#3818=ORIENTED_EDGE('',*,*,#3019,.T.);
#3819=ORIENTED_EDGE('',*,*,#3021,.F.);
#3820=ORIENTED_EDGE('',*,*,#2999,.F.);
#3821=ORIENTED_EDGE('',*,*,#3020,.T.);
#3822=ORIENTED_EDGE('',*,*,#2998,.T.);
#3823=ORIENTED_EDGE('',*,*,#3002,.T.);
#3824=ORIENTED_EDGE('',*,*,#3005,.F.);
#3825=ORIENTED_EDGE('',*,*,#3008,.T.);
#3826=ORIENTED_EDGE('',*,*,#3011,.T.);
#3827=ORIENTED_EDGE('',*,*,#3014,.T.);
#3828=ORIENTED_EDGE('',*,*,#3017,.F.);
#3829=ORIENTED_EDGE('',*,*,#2935,.T.);
#3830=ORIENTED_EDGE('',*,*,#2941,.T.);
#3831=ORIENTED_EDGE('',*,*,#2947,.T.);
#3832=ORIENTED_EDGE('',*,*,#2953,.T.);
#3833=ORIENTED_EDGE('',*,*,#2996,.T.);
#3834=ORIENTED_EDGE('',*,*,#2974,.T.);
#3835=ORIENTED_EDGE('',*,*,#2978,.T.);
#3836=ORIENTED_EDGE('',*,*,#2981,.T.);
#3837=ORIENTED_EDGE('',*,*,#2984,.T.);
#3838=ORIENTED_EDGE('',*,*,#2987,.T.);
#3839=ORIENTED_EDGE('',*,*,#2990,.T.);
#3840=ORIENTED_EDGE('',*,*,#2993,.T.);
#3841=ORIENTED_EDGE('',*,*,#2930,.T.);
#3842=ORIENTED_EDGE('',*,*,#2933,.T.);
#3843=ORIENTED_EDGE('',*,*,#2971,.T.);
#3844=ORIENTED_EDGE('',*,*,#2968,.T.);
#3845=ORIENTED_EDGE('',*,*,#2965,.T.);
#3846=ORIENTED_EDGE('',*,*,#2962,.T.);
#3847=ORIENTED_EDGE('',*,*,#2959,.T.);
#3848=ORIENTED_EDGE('',*,*,#2956,.T.);
#3849=ORIENTED_EDGE('',*,*,#2950,.T.);
#3850=ORIENTED_EDGE('',*,*,#2944,.T.);
#3851=ORIENTED_EDGE('',*,*,#2938,.T.);
#3852=ORIENTED_EDGE('',*,*,#3021,.T.);
#3853=ORIENTED_EDGE('',*,*,#3018,.T.);
#3854=ORIENTED_EDGE('',*,*,#3015,.T.);
#3855=ORIENTED_EDGE('',*,*,#3012,.T.);
#3856=ORIENTED_EDGE('',*,*,#3009,.T.);
#3857=ORIENTED_EDGE('',*,*,#3006,.T.);
#3858=ORIENTED_EDGE('',*,*,#3003,.T.);
#3859=ORIENTED_EDGE('',*,*,#3000,.T.);
#3860=ORIENTED_EDGE('',*,*,#2937,.T.);
#3861=ORIENTED_EDGE('',*,*,#2943,.T.);
#3862=ORIENTED_EDGE('',*,*,#2949,.T.);
#3863=ORIENTED_EDGE('',*,*,#2955,.T.);
#3864=ORIENTED_EDGE('',*,*,#2997,.T.);
#3865=ORIENTED_EDGE('',*,*,#2994,.T.);
#3866=ORIENTED_EDGE('',*,*,#2991,.T.);
#3867=ORIENTED_EDGE('',*,*,#2988,.T.);
#3868=ORIENTED_EDGE('',*,*,#2985,.T.);
#3869=ORIENTED_EDGE('',*,*,#2982,.T.);
#3870=ORIENTED_EDGE('',*,*,#2979,.T.);
#3871=ORIENTED_EDGE('',*,*,#2976,.T.);
#3872=ORIENTED_EDGE('',*,*,#2973,.T.);
#3873=ORIENTED_EDGE('',*,*,#2970,.T.);
#3874=ORIENTED_EDGE('',*,*,#2967,.T.);
#3875=ORIENTED_EDGE('',*,*,#2964,.T.);
#3876=ORIENTED_EDGE('',*,*,#2961,.T.);
#3877=ORIENTED_EDGE('',*,*,#2958,.T.);
#3878=ORIENTED_EDGE('',*,*,#2952,.T.);
#3879=ORIENTED_EDGE('',*,*,#2946,.T.);
#3880=ORIENTED_EDGE('',*,*,#2940,.T.);
#3881=ORIENTED_EDGE('',*,*,#2932,.T.);
#3882=ORIENTED_EDGE('',*,*,#2934,.T.);
#3883=ORIENTED_EDGE('',*,*,#3022,.F.);
#3884=ORIENTED_EDGE('',*,*,#3023,.F.);
#3885=ORIENTED_EDGE('',*,*,#3024,.F.);
#3886=ORIENTED_EDGE('',*,*,#3025,.F.);
#3887=ORIENTED_EDGE('',*,*,#3024,.T.);
#3888=ORIENTED_EDGE('',*,*,#3026,.F.);
#3889=ORIENTED_EDGE('',*,*,#3022,.T.);
#3890=ORIENTED_EDGE('',*,*,#3027,.F.);
#3891=ORIENTED_EDGE('',*,*,#3028,.F.);
#3892=ORIENTED_EDGE('',*,*,#3029,.T.);
#3893=ORIENTED_EDGE('',*,*,#3030,.F.);
#3894=ORIENTED_EDGE('',*,*,#3029,.F.);
#3895=ORIENTED_EDGE('',*,*,#3031,.F.);
#3896=ORIENTED_EDGE('',*,*,#3032,.T.);
#3897=ORIENTED_EDGE('',*,*,#3033,.F.);
#3898=ORIENTED_EDGE('',*,*,#3032,.F.);
#3899=ORIENTED_EDGE('',*,*,#3034,.F.);
#3900=ORIENTED_EDGE('',*,*,#3035,.T.);
#3901=ORIENTED_EDGE('',*,*,#3036,.F.);
#3902=ORIENTED_EDGE('',*,*,#3035,.F.);
#3903=ORIENTED_EDGE('',*,*,#3037,.F.);
#3904=ORIENTED_EDGE('',*,*,#3038,.T.);
#3905=ORIENTED_EDGE('',*,*,#3039,.F.);
#3906=ORIENTED_EDGE('',*,*,#3038,.F.);
#3907=ORIENTED_EDGE('',*,*,#3040,.F.);
#3908=ORIENTED_EDGE('',*,*,#3041,.T.);
#3909=ORIENTED_EDGE('',*,*,#3042,.F.);
#3910=ORIENTED_EDGE('',*,*,#3041,.F.);
#3911=ORIENTED_EDGE('',*,*,#3043,.F.);
#3912=ORIENTED_EDGE('',*,*,#3044,.T.);
#3913=ORIENTED_EDGE('',*,*,#3045,.F.);
#3914=ORIENTED_EDGE('',*,*,#3044,.F.);
#3915=ORIENTED_EDGE('',*,*,#3046,.F.);
#3916=ORIENTED_EDGE('',*,*,#3047,.T.);
#3917=ORIENTED_EDGE('',*,*,#3048,.F.);
#3918=ORIENTED_EDGE('',*,*,#3047,.F.);
#3919=ORIENTED_EDGE('',*,*,#3049,.F.);
#3920=ORIENTED_EDGE('',*,*,#3050,.T.);
#3921=ORIENTED_EDGE('',*,*,#3051,.F.);
#3922=ORIENTED_EDGE('',*,*,#3050,.F.);
#3923=ORIENTED_EDGE('',*,*,#3052,.F.);
#3924=ORIENTED_EDGE('',*,*,#3053,.T.);
#3925=ORIENTED_EDGE('',*,*,#3054,.F.);
#3926=ORIENTED_EDGE('',*,*,#3053,.F.);
#3927=ORIENTED_EDGE('',*,*,#3055,.F.);
#3928=ORIENTED_EDGE('',*,*,#3056,.T.);
#3929=ORIENTED_EDGE('',*,*,#3057,.F.);
#3930=ORIENTED_EDGE('',*,*,#3056,.F.);
#3931=ORIENTED_EDGE('',*,*,#3058,.F.);
#3932=ORIENTED_EDGE('',*,*,#3059,.T.);
#3933=ORIENTED_EDGE('',*,*,#3060,.F.);
#3934=ORIENTED_EDGE('',*,*,#3059,.F.);
#3935=ORIENTED_EDGE('',*,*,#3061,.F.);
#3936=ORIENTED_EDGE('',*,*,#3062,.T.);
#3937=ORIENTED_EDGE('',*,*,#3063,.F.);
#3938=ORIENTED_EDGE('',*,*,#3062,.F.);
#3939=ORIENTED_EDGE('',*,*,#3064,.F.);
#3940=ORIENTED_EDGE('',*,*,#3065,.T.);
#3941=ORIENTED_EDGE('',*,*,#3066,.F.);
#3942=ORIENTED_EDGE('',*,*,#3065,.F.);
#3943=ORIENTED_EDGE('',*,*,#3067,.F.);
#3944=ORIENTED_EDGE('',*,*,#3068,.T.);
#3945=ORIENTED_EDGE('',*,*,#3069,.F.);
#3946=ORIENTED_EDGE('',*,*,#3070,.F.);
#3947=ORIENTED_EDGE('',*,*,#3071,.F.);
#3948=ORIENTED_EDGE('',*,*,#3070,.T.);
#3949=ORIENTED_EDGE('',*,*,#3072,.F.);
#3950=ORIENTED_EDGE('',*,*,#3073,.F.);
#3951=ORIENTED_EDGE('',*,*,#3074,.F.);
#3952=ORIENTED_EDGE('',*,*,#3073,.T.);
#3953=ORIENTED_EDGE('',*,*,#3075,.F.);
#3954=ORIENTED_EDGE('',*,*,#3076,.F.);
#3955=ORIENTED_EDGE('',*,*,#3077,.F.);
#3956=ORIENTED_EDGE('',*,*,#3076,.T.);
#3957=ORIENTED_EDGE('',*,*,#3078,.F.);
#3958=ORIENTED_EDGE('',*,*,#3079,.F.);
#3959=ORIENTED_EDGE('',*,*,#3080,.F.);
#3960=ORIENTED_EDGE('',*,*,#3079,.T.);
#3961=ORIENTED_EDGE('',*,*,#3081,.F.);
#3962=ORIENTED_EDGE('',*,*,#3082,.F.);
#3963=ORIENTED_EDGE('',*,*,#3083,.F.);
#3964=ORIENTED_EDGE('',*,*,#3082,.T.);
#3965=ORIENTED_EDGE('',*,*,#3084,.F.);
#3966=ORIENTED_EDGE('',*,*,#3085,.F.);
#3967=ORIENTED_EDGE('',*,*,#3086,.F.);
#3968=ORIENTED_EDGE('',*,*,#3085,.T.);
#3969=ORIENTED_EDGE('',*,*,#3087,.F.);
#3970=ORIENTED_EDGE('',*,*,#3088,.F.);
#3971=ORIENTED_EDGE('',*,*,#3089,.F.);
#3972=ORIENTED_EDGE('',*,*,#3088,.T.);
#3973=ORIENTED_EDGE('',*,*,#3090,.F.);
#3974=ORIENTED_EDGE('',*,*,#3068,.F.);
#3975=ORIENTED_EDGE('',*,*,#3091,.F.);
#3976=ORIENTED_EDGE('',*,*,#3092,.T.);
#3977=ORIENTED_EDGE('',*,*,#3093,.F.);
#3978=ORIENTED_EDGE('',*,*,#3094,.F.);
#3979=ORIENTED_EDGE('',*,*,#3095,.F.);
#3980=ORIENTED_EDGE('',*,*,#3094,.T.);
#3981=ORIENTED_EDGE('',*,*,#3096,.F.);
#3982=ORIENTED_EDGE('',*,*,#3097,.F.);
#3983=ORIENTED_EDGE('',*,*,#3098,.T.);
#3984=ORIENTED_EDGE('',*,*,#3097,.T.);
#3985=ORIENTED_EDGE('',*,*,#3099,.F.);
#3986=ORIENTED_EDGE('',*,*,#3100,.F.);
#3987=ORIENTED_EDGE('',*,*,#3101,.F.);
#3988=ORIENTED_EDGE('',*,*,#3100,.T.);
#3989=ORIENTED_EDGE('',*,*,#3102,.F.);
#3990=ORIENTED_EDGE('',*,*,#3103,.F.);
#3991=ORIENTED_EDGE('',*,*,#3104,.F.);
#3992=ORIENTED_EDGE('',*,*,#3103,.T.);
#3993=ORIENTED_EDGE('',*,*,#3105,.F.);
#3994=ORIENTED_EDGE('',*,*,#3106,.F.);
#3995=ORIENTED_EDGE('',*,*,#3107,.F.);
#3996=ORIENTED_EDGE('',*,*,#3106,.T.);
#3997=ORIENTED_EDGE('',*,*,#3108,.F.);
#3998=ORIENTED_EDGE('',*,*,#3109,.F.);
#3999=ORIENTED_EDGE('',*,*,#3110,.T.);
#4000=ORIENTED_EDGE('',*,*,#3109,.T.);
#4001=ORIENTED_EDGE('',*,*,#3111,.F.);
#4002=ORIENTED_EDGE('',*,*,#3112,.F.);
#4003=ORIENTED_EDGE('',*,*,#3113,.F.);
#4004=ORIENTED_EDGE('',*,*,#3112,.T.);
#4005=ORIENTED_EDGE('',*,*,#3114,.F.);
#4006=ORIENTED_EDGE('',*,*,#3092,.F.);
#4007=ORIENTED_EDGE('',*,*,#3113,.T.);
#4008=ORIENTED_EDGE('',*,*,#3091,.T.);
#4009=ORIENTED_EDGE('',*,*,#3095,.T.);
#4010=ORIENTED_EDGE('',*,*,#3098,.F.);
#4011=ORIENTED_EDGE('',*,*,#3101,.T.);
#4012=ORIENTED_EDGE('',*,*,#3104,.T.);
#4013=ORIENTED_EDGE('',*,*,#3107,.T.);
#4014=ORIENTED_EDGE('',*,*,#3110,.F.);
#4015=ORIENTED_EDGE('',*,*,#3028,.T.);
#4016=ORIENTED_EDGE('',*,*,#3034,.T.);
#4017=ORIENTED_EDGE('',*,*,#3040,.T.);
#4018=ORIENTED_EDGE('',*,*,#3046,.T.);
#4019=ORIENTED_EDGE('',*,*,#3089,.T.);
#4020=ORIENTED_EDGE('',*,*,#3067,.T.);
#4021=ORIENTED_EDGE('',*,*,#3071,.T.);
#4022=ORIENTED_EDGE('',*,*,#3074,.T.);
#4023=ORIENTED_EDGE('',*,*,#3077,.T.);
#4024=ORIENTED_EDGE('',*,*,#3080,.T.);
#4025=ORIENTED_EDGE('',*,*,#3083,.T.);
#4026=ORIENTED_EDGE('',*,*,#3086,.T.);
#4027=ORIENTED_EDGE('',*,*,#3023,.T.);
#4028=ORIENTED_EDGE('',*,*,#3026,.T.);
#4029=ORIENTED_EDGE('',*,*,#3064,.T.);
#4030=ORIENTED_EDGE('',*,*,#3061,.T.);
#4031=ORIENTED_EDGE('',*,*,#3058,.T.);
#4032=ORIENTED_EDGE('',*,*,#3055,.T.);
#4033=ORIENTED_EDGE('',*,*,#3052,.T.);
#4034=ORIENTED_EDGE('',*,*,#3049,.T.);
#4035=ORIENTED_EDGE('',*,*,#3043,.T.);
#4036=ORIENTED_EDGE('',*,*,#3037,.T.);
#4037=ORIENTED_EDGE('',*,*,#3031,.T.);
#4038=ORIENTED_EDGE('',*,*,#3114,.T.);
#4039=ORIENTED_EDGE('',*,*,#3111,.T.);
#4040=ORIENTED_EDGE('',*,*,#3108,.T.);
#4041=ORIENTED_EDGE('',*,*,#3105,.T.);
#4042=ORIENTED_EDGE('',*,*,#3102,.T.);
#4043=ORIENTED_EDGE('',*,*,#3099,.T.);
#4044=ORIENTED_EDGE('',*,*,#3096,.T.);
#4045=ORIENTED_EDGE('',*,*,#3093,.T.);
#4046=ORIENTED_EDGE('',*,*,#3030,.T.);
#4047=ORIENTED_EDGE('',*,*,#3036,.T.);
#4048=ORIENTED_EDGE('',*,*,#3042,.T.);
#4049=ORIENTED_EDGE('',*,*,#3048,.T.);
#4050=ORIENTED_EDGE('',*,*,#3090,.T.);
#4051=ORIENTED_EDGE('',*,*,#3087,.T.);
#4052=ORIENTED_EDGE('',*,*,#3084,.T.);
#4053=ORIENTED_EDGE('',*,*,#3081,.T.);
#4054=ORIENTED_EDGE('',*,*,#3078,.T.);
#4055=ORIENTED_EDGE('',*,*,#3075,.T.);
#4056=ORIENTED_EDGE('',*,*,#3072,.T.);
#4057=ORIENTED_EDGE('',*,*,#3069,.T.);
#4058=ORIENTED_EDGE('',*,*,#3066,.T.);
#4059=ORIENTED_EDGE('',*,*,#3063,.T.);
#4060=ORIENTED_EDGE('',*,*,#3060,.T.);
#4061=ORIENTED_EDGE('',*,*,#3057,.T.);
#4062=ORIENTED_EDGE('',*,*,#3054,.T.);
#4063=ORIENTED_EDGE('',*,*,#3051,.T.);
#4064=ORIENTED_EDGE('',*,*,#3045,.T.);
#4065=ORIENTED_EDGE('',*,*,#3039,.T.);
#4066=ORIENTED_EDGE('',*,*,#3033,.T.);
#4067=ORIENTED_EDGE('',*,*,#3025,.T.);
#4068=ORIENTED_EDGE('',*,*,#3027,.T.);
#4069=ORIENTED_EDGE('',*,*,#3115,.T.);
#4070=ORIENTED_EDGE('',*,*,#3116,.T.);
#4071=ORIENTED_EDGE('',*,*,#3117,.F.);
#4072=ORIENTED_EDGE('',*,*,#3116,.F.);
#4073=ORIENTED_EDGE('',*,*,#3118,.F.);
#4074=ORIENTED_EDGE('',*,*,#3119,.T.);
#4075=ORIENTED_EDGE('',*,*,#3120,.T.);
#4076=ORIENTED_EDGE('',*,*,#3119,.F.);
#4077=ORIENTED_EDGE('',*,*,#3120,.F.);
#4078=ORIENTED_EDGE('',*,*,#3115,.F.);
#4079=ORIENTED_EDGE('',*,*,#3121,.T.);
#4080=ORIENTED_EDGE('',*,*,#3122,.T.);
#4081=ORIENTED_EDGE('',*,*,#3123,.F.);
#4082=ORIENTED_EDGE('',*,*,#3122,.F.);
#4083=ORIENTED_EDGE('',*,*,#3124,.F.);
#4084=ORIENTED_EDGE('',*,*,#3125,.T.);
#4085=ORIENTED_EDGE('',*,*,#3126,.T.);
#4086=ORIENTED_EDGE('',*,*,#3125,.F.);
#4087=ORIENTED_EDGE('',*,*,#3126,.F.);
#4088=ORIENTED_EDGE('',*,*,#3121,.F.);
#4089=ORIENTED_EDGE('',*,*,#3127,.T.);
#4090=ORIENTED_EDGE('',*,*,#3128,.T.);
#4091=ORIENTED_EDGE('',*,*,#3129,.F.);
#4092=ORIENTED_EDGE('',*,*,#3128,.F.);
#4093=ORIENTED_EDGE('',*,*,#3130,.F.);
#4094=ORIENTED_EDGE('',*,*,#3131,.T.);
#4095=ORIENTED_EDGE('',*,*,#3132,.T.);
#4096=ORIENTED_EDGE('',*,*,#3131,.F.);
#4097=ORIENTED_EDGE('',*,*,#3132,.F.);
#4098=ORIENTED_EDGE('',*,*,#3127,.F.);
#4099=ORIENTED_EDGE('',*,*,#3133,.T.);
#4100=ORIENTED_EDGE('',*,*,#3134,.T.);
#4101=ORIENTED_EDGE('',*,*,#3135,.F.);
#4102=ORIENTED_EDGE('',*,*,#3134,.F.);
#4103=ORIENTED_EDGE('',*,*,#3136,.F.);
#4104=ORIENTED_EDGE('',*,*,#3137,.T.);
#4105=ORIENTED_EDGE('',*,*,#3138,.T.);
#4106=ORIENTED_EDGE('',*,*,#3137,.F.);
#4107=ORIENTED_EDGE('',*,*,#3138,.F.);
#4108=ORIENTED_EDGE('',*,*,#3133,.F.);
#4109=ORIENTED_EDGE('',*,*,#3139,.T.);
#4110=ORIENTED_EDGE('',*,*,#3140,.T.);
#4111=ORIENTED_EDGE('',*,*,#3141,.F.);
#4112=ORIENTED_EDGE('',*,*,#3140,.F.);
#4113=ORIENTED_EDGE('',*,*,#3142,.F.);
#4114=ORIENTED_EDGE('',*,*,#3143,.T.);
#4115=ORIENTED_EDGE('',*,*,#3144,.T.);
#4116=ORIENTED_EDGE('',*,*,#3143,.F.);
#4117=ORIENTED_EDGE('',*,*,#3144,.F.);
#4118=ORIENTED_EDGE('',*,*,#3139,.F.);
#4119=ORIENTED_EDGE('',*,*,#3145,.T.);
#4120=ORIENTED_EDGE('',*,*,#3146,.T.);
#4121=ORIENTED_EDGE('',*,*,#3147,.F.);
#4122=ORIENTED_EDGE('',*,*,#3146,.F.);
#4123=ORIENTED_EDGE('',*,*,#3148,.F.);
#4124=ORIENTED_EDGE('',*,*,#3149,.T.);
#4125=ORIENTED_EDGE('',*,*,#3150,.T.);
#4126=ORIENTED_EDGE('',*,*,#3149,.F.);
#4127=ORIENTED_EDGE('',*,*,#3150,.F.);
#4128=ORIENTED_EDGE('',*,*,#3145,.F.);
#4129=ORIENTED_EDGE('',*,*,#3151,.T.);
#4130=ORIENTED_EDGE('',*,*,#3152,.T.);
#4131=ORIENTED_EDGE('',*,*,#3153,.F.);
#4132=ORIENTED_EDGE('',*,*,#3152,.F.);
#4133=ORIENTED_EDGE('',*,*,#3154,.F.);
#4134=ORIENTED_EDGE('',*,*,#3155,.T.);
#4135=ORIENTED_EDGE('',*,*,#3156,.T.);
#4136=ORIENTED_EDGE('',*,*,#3155,.F.);
#4137=ORIENTED_EDGE('',*,*,#3156,.F.);
#4138=ORIENTED_EDGE('',*,*,#3151,.F.);
#4139=ORIENTED_EDGE('',*,*,#3157,.T.);
#4140=ORIENTED_EDGE('',*,*,#3158,.T.);
#4141=ORIENTED_EDGE('',*,*,#3159,.F.);
#4142=ORIENTED_EDGE('',*,*,#3158,.F.);
#4143=ORIENTED_EDGE('',*,*,#3160,.F.);
#4144=ORIENTED_EDGE('',*,*,#3161,.T.);
#4145=ORIENTED_EDGE('',*,*,#3162,.T.);
#4146=ORIENTED_EDGE('',*,*,#3161,.F.);
#4147=ORIENTED_EDGE('',*,*,#3162,.F.);
#4148=ORIENTED_EDGE('',*,*,#3157,.F.);
#4149=ORIENTED_EDGE('',*,*,#3163,.T.);
#4150=ORIENTED_EDGE('',*,*,#3164,.T.);
#4151=ORIENTED_EDGE('',*,*,#3165,.F.);
#4152=ORIENTED_EDGE('',*,*,#3164,.F.);
#4153=ORIENTED_EDGE('',*,*,#3166,.F.);
#4154=ORIENTED_EDGE('',*,*,#3167,.T.);
#4155=ORIENTED_EDGE('',*,*,#3168,.T.);
#4156=ORIENTED_EDGE('',*,*,#3167,.F.);
#4157=ORIENTED_EDGE('',*,*,#3168,.F.);
#4158=ORIENTED_EDGE('',*,*,#3163,.F.);
#4159=ORIENTED_EDGE('',*,*,#3169,.T.);
#4160=ORIENTED_EDGE('',*,*,#3170,.T.);
#4161=ORIENTED_EDGE('',*,*,#3171,.F.);
#4162=ORIENTED_EDGE('',*,*,#3170,.F.);
#4163=ORIENTED_EDGE('',*,*,#3172,.F.);
#4164=ORIENTED_EDGE('',*,*,#3173,.T.);
#4165=ORIENTED_EDGE('',*,*,#3174,.T.);
#4166=ORIENTED_EDGE('',*,*,#3173,.F.);
#4167=ORIENTED_EDGE('',*,*,#3174,.F.);
#4168=ORIENTED_EDGE('',*,*,#3169,.F.);
#4169=ORIENTED_EDGE('',*,*,#3175,.T.);
#4170=ORIENTED_EDGE('',*,*,#3176,.T.);
#4171=ORIENTED_EDGE('',*,*,#3177,.F.);
#4172=ORIENTED_EDGE('',*,*,#3176,.F.);
#4173=ORIENTED_EDGE('',*,*,#3178,.F.);
#4174=ORIENTED_EDGE('',*,*,#3179,.T.);
#4175=ORIENTED_EDGE('',*,*,#3180,.T.);
#4176=ORIENTED_EDGE('',*,*,#3179,.F.);
#4177=ORIENTED_EDGE('',*,*,#3180,.F.);
#4178=ORIENTED_EDGE('',*,*,#3175,.F.);
#4179=ORIENTED_EDGE('',*,*,#3181,.T.);
#4180=ORIENTED_EDGE('',*,*,#3182,.T.);
#4181=ORIENTED_EDGE('',*,*,#3183,.F.);
#4182=ORIENTED_EDGE('',*,*,#3182,.F.);
#4183=ORIENTED_EDGE('',*,*,#3184,.F.);
#4184=ORIENTED_EDGE('',*,*,#3185,.T.);
#4185=ORIENTED_EDGE('',*,*,#3186,.T.);
#4186=ORIENTED_EDGE('',*,*,#3185,.F.);
#4187=ORIENTED_EDGE('',*,*,#3186,.F.);
#4188=ORIENTED_EDGE('',*,*,#3181,.F.);
#4189=ORIENTED_EDGE('',*,*,#3187,.T.);
#4190=ORIENTED_EDGE('',*,*,#3188,.T.);
#4191=ORIENTED_EDGE('',*,*,#3189,.F.);
#4192=ORIENTED_EDGE('',*,*,#3188,.F.);
#4193=ORIENTED_EDGE('',*,*,#3190,.F.);
#4194=ORIENTED_EDGE('',*,*,#3191,.T.);
#4195=ORIENTED_EDGE('',*,*,#3192,.T.);
#4196=ORIENTED_EDGE('',*,*,#3191,.F.);
#4197=ORIENTED_EDGE('',*,*,#3192,.F.);
#4198=ORIENTED_EDGE('',*,*,#3187,.F.);
#4199=ORIENTED_EDGE('',*,*,#3193,.T.);
#4200=ORIENTED_EDGE('',*,*,#3194,.T.);
#4201=ORIENTED_EDGE('',*,*,#3195,.F.);
#4202=ORIENTED_EDGE('',*,*,#3194,.F.);
#4203=ORIENTED_EDGE('',*,*,#3196,.F.);
#4204=ORIENTED_EDGE('',*,*,#3197,.T.);
#4205=ORIENTED_EDGE('',*,*,#3198,.T.);
#4206=ORIENTED_EDGE('',*,*,#3197,.F.);
#4207=ORIENTED_EDGE('',*,*,#3198,.F.);
#4208=ORIENTED_EDGE('',*,*,#3193,.F.);
#4209=ORIENTED_EDGE('',*,*,#3199,.F.);
#4210=ORIENTED_EDGE('',*,*,#3200,.T.);
#4211=ORIENTED_EDGE('',*,*,#3201,.F.);
#4212=ORIENTED_EDGE('',*,*,#3202,.F.);
#4213=ORIENTED_EDGE('',*,*,#3203,.F.);
#4214=ORIENTED_EDGE('',*,*,#3202,.T.);
#4215=ORIENTED_EDGE('',*,*,#3204,.F.);
#4216=ORIENTED_EDGE('',*,*,#3205,.F.);
#4217=ORIENTED_EDGE('',*,*,#3206,.F.);
#4218=ORIENTED_EDGE('',*,*,#3205,.T.);
#4219=ORIENTED_EDGE('',*,*,#3207,.F.);
#4220=ORIENTED_EDGE('',*,*,#3208,.F.);
#4221=ORIENTED_EDGE('',*,*,#3209,.F.);
#4222=ORIENTED_EDGE('',*,*,#3208,.T.);
#4223=ORIENTED_EDGE('',*,*,#3210,.F.);
#4224=ORIENTED_EDGE('',*,*,#3211,.F.);
#4225=ORIENTED_EDGE('',*,*,#3212,.F.);
#4226=ORIENTED_EDGE('',*,*,#3211,.T.);
#4227=ORIENTED_EDGE('',*,*,#3213,.F.);
#4228=ORIENTED_EDGE('',*,*,#3214,.F.);
#4229=ORIENTED_EDGE('',*,*,#3215,.F.);
#4230=ORIENTED_EDGE('',*,*,#3214,.T.);
#4231=ORIENTED_EDGE('',*,*,#3216,.F.);
#4232=ORIENTED_EDGE('',*,*,#3217,.F.);
#4233=ORIENTED_EDGE('',*,*,#3218,.F.);
#4234=ORIENTED_EDGE('',*,*,#3217,.T.);
#4235=ORIENTED_EDGE('',*,*,#3219,.F.);
#4236=ORIENTED_EDGE('',*,*,#3220,.F.);
#4237=ORIENTED_EDGE('',*,*,#3221,.F.);
#4238=ORIENTED_EDGE('',*,*,#3220,.T.);
#4239=ORIENTED_EDGE('',*,*,#3222,.F.);
#4240=ORIENTED_EDGE('',*,*,#3200,.F.);
#4241=ORIENTED_EDGE('',*,*,#3223,.F.);
#4242=ORIENTED_EDGE('',*,*,#3224,.T.);
#4243=ORIENTED_EDGE('',*,*,#3225,.F.);
#4244=ORIENTED_EDGE('',*,*,#3226,.F.);
#4245=ORIENTED_EDGE('',*,*,#3227,.F.);
#4246=ORIENTED_EDGE('',*,*,#3226,.T.);
#4247=ORIENTED_EDGE('',*,*,#3228,.F.);
#4248=ORIENTED_EDGE('',*,*,#3229,.F.);
#4249=ORIENTED_EDGE('',*,*,#3230,.T.);
#4250=ORIENTED_EDGE('',*,*,#3229,.T.);
#4251=ORIENTED_EDGE('',*,*,#3231,.F.);
#4252=ORIENTED_EDGE('',*,*,#3232,.F.);
#4253=ORIENTED_EDGE('',*,*,#3233,.F.);
#4254=ORIENTED_EDGE('',*,*,#3232,.T.);
#4255=ORIENTED_EDGE('',*,*,#3234,.F.);
#4256=ORIENTED_EDGE('',*,*,#3235,.F.);
#4257=ORIENTED_EDGE('',*,*,#3236,.F.);
#4258=ORIENTED_EDGE('',*,*,#3235,.T.);
#4259=ORIENTED_EDGE('',*,*,#3237,.F.);
#4260=ORIENTED_EDGE('',*,*,#3238,.F.);
#4261=ORIENTED_EDGE('',*,*,#3239,.F.);
#4262=ORIENTED_EDGE('',*,*,#3238,.T.);
#4263=ORIENTED_EDGE('',*,*,#3240,.F.);
#4264=ORIENTED_EDGE('',*,*,#3241,.F.);
#4265=ORIENTED_EDGE('',*,*,#3242,.T.);
#4266=ORIENTED_EDGE('',*,*,#3241,.T.);
#4267=ORIENTED_EDGE('',*,*,#3243,.F.);
#4268=ORIENTED_EDGE('',*,*,#3244,.F.);
#4269=ORIENTED_EDGE('',*,*,#3245,.F.);
#4270=ORIENTED_EDGE('',*,*,#3244,.T.);
#4271=ORIENTED_EDGE('',*,*,#3246,.F.);
#4272=ORIENTED_EDGE('',*,*,#3224,.F.);
#4273=ORIENTED_EDGE('',*,*,#3245,.T.);
#4274=ORIENTED_EDGE('',*,*,#3223,.T.);
#4275=ORIENTED_EDGE('',*,*,#3227,.T.);
#4276=ORIENTED_EDGE('',*,*,#3230,.F.);
#4277=ORIENTED_EDGE('',*,*,#3233,.T.);
#4278=ORIENTED_EDGE('',*,*,#3236,.T.);
#4279=ORIENTED_EDGE('',*,*,#3239,.T.);
#4280=ORIENTED_EDGE('',*,*,#3242,.F.);
#4281=ORIENTED_EDGE('',*,*,#3124,.T.);
#4282=ORIENTED_EDGE('',*,*,#3136,.T.);
#4283=ORIENTED_EDGE('',*,*,#3148,.T.);
#4284=ORIENTED_EDGE('',*,*,#3160,.T.);
#4285=ORIENTED_EDGE('',*,*,#3166,.T.);
#4286=ORIENTED_EDGE('',*,*,#3172,.T.);
#4287=ORIENTED_EDGE('',*,*,#3178,.T.);
#4288=ORIENTED_EDGE('',*,*,#3184,.T.);
#4289=ORIENTED_EDGE('',*,*,#3190,.T.);
#4290=ORIENTED_EDGE('',*,*,#3196,.T.);
#4291=ORIENTED_EDGE('',*,*,#3221,.T.);
#4292=ORIENTED_EDGE('',*,*,#3199,.T.);
#4293=ORIENTED_EDGE('',*,*,#3203,.T.);
#4294=ORIENTED_EDGE('',*,*,#3206,.T.);
#4295=ORIENTED_EDGE('',*,*,#3209,.T.);
#4296=ORIENTED_EDGE('',*,*,#3212,.T.);
#4297=ORIENTED_EDGE('',*,*,#3215,.T.);
#4298=ORIENTED_EDGE('',*,*,#3218,.T.);
#4299=ORIENTED_EDGE('',*,*,#3154,.T.);
#4300=ORIENTED_EDGE('',*,*,#3142,.T.);
#4301=ORIENTED_EDGE('',*,*,#3130,.T.);
#4302=ORIENTED_EDGE('',*,*,#3118,.T.);
#4303=ORIENTED_EDGE('',*,*,#3246,.T.);
#4304=ORIENTED_EDGE('',*,*,#3243,.T.);
#4305=ORIENTED_EDGE('',*,*,#3240,.T.);
#4306=ORIENTED_EDGE('',*,*,#3237,.T.);
#4307=ORIENTED_EDGE('',*,*,#3234,.T.);
#4308=ORIENTED_EDGE('',*,*,#3231,.T.);
#4309=ORIENTED_EDGE('',*,*,#3228,.T.);
#4310=ORIENTED_EDGE('',*,*,#3225,.T.);
#4311=ORIENTED_EDGE('',*,*,#3123,.T.);
#4312=ORIENTED_EDGE('',*,*,#3135,.T.);
#4313=ORIENTED_EDGE('',*,*,#3147,.T.);
#4314=ORIENTED_EDGE('',*,*,#3159,.T.);
#4315=ORIENTED_EDGE('',*,*,#3165,.T.);
#4316=ORIENTED_EDGE('',*,*,#3171,.T.);
#4317=ORIENTED_EDGE('',*,*,#3177,.T.);
#4318=ORIENTED_EDGE('',*,*,#3183,.T.);
#4319=ORIENTED_EDGE('',*,*,#3189,.T.);
#4320=ORIENTED_EDGE('',*,*,#3195,.T.);
#4321=ORIENTED_EDGE('',*,*,#3222,.T.);
#4322=ORIENTED_EDGE('',*,*,#3219,.T.);
#4323=ORIENTED_EDGE('',*,*,#3216,.T.);
#4324=ORIENTED_EDGE('',*,*,#3213,.T.);
#4325=ORIENTED_EDGE('',*,*,#3210,.T.);
#4326=ORIENTED_EDGE('',*,*,#3207,.T.);
#4327=ORIENTED_EDGE('',*,*,#3204,.T.);
#4328=ORIENTED_EDGE('',*,*,#3201,.T.);
#4329=ORIENTED_EDGE('',*,*,#3153,.T.);
#4330=ORIENTED_EDGE('',*,*,#3141,.T.);
#4331=ORIENTED_EDGE('',*,*,#3129,.T.);
#4332=ORIENTED_EDGE('',*,*,#3117,.T.);
#4333=ORIENTED_EDGE('',*,*,#3247,.F.);
#4334=ORIENTED_EDGE('',*,*,#3248,.T.);
#4335=ORIENTED_EDGE('',*,*,#3249,.F.);
#4336=ORIENTED_EDGE('',*,*,#3248,.F.);
#4337=ORIENTED_EDGE('',*,*,#3249,.T.);
#4338=ORIENTED_EDGE('',*,*,#3250,.F.);
#4339=ORIENTED_EDGE('',*,*,#3251,.T.);
#4340=ORIENTED_EDGE('',*,*,#3252,.T.);
#4341=ORIENTED_EDGE('',*,*,#3251,.F.);
#4342=ORIENTED_EDGE('',*,*,#3252,.F.);
#4343=ORIENTED_EDGE('',*,*,#3253,.F.);
#4344=ORIENTED_EDGE('',*,*,#3254,.T.);
#4345=ORIENTED_EDGE('',*,*,#3255,.F.);
#4346=ORIENTED_EDGE('',*,*,#3254,.F.);
#4347=ORIENTED_EDGE('',*,*,#3255,.T.);
#4348=ORIENTED_EDGE('',*,*,#3256,.F.);
#4349=ORIENTED_EDGE('',*,*,#3257,.T.);
#4350=ORIENTED_EDGE('',*,*,#3258,.F.);
#4351=ORIENTED_EDGE('',*,*,#3257,.F.);
#4352=ORIENTED_EDGE('',*,*,#3258,.T.);
#4353=ORIENTED_EDGE('',*,*,#3259,.F.);
#4354=ORIENTED_EDGE('',*,*,#3260,.T.);
#4355=ORIENTED_EDGE('',*,*,#3261,.F.);
#4356=ORIENTED_EDGE('',*,*,#3260,.F.);
#4357=ORIENTED_EDGE('',*,*,#3261,.T.);
#4358=ORIENTED_EDGE('',*,*,#3262,.F.);
#4359=ORIENTED_EDGE('',*,*,#3263,.T.);
#4360=ORIENTED_EDGE('',*,*,#3264,.F.);
#4361=ORIENTED_EDGE('',*,*,#3263,.F.);
#4362=ORIENTED_EDGE('',*,*,#3264,.T.);
#4363=ORIENTED_EDGE('',*,*,#3265,.F.);
#4364=ORIENTED_EDGE('',*,*,#3266,.T.);
#4365=ORIENTED_EDGE('',*,*,#3267,.F.);
#4366=ORIENTED_EDGE('',*,*,#3266,.F.);
#4367=ORIENTED_EDGE('',*,*,#3267,.T.);
#4368=ORIENTED_EDGE('',*,*,#3268,.F.);
#4369=ORIENTED_EDGE('',*,*,#3269,.T.);
#4370=ORIENTED_EDGE('',*,*,#3270,.F.);
#4371=ORIENTED_EDGE('',*,*,#3269,.F.);
#4372=ORIENTED_EDGE('',*,*,#3270,.T.);
#4373=ORIENTED_EDGE('',*,*,#3271,.F.);
#4374=ORIENTED_EDGE('',*,*,#3272,.T.);
#4375=ORIENTED_EDGE('',*,*,#3273,.F.);
#4376=ORIENTED_EDGE('',*,*,#3272,.F.);
#4377=ORIENTED_EDGE('',*,*,#3273,.T.);
#4378=ORIENTED_EDGE('',*,*,#3274,.F.);
#4379=ORIENTED_EDGE('',*,*,#3275,.T.);
#4380=ORIENTED_EDGE('',*,*,#3276,.F.);
#4381=ORIENTED_EDGE('',*,*,#3275,.F.);
#4382=ORIENTED_EDGE('',*,*,#3276,.T.);
#4383=ORIENTED_EDGE('',*,*,#3277,.F.);
#4384=ORIENTED_EDGE('',*,*,#3278,.T.);
#4385=ORIENTED_EDGE('',*,*,#3279,.F.);
#4386=ORIENTED_EDGE('',*,*,#3278,.F.);
#4387=ORIENTED_EDGE('',*,*,#3279,.T.);
#4388=ORIENTED_EDGE('',*,*,#3280,.F.);
#4389=ORIENTED_EDGE('',*,*,#3281,.T.);
#4390=ORIENTED_EDGE('',*,*,#3282,.F.);
#4391=ORIENTED_EDGE('',*,*,#3281,.F.);
#4392=ORIENTED_EDGE('',*,*,#3282,.T.);
#4393=ORIENTED_EDGE('',*,*,#3283,.F.);
#4394=ORIENTED_EDGE('',*,*,#3284,.T.);
#4395=ORIENTED_EDGE('',*,*,#3285,.F.);
#4396=ORIENTED_EDGE('',*,*,#3284,.F.);
#4397=ORIENTED_EDGE('',*,*,#3285,.T.);
#4398=ORIENTED_EDGE('',*,*,#3286,.F.);
#4399=ORIENTED_EDGE('',*,*,#3287,.T.);
#4400=ORIENTED_EDGE('',*,*,#3288,.F.);
#4401=ORIENTED_EDGE('',*,*,#3287,.F.);
#4402=ORIENTED_EDGE('',*,*,#3288,.T.);
#4403=ORIENTED_EDGE('',*,*,#3289,.F.);
#4404=ORIENTED_EDGE('',*,*,#3290,.T.);
#4405=ORIENTED_EDGE('',*,*,#3291,.F.);
#4406=ORIENTED_EDGE('',*,*,#3290,.F.);
#4407=ORIENTED_EDGE('',*,*,#3291,.T.);
#4408=ORIENTED_EDGE('',*,*,#3292,.F.);
#4409=ORIENTED_EDGE('',*,*,#3293,.T.);
#4410=ORIENTED_EDGE('',*,*,#3294,.T.);
#4411=ORIENTED_EDGE('',*,*,#3293,.F.);
#4412=ORIENTED_EDGE('',*,*,#3294,.F.);
#4413=ORIENTED_EDGE('',*,*,#3295,.F.);
#4414=ORIENTED_EDGE('',*,*,#3296,.T.);
#4415=ORIENTED_EDGE('',*,*,#3297,.T.);
#4416=ORIENTED_EDGE('',*,*,#3296,.F.);
#4417=ORIENTED_EDGE('',*,*,#3297,.F.);
#4418=ORIENTED_EDGE('',*,*,#3298,.F.);
#4419=ORIENTED_EDGE('',*,*,#3299,.T.);
#4420=ORIENTED_EDGE('',*,*,#3300,.T.);
#4421=ORIENTED_EDGE('',*,*,#3299,.F.);
#4422=ORIENTED_EDGE('',*,*,#3300,.F.);
#4423=ORIENTED_EDGE('',*,*,#3301,.F.);
#4424=ORIENTED_EDGE('',*,*,#3302,.T.);
#4425=ORIENTED_EDGE('',*,*,#3303,.T.);
#4426=ORIENTED_EDGE('',*,*,#3302,.F.);
#4427=ORIENTED_EDGE('',*,*,#3303,.F.);
#4428=ORIENTED_EDGE('',*,*,#3304,.F.);
#4429=ORIENTED_EDGE('',*,*,#3305,.T.);
#4430=ORIENTED_EDGE('',*,*,#3306,.T.);
#4431=ORIENTED_EDGE('',*,*,#3305,.F.);
#4432=ORIENTED_EDGE('',*,*,#3306,.F.);
#4433=ORIENTED_EDGE('',*,*,#3307,.F.);
#4434=ORIENTED_EDGE('',*,*,#3308,.T.);
#4435=ORIENTED_EDGE('',*,*,#3309,.T.);
#4436=ORIENTED_EDGE('',*,*,#3308,.F.);
#4437=ORIENTED_EDGE('',*,*,#3309,.F.);
#4438=ORIENTED_EDGE('',*,*,#3310,.F.);
#4439=ORIENTED_EDGE('',*,*,#3311,.T.);
#4440=ORIENTED_EDGE('',*,*,#3312,.T.);
#4441=ORIENTED_EDGE('',*,*,#3311,.F.);
#4442=ORIENTED_EDGE('',*,*,#3312,.F.);
#4443=ORIENTED_EDGE('',*,*,#3313,.F.);
#4444=ORIENTED_EDGE('',*,*,#3314,.T.);
#4445=ORIENTED_EDGE('',*,*,#3315,.T.);
#4446=ORIENTED_EDGE('',*,*,#3314,.F.);
#4447=ORIENTED_EDGE('',*,*,#3315,.F.);
#4448=ORIENTED_EDGE('',*,*,#3316,.F.);
#4449=ORIENTED_EDGE('',*,*,#3317,.T.);
#4450=ORIENTED_EDGE('',*,*,#3318,.T.);
#4451=ORIENTED_EDGE('',*,*,#3317,.F.);
#4452=ORIENTED_EDGE('',*,*,#3318,.F.);
#4453=ORIENTED_EDGE('',*,*,#3319,.F.);
#4454=ORIENTED_EDGE('',*,*,#3320,.T.);
#4455=ORIENTED_EDGE('',*,*,#3321,.T.);
#4456=ORIENTED_EDGE('',*,*,#3320,.F.);
#4457=ORIENTED_EDGE('',*,*,#3321,.F.);
#4458=ORIENTED_EDGE('',*,*,#3322,.F.);
#4459=ORIENTED_EDGE('',*,*,#3323,.T.);
#4460=ORIENTED_EDGE('',*,*,#3324,.T.);
#4461=ORIENTED_EDGE('',*,*,#3323,.F.);
#4462=ORIENTED_EDGE('',*,*,#3324,.F.);
#4463=ORIENTED_EDGE('',*,*,#3325,.F.);
#4464=ORIENTED_EDGE('',*,*,#3326,.T.);
#4465=ORIENTED_EDGE('',*,*,#3327,.T.);
#4466=ORIENTED_EDGE('',*,*,#3326,.F.);
#4467=ORIENTED_EDGE('',*,*,#3327,.F.);
#4468=ORIENTED_EDGE('',*,*,#3328,.F.);
#4469=ORIENTED_EDGE('',*,*,#3329,.T.);
#4470=ORIENTED_EDGE('',*,*,#3330,.T.);
#4471=ORIENTED_EDGE('',*,*,#3329,.F.);
#4472=ORIENTED_EDGE('',*,*,#3330,.F.);
#4473=ORIENTED_EDGE('',*,*,#3331,.F.);
#4474=ORIENTED_EDGE('',*,*,#3332,.T.);
#4475=ORIENTED_EDGE('',*,*,#3333,.F.);
#4476=ORIENTED_EDGE('',*,*,#3334,.F.);
#4477=ORIENTED_EDGE('',*,*,#3335,.F.);
#4478=ORIENTED_EDGE('',*,*,#3334,.T.);
#4479=ORIENTED_EDGE('',*,*,#3336,.F.);
#4480=ORIENTED_EDGE('',*,*,#3337,.F.);
#4481=ORIENTED_EDGE('',*,*,#3338,.F.);
#4482=ORIENTED_EDGE('',*,*,#3337,.T.);
#4483=ORIENTED_EDGE('',*,*,#3339,.F.);
#4484=ORIENTED_EDGE('',*,*,#3340,.F.);
#4485=ORIENTED_EDGE('',*,*,#3341,.F.);
#4486=ORIENTED_EDGE('',*,*,#3340,.T.);
#4487=ORIENTED_EDGE('',*,*,#3342,.F.);
#4488=ORIENTED_EDGE('',*,*,#3343,.F.);
#4489=ORIENTED_EDGE('',*,*,#3344,.F.);
#4490=ORIENTED_EDGE('',*,*,#3343,.T.);
#4491=ORIENTED_EDGE('',*,*,#3345,.F.);
#4492=ORIENTED_EDGE('',*,*,#3346,.F.);
#4493=ORIENTED_EDGE('',*,*,#3347,.F.);
#4494=ORIENTED_EDGE('',*,*,#3346,.T.);
#4495=ORIENTED_EDGE('',*,*,#3348,.F.);
#4496=ORIENTED_EDGE('',*,*,#3349,.F.);
#4497=ORIENTED_EDGE('',*,*,#3350,.F.);
#4498=ORIENTED_EDGE('',*,*,#3349,.T.);
#4499=ORIENTED_EDGE('',*,*,#3351,.F.);
#4500=ORIENTED_EDGE('',*,*,#3352,.F.);
#4501=ORIENTED_EDGE('',*,*,#3353,.F.);
#4502=ORIENTED_EDGE('',*,*,#3352,.T.);
#4503=ORIENTED_EDGE('',*,*,#3354,.F.);
#4504=ORIENTED_EDGE('',*,*,#3332,.F.);
#4505=ORIENTED_EDGE('',*,*,#3355,.F.);
#4506=ORIENTED_EDGE('',*,*,#3356,.T.);
#4507=ORIENTED_EDGE('',*,*,#3357,.F.);
#4508=ORIENTED_EDGE('',*,*,#3358,.F.);
#4509=ORIENTED_EDGE('',*,*,#3359,.F.);
#4510=ORIENTED_EDGE('',*,*,#3358,.T.);
#4511=ORIENTED_EDGE('',*,*,#3360,.F.);
#4512=ORIENTED_EDGE('',*,*,#3361,.F.);
#4513=ORIENTED_EDGE('',*,*,#3362,.T.);
#4514=ORIENTED_EDGE('',*,*,#3361,.T.);
#4515=ORIENTED_EDGE('',*,*,#3363,.F.);
#4516=ORIENTED_EDGE('',*,*,#3364,.F.);
#4517=ORIENTED_EDGE('',*,*,#3365,.F.);
#4518=ORIENTED_EDGE('',*,*,#3364,.T.);
#4519=ORIENTED_EDGE('',*,*,#3366,.F.);
#4520=ORIENTED_EDGE('',*,*,#3367,.F.);
#4521=ORIENTED_EDGE('',*,*,#3368,.F.);
#4522=ORIENTED_EDGE('',*,*,#3367,.T.);
#4523=ORIENTED_EDGE('',*,*,#3369,.F.);
#4524=ORIENTED_EDGE('',*,*,#3370,.F.);
#4525=ORIENTED_EDGE('',*,*,#3371,.F.);
#4526=ORIENTED_EDGE('',*,*,#3370,.T.);
#4527=ORIENTED_EDGE('',*,*,#3372,.F.);
#4528=ORIENTED_EDGE('',*,*,#3373,.F.);
#4529=ORIENTED_EDGE('',*,*,#3374,.T.);
#4530=ORIENTED_EDGE('',*,*,#3373,.T.);
#4531=ORIENTED_EDGE('',*,*,#3375,.F.);
#4532=ORIENTED_EDGE('',*,*,#3376,.F.);
#4533=ORIENTED_EDGE('',*,*,#3377,.F.);
#4534=ORIENTED_EDGE('',*,*,#3376,.T.);
#4535=ORIENTED_EDGE('',*,*,#3378,.F.);
#4536=ORIENTED_EDGE('',*,*,#3356,.F.);
#4537=ORIENTED_EDGE('',*,*,#3377,.T.);
#4538=ORIENTED_EDGE('',*,*,#3355,.T.);
#4539=ORIENTED_EDGE('',*,*,#3359,.T.);
#4540=ORIENTED_EDGE('',*,*,#3362,.F.);
#4541=ORIENTED_EDGE('',*,*,#3365,.T.);
#4542=ORIENTED_EDGE('',*,*,#3368,.T.);
#4543=ORIENTED_EDGE('',*,*,#3371,.T.);
#4544=ORIENTED_EDGE('',*,*,#3374,.F.);
#4545=ORIENTED_EDGE('',*,*,#3292,.T.);
#4546=ORIENTED_EDGE('',*,*,#3298,.T.);
#4547=ORIENTED_EDGE('',*,*,#3304,.T.);
#4548=ORIENTED_EDGE('',*,*,#3310,.T.);
#4549=ORIENTED_EDGE('',*,*,#3313,.T.);
#4550=ORIENTED_EDGE('',*,*,#3316,.T.);
#4551=ORIENTED_EDGE('',*,*,#3319,.T.);
#4552=ORIENTED_EDGE('',*,*,#3322,.T.);
#4553=ORIENTED_EDGE('',*,*,#3325,.T.);
#4554=ORIENTED_EDGE('',*,*,#3328,.T.);
#4555=ORIENTED_EDGE('',*,*,#3353,.T.);
#4556=ORIENTED_EDGE('',*,*,#3331,.T.);
#4557=ORIENTED_EDGE('',*,*,#3335,.T.);
#4558=ORIENTED_EDGE('',*,*,#3338,.T.);
#4559=ORIENTED_EDGE('',*,*,#3341,.T.);
#4560=ORIENTED_EDGE('',*,*,#3344,.T.);
#4561=ORIENTED_EDGE('',*,*,#3347,.T.);
#4562=ORIENTED_EDGE('',*,*,#3350,.T.);
#4563=ORIENTED_EDGE('',*,*,#3307,.T.);
#4564=ORIENTED_EDGE('',*,*,#3301,.T.);
#4565=ORIENTED_EDGE('',*,*,#3295,.T.);
#4566=ORIENTED_EDGE('',*,*,#3250,.T.);
#4567=ORIENTED_EDGE('',*,*,#3378,.T.);
#4568=ORIENTED_EDGE('',*,*,#3375,.T.);
#4569=ORIENTED_EDGE('',*,*,#3372,.T.);
#4570=ORIENTED_EDGE('',*,*,#3369,.T.);
#4571=ORIENTED_EDGE('',*,*,#3366,.T.);
#4572=ORIENTED_EDGE('',*,*,#3363,.T.);
#4573=ORIENTED_EDGE('',*,*,#3360,.T.);
#4574=ORIENTED_EDGE('',*,*,#3357,.T.);
#4575=ORIENTED_EDGE('',*,*,#3253,.T.);
#4576=ORIENTED_EDGE('',*,*,#3259,.T.);
#4577=ORIENTED_EDGE('',*,*,#3265,.T.);
#4578=ORIENTED_EDGE('',*,*,#3271,.T.);
#4579=ORIENTED_EDGE('',*,*,#3274,.T.);
#4580=ORIENTED_EDGE('',*,*,#3277,.T.);
#4581=ORIENTED_EDGE('',*,*,#3280,.T.);
#4582=ORIENTED_EDGE('',*,*,#3283,.T.);
#4583=ORIENTED_EDGE('',*,*,#3286,.T.);
#4584=ORIENTED_EDGE('',*,*,#3289,.T.);
#4585=ORIENTED_EDGE('',*,*,#3354,.T.);
#4586=ORIENTED_EDGE('',*,*,#3351,.T.);
#4587=ORIENTED_EDGE('',*,*,#3348,.T.);
#4588=ORIENTED_EDGE('',*,*,#3345,.T.);
#4589=ORIENTED_EDGE('',*,*,#3342,.T.);
#4590=ORIENTED_EDGE('',*,*,#3339,.T.);
#4591=ORIENTED_EDGE('',*,*,#3336,.T.);
#4592=ORIENTED_EDGE('',*,*,#3333,.T.);
#4593=ORIENTED_EDGE('',*,*,#3268,.T.);
#4594=ORIENTED_EDGE('',*,*,#3262,.T.);
#4595=ORIENTED_EDGE('',*,*,#3256,.T.);
#4596=ORIENTED_EDGE('',*,*,#3247,.T.);
#4597=ORIENTED_EDGE('',*,*,#3379,.F.);
#4598=ORIENTED_EDGE('',*,*,#3380,.T.);
#4599=ORIENTED_EDGE('',*,*,#3381,.F.);
#4600=ORIENTED_EDGE('',*,*,#3380,.F.);
#4601=ORIENTED_EDGE('',*,*,#3382,.F.);
#4602=ORIENTED_EDGE('',*,*,#3383,.F.);
#4603=ORIENTED_EDGE('',*,*,#3384,.F.);
#4604=ORIENTED_EDGE('',*,*,#3385,.F.);
#4605=ORIENTED_EDGE('',*,*,#3384,.T.);
#4606=ORIENTED_EDGE('',*,*,#3386,.F.);
#4607=ORIENTED_EDGE('',*,*,#3382,.T.);
#4608=ORIENTED_EDGE('',*,*,#3387,.F.);
#4609=ORIENTED_EDGE('',*,*,#3388,.F.);
#4610=ORIENTED_EDGE('',*,*,#3389,.T.);
#4611=ORIENTED_EDGE('',*,*,#3390,.F.);
#4612=ORIENTED_EDGE('',*,*,#3389,.F.);
#4613=ORIENTED_EDGE('',*,*,#3391,.F.);
#4614=ORIENTED_EDGE('',*,*,#3392,.T.);
#4615=ORIENTED_EDGE('',*,*,#3393,.F.);
#4616=ORIENTED_EDGE('',*,*,#3392,.F.);
#4617=ORIENTED_EDGE('',*,*,#3394,.F.);
#4618=ORIENTED_EDGE('',*,*,#3395,.T.);
#4619=ORIENTED_EDGE('',*,*,#3396,.F.);
#4620=ORIENTED_EDGE('',*,*,#3395,.F.);
#4621=ORIENTED_EDGE('',*,*,#3397,.F.);
#4622=ORIENTED_EDGE('',*,*,#3398,.T.);
#4623=ORIENTED_EDGE('',*,*,#3399,.F.);
#4624=ORIENTED_EDGE('',*,*,#3398,.F.);
#4625=ORIENTED_EDGE('',*,*,#3400,.F.);
#4626=ORIENTED_EDGE('',*,*,#3401,.T.);
#4627=ORIENTED_EDGE('',*,*,#3402,.F.);
#4628=ORIENTED_EDGE('',*,*,#3401,.F.);
#4629=ORIENTED_EDGE('',*,*,#3403,.F.);
#4630=ORIENTED_EDGE('',*,*,#3404,.T.);
#4631=ORIENTED_EDGE('',*,*,#3405,.F.);
#4632=ORIENTED_EDGE('',*,*,#3404,.F.);
#4633=ORIENTED_EDGE('',*,*,#3406,.F.);
#4634=ORIENTED_EDGE('',*,*,#3407,.T.);
#4635=ORIENTED_EDGE('',*,*,#3408,.F.);
#4636=ORIENTED_EDGE('',*,*,#3407,.F.);
#4637=ORIENTED_EDGE('',*,*,#3409,.F.);
#4638=ORIENTED_EDGE('',*,*,#3410,.T.);
#4639=ORIENTED_EDGE('',*,*,#3411,.F.);
#4640=ORIENTED_EDGE('',*,*,#3410,.F.);
#4641=ORIENTED_EDGE('',*,*,#3412,.F.);
#4642=ORIENTED_EDGE('',*,*,#3413,.T.);
#4643=ORIENTED_EDGE('',*,*,#3414,.F.);
#4644=ORIENTED_EDGE('',*,*,#3413,.F.);
#4645=ORIENTED_EDGE('',*,*,#3415,.F.);
#4646=ORIENTED_EDGE('',*,*,#3416,.T.);
#4647=ORIENTED_EDGE('',*,*,#3417,.F.);
#4648=ORIENTED_EDGE('',*,*,#3416,.F.);
#4649=ORIENTED_EDGE('',*,*,#3418,.F.);
#4650=ORIENTED_EDGE('',*,*,#3419,.T.);
#4651=ORIENTED_EDGE('',*,*,#3420,.F.);
#4652=ORIENTED_EDGE('',*,*,#3419,.F.);
#4653=ORIENTED_EDGE('',*,*,#3421,.F.);
#4654=ORIENTED_EDGE('',*,*,#3422,.T.);
#4655=ORIENTED_EDGE('',*,*,#3423,.F.);
#4656=ORIENTED_EDGE('',*,*,#3422,.F.);
#4657=ORIENTED_EDGE('',*,*,#3424,.T.);
#4658=ORIENTED_EDGE('',*,*,#3425,.T.);
#4659=ORIENTED_EDGE('',*,*,#3426,.T.);
#4660=ORIENTED_EDGE('',*,*,#3427,.F.);
#4661=ORIENTED_EDGE('',*,*,#3428,.T.);
#4662=ORIENTED_EDGE('',*,*,#3429,.T.);
#4663=ORIENTED_EDGE('',*,*,#3430,.T.);
#4664=ORIENTED_EDGE('',*,*,#3425,.F.);
#4665=ORIENTED_EDGE('',*,*,#3431,.T.);
#4666=ORIENTED_EDGE('',*,*,#3432,.T.);
#4667=ORIENTED_EDGE('',*,*,#3433,.T.);
#4668=ORIENTED_EDGE('',*,*,#3429,.F.);
#4669=ORIENTED_EDGE('',*,*,#3434,.T.);
#4670=ORIENTED_EDGE('',*,*,#3435,.T.);
#4671=ORIENTED_EDGE('',*,*,#3436,.T.);
#4672=ORIENTED_EDGE('',*,*,#3432,.F.);
#4673=ORIENTED_EDGE('',*,*,#3437,.T.);
#4674=ORIENTED_EDGE('',*,*,#3438,.T.);
#4675=ORIENTED_EDGE('',*,*,#3439,.T.);
#4676=ORIENTED_EDGE('',*,*,#3435,.F.);
#4677=ORIENTED_EDGE('',*,*,#3440,.T.);
#4678=ORIENTED_EDGE('',*,*,#3441,.T.);
#4679=ORIENTED_EDGE('',*,*,#3442,.T.);
#4680=ORIENTED_EDGE('',*,*,#3438,.F.);
#4681=ORIENTED_EDGE('',*,*,#3443,.T.);
#4682=ORIENTED_EDGE('',*,*,#3444,.T.);
#4683=ORIENTED_EDGE('',*,*,#3445,.T.);
#4684=ORIENTED_EDGE('',*,*,#3441,.F.);
#4685=ORIENTED_EDGE('',*,*,#3446,.T.);
#4686=ORIENTED_EDGE('',*,*,#3427,.T.);
#4687=ORIENTED_EDGE('',*,*,#3447,.T.);
#4688=ORIENTED_EDGE('',*,*,#3444,.F.);
#4689=ORIENTED_EDGE('',*,*,#3448,.T.);
#4690=ORIENTED_EDGE('',*,*,#3449,.T.);
#4691=ORIENTED_EDGE('',*,*,#3450,.T.);
#4692=ORIENTED_EDGE('',*,*,#3451,.F.);
#4693=ORIENTED_EDGE('',*,*,#3452,.T.);
#4694=ORIENTED_EDGE('',*,*,#3453,.T.);
#4695=ORIENTED_EDGE('',*,*,#3454,.T.);
#4696=ORIENTED_EDGE('',*,*,#3449,.F.);
#4697=ORIENTED_EDGE('',*,*,#3455,.F.);
#4698=ORIENTED_EDGE('',*,*,#3456,.T.);
#4699=ORIENTED_EDGE('',*,*,#3457,.T.);
#4700=ORIENTED_EDGE('',*,*,#3453,.F.);
#4701=ORIENTED_EDGE('',*,*,#3458,.T.);
#4702=ORIENTED_EDGE('',*,*,#3459,.T.);
#4703=ORIENTED_EDGE('',*,*,#3460,.T.);
#4704=ORIENTED_EDGE('',*,*,#3456,.F.);
#4705=ORIENTED_EDGE('',*,*,#3461,.T.);
#4706=ORIENTED_EDGE('',*,*,#3462,.T.);
#4707=ORIENTED_EDGE('',*,*,#3463,.T.);
#4708=ORIENTED_EDGE('',*,*,#3459,.F.);
#4709=ORIENTED_EDGE('',*,*,#3464,.T.);
#4710=ORIENTED_EDGE('',*,*,#3465,.T.);
#4711=ORIENTED_EDGE('',*,*,#3466,.T.);
#4712=ORIENTED_EDGE('',*,*,#3462,.F.);
#4713=ORIENTED_EDGE('',*,*,#3467,.F.);
#4714=ORIENTED_EDGE('',*,*,#3468,.T.);
#4715=ORIENTED_EDGE('',*,*,#3469,.T.);
#4716=ORIENTED_EDGE('',*,*,#3465,.F.);
#4717=ORIENTED_EDGE('',*,*,#3470,.T.);
#4718=ORIENTED_EDGE('',*,*,#3451,.T.);
#4719=ORIENTED_EDGE('',*,*,#3471,.T.);
#4720=ORIENTED_EDGE('',*,*,#3468,.F.);
#4721=ORIENTED_EDGE('',*,*,#3470,.F.);
#4722=ORIENTED_EDGE('',*,*,#3467,.T.);
#4723=ORIENTED_EDGE('',*,*,#3464,.F.);
#4724=ORIENTED_EDGE('',*,*,#3461,.F.);
#4725=ORIENTED_EDGE('',*,*,#3458,.F.);
#4726=ORIENTED_EDGE('',*,*,#3455,.T.);
#4727=ORIENTED_EDGE('',*,*,#3452,.F.);
#4728=ORIENTED_EDGE('',*,*,#3448,.F.);
#4729=ORIENTED_EDGE('',*,*,#3385,.T.);
#4730=ORIENTED_EDGE('',*,*,#3387,.T.);
#4731=ORIENTED_EDGE('',*,*,#3388,.T.);
#4732=ORIENTED_EDGE('',*,*,#3394,.T.);
#4733=ORIENTED_EDGE('',*,*,#3400,.T.);
#4734=ORIENTED_EDGE('',*,*,#3446,.F.);
#4735=ORIENTED_EDGE('',*,*,#3443,.F.);
#4736=ORIENTED_EDGE('',*,*,#3440,.F.);
#4737=ORIENTED_EDGE('',*,*,#3437,.F.);
#4738=ORIENTED_EDGE('',*,*,#3434,.F.);
#4739=ORIENTED_EDGE('',*,*,#3431,.F.);
#4740=ORIENTED_EDGE('',*,*,#3428,.F.);
#4741=ORIENTED_EDGE('',*,*,#3424,.F.);
#4742=ORIENTED_EDGE('',*,*,#3421,.T.);
#4743=ORIENTED_EDGE('',*,*,#3418,.T.);
#4744=ORIENTED_EDGE('',*,*,#3415,.T.);
#4745=ORIENTED_EDGE('',*,*,#3412,.T.);
#4746=ORIENTED_EDGE('',*,*,#3409,.T.);
#4747=ORIENTED_EDGE('',*,*,#3406,.T.);
#4748=ORIENTED_EDGE('',*,*,#3403,.T.);
#4749=ORIENTED_EDGE('',*,*,#3397,.T.);
#4750=ORIENTED_EDGE('',*,*,#3391,.T.);
#4751=ORIENTED_EDGE('',*,*,#3379,.T.);
#4752=ORIENTED_EDGE('',*,*,#3471,.F.);
#4753=ORIENTED_EDGE('',*,*,#3450,.F.);
#4754=ORIENTED_EDGE('',*,*,#3454,.F.);
#4755=ORIENTED_EDGE('',*,*,#3457,.F.);
#4756=ORIENTED_EDGE('',*,*,#3460,.F.);
#4757=ORIENTED_EDGE('',*,*,#3463,.F.);
#4758=ORIENTED_EDGE('',*,*,#3466,.F.);
#4759=ORIENTED_EDGE('',*,*,#3469,.F.);
#4760=ORIENTED_EDGE('',*,*,#3390,.T.);
#4761=ORIENTED_EDGE('',*,*,#3396,.T.);
#4762=ORIENTED_EDGE('',*,*,#3402,.T.);
#4763=ORIENTED_EDGE('',*,*,#3447,.F.);
#4764=ORIENTED_EDGE('',*,*,#3426,.F.);
#4765=ORIENTED_EDGE('',*,*,#3430,.F.);
#4766=ORIENTED_EDGE('',*,*,#3433,.F.);
#4767=ORIENTED_EDGE('',*,*,#3436,.F.);
#4768=ORIENTED_EDGE('',*,*,#3439,.F.);
#4769=ORIENTED_EDGE('',*,*,#3442,.F.);
#4770=ORIENTED_EDGE('',*,*,#3445,.F.);
#4771=ORIENTED_EDGE('',*,*,#3423,.T.);
#4772=ORIENTED_EDGE('',*,*,#3420,.T.);
#4773=ORIENTED_EDGE('',*,*,#3417,.T.);
#4774=ORIENTED_EDGE('',*,*,#3414,.T.);
#4775=ORIENTED_EDGE('',*,*,#3411,.T.);
#4776=ORIENTED_EDGE('',*,*,#3408,.T.);
#4777=ORIENTED_EDGE('',*,*,#3405,.T.);
#4778=ORIENTED_EDGE('',*,*,#3399,.T.);
#4779=ORIENTED_EDGE('',*,*,#3393,.T.);
#4780=ORIENTED_EDGE('',*,*,#3383,.T.);
#4781=ORIENTED_EDGE('',*,*,#3386,.T.);
#4782=ORIENTED_EDGE('',*,*,#3381,.T.);
#4783=ORIENTED_EDGE('',*,*,#3472,.F.);
#4784=ORIENTED_EDGE('',*,*,#3473,.T.);
#4785=ORIENTED_EDGE('',*,*,#3474,.F.);
#4786=ORIENTED_EDGE('',*,*,#3473,.F.);
#4787=ORIENTED_EDGE('',*,*,#3475,.F.);
#4788=ORIENTED_EDGE('',*,*,#3476,.F.);
#4789=ORIENTED_EDGE('',*,*,#3477,.F.);
#4790=ORIENTED_EDGE('',*,*,#3478,.F.);
#4791=ORIENTED_EDGE('',*,*,#3477,.T.);
#4792=ORIENTED_EDGE('',*,*,#3479,.F.);
#4793=ORIENTED_EDGE('',*,*,#3475,.T.);
#4794=ORIENTED_EDGE('',*,*,#3480,.F.);
#4795=ORIENTED_EDGE('',*,*,#3481,.F.);
#4796=ORIENTED_EDGE('',*,*,#3482,.T.);
#4797=ORIENTED_EDGE('',*,*,#3483,.F.);
#4798=ORIENTED_EDGE('',*,*,#3482,.F.);
#4799=ORIENTED_EDGE('',*,*,#3484,.F.);
#4800=ORIENTED_EDGE('',*,*,#3485,.T.);
#4801=ORIENTED_EDGE('',*,*,#3486,.F.);
#4802=ORIENTED_EDGE('',*,*,#3485,.F.);
#4803=ORIENTED_EDGE('',*,*,#3487,.F.);
#4804=ORIENTED_EDGE('',*,*,#3488,.T.);
#4805=ORIENTED_EDGE('',*,*,#3489,.F.);
#4806=ORIENTED_EDGE('',*,*,#3488,.F.);
#4807=ORIENTED_EDGE('',*,*,#3490,.F.);
#4808=ORIENTED_EDGE('',*,*,#3491,.T.);
#4809=ORIENTED_EDGE('',*,*,#3492,.F.);
#4810=ORIENTED_EDGE('',*,*,#3491,.F.);
#4811=ORIENTED_EDGE('',*,*,#3493,.F.);
#4812=ORIENTED_EDGE('',*,*,#3494,.T.);
#4813=ORIENTED_EDGE('',*,*,#3495,.F.);
#4814=ORIENTED_EDGE('',*,*,#3494,.F.);
#4815=ORIENTED_EDGE('',*,*,#3496,.F.);
#4816=ORIENTED_EDGE('',*,*,#3497,.T.);
#4817=ORIENTED_EDGE('',*,*,#3498,.F.);
#4818=ORIENTED_EDGE('',*,*,#3497,.F.);
#4819=ORIENTED_EDGE('',*,*,#3499,.F.);
#4820=ORIENTED_EDGE('',*,*,#3500,.T.);
#4821=ORIENTED_EDGE('',*,*,#3501,.F.);
#4822=ORIENTED_EDGE('',*,*,#3500,.F.);
#4823=ORIENTED_EDGE('',*,*,#3502,.F.);
#4824=ORIENTED_EDGE('',*,*,#3503,.T.);
#4825=ORIENTED_EDGE('',*,*,#3504,.F.);
#4826=ORIENTED_EDGE('',*,*,#3503,.F.);
#4827=ORIENTED_EDGE('',*,*,#3505,.F.);
#4828=ORIENTED_EDGE('',*,*,#3506,.T.);
#4829=ORIENTED_EDGE('',*,*,#3507,.F.);
#4830=ORIENTED_EDGE('',*,*,#3506,.F.);
#4831=ORIENTED_EDGE('',*,*,#3508,.F.);
#4832=ORIENTED_EDGE('',*,*,#3509,.T.);
#4833=ORIENTED_EDGE('',*,*,#3510,.F.);
#4834=ORIENTED_EDGE('',*,*,#3509,.F.);
#4835=ORIENTED_EDGE('',*,*,#3511,.F.);
#4836=ORIENTED_EDGE('',*,*,#3512,.T.);
#4837=ORIENTED_EDGE('',*,*,#3513,.F.);
#4838=ORIENTED_EDGE('',*,*,#3512,.F.);
#4839=ORIENTED_EDGE('',*,*,#3514,.F.);
#4840=ORIENTED_EDGE('',*,*,#3515,.T.);
#4841=ORIENTED_EDGE('',*,*,#3516,.F.);
#4842=ORIENTED_EDGE('',*,*,#3515,.F.);
#4843=ORIENTED_EDGE('',*,*,#3517,.T.);
#4844=ORIENTED_EDGE('',*,*,#3518,.T.);
#4845=ORIENTED_EDGE('',*,*,#3519,.T.);
#4846=ORIENTED_EDGE('',*,*,#3520,.F.);
#4847=ORIENTED_EDGE('',*,*,#3521,.T.);
#4848=ORIENTED_EDGE('',*,*,#3522,.T.);
#4849=ORIENTED_EDGE('',*,*,#3523,.T.);
#4850=ORIENTED_EDGE('',*,*,#3518,.F.);
#4851=ORIENTED_EDGE('',*,*,#3524,.T.);
#4852=ORIENTED_EDGE('',*,*,#3525,.T.);
#4853=ORIENTED_EDGE('',*,*,#3526,.T.);
#4854=ORIENTED_EDGE('',*,*,#3522,.F.);
#4855=ORIENTED_EDGE('',*,*,#3527,.T.);
#4856=ORIENTED_EDGE('',*,*,#3528,.T.);
#4857=ORIENTED_EDGE('',*,*,#3529,.T.);
#4858=ORIENTED_EDGE('',*,*,#3525,.F.);
#4859=ORIENTED_EDGE('',*,*,#3530,.T.);
#4860=ORIENTED_EDGE('',*,*,#3531,.T.);
#4861=ORIENTED_EDGE('',*,*,#3532,.T.);
#4862=ORIENTED_EDGE('',*,*,#3528,.F.);
#4863=ORIENTED_EDGE('',*,*,#3533,.T.);
#4864=ORIENTED_EDGE('',*,*,#3534,.T.);
#4865=ORIENTED_EDGE('',*,*,#3535,.T.);
#4866=ORIENTED_EDGE('',*,*,#3531,.F.);
#4867=ORIENTED_EDGE('',*,*,#3536,.T.);
#4868=ORIENTED_EDGE('',*,*,#3537,.T.);
#4869=ORIENTED_EDGE('',*,*,#3538,.T.);
#4870=ORIENTED_EDGE('',*,*,#3534,.F.);
#4871=ORIENTED_EDGE('',*,*,#3539,.T.);
#4872=ORIENTED_EDGE('',*,*,#3520,.T.);
#4873=ORIENTED_EDGE('',*,*,#3540,.T.);
#4874=ORIENTED_EDGE('',*,*,#3537,.F.);
#4875=ORIENTED_EDGE('',*,*,#3541,.T.);
#4876=ORIENTED_EDGE('',*,*,#3542,.T.);
#4877=ORIENTED_EDGE('',*,*,#3543,.T.);
#4878=ORIENTED_EDGE('',*,*,#3544,.F.);
#4879=ORIENTED_EDGE('',*,*,#3545,.T.);
#4880=ORIENTED_EDGE('',*,*,#3546,.T.);
#4881=ORIENTED_EDGE('',*,*,#3547,.T.);
#4882=ORIENTED_EDGE('',*,*,#3542,.F.);
#4883=ORIENTED_EDGE('',*,*,#3548,.F.);
#4884=ORIENTED_EDGE('',*,*,#3549,.T.);
#4885=ORIENTED_EDGE('',*,*,#3550,.T.);
#4886=ORIENTED_EDGE('',*,*,#3546,.F.);
#4887=ORIENTED_EDGE('',*,*,#3551,.T.);
#4888=ORIENTED_EDGE('',*,*,#3552,.T.);
#4889=ORIENTED_EDGE('',*,*,#3553,.T.);
#4890=ORIENTED_EDGE('',*,*,#3549,.F.);
#4891=ORIENTED_EDGE('',*,*,#3554,.T.);
#4892=ORIENTED_EDGE('',*,*,#3555,.T.);
#4893=ORIENTED_EDGE('',*,*,#3556,.T.);
#4894=ORIENTED_EDGE('',*,*,#3552,.F.);
#4895=ORIENTED_EDGE('',*,*,#3557,.T.);
#4896=ORIENTED_EDGE('',*,*,#3558,.T.);
#4897=ORIENTED_EDGE('',*,*,#3559,.T.);
#4898=ORIENTED_EDGE('',*,*,#3555,.F.);
#4899=ORIENTED_EDGE('',*,*,#3560,.F.);
#4900=ORIENTED_EDGE('',*,*,#3561,.T.);
#4901=ORIENTED_EDGE('',*,*,#3562,.T.);
#4902=ORIENTED_EDGE('',*,*,#3558,.F.);
#4903=ORIENTED_EDGE('',*,*,#3563,.T.);
#4904=ORIENTED_EDGE('',*,*,#3544,.T.);
#4905=ORIENTED_EDGE('',*,*,#3564,.T.);
#4906=ORIENTED_EDGE('',*,*,#3561,.F.);
#4907=ORIENTED_EDGE('',*,*,#3563,.F.);
#4908=ORIENTED_EDGE('',*,*,#3560,.T.);
#4909=ORIENTED_EDGE('',*,*,#3557,.F.);
#4910=ORIENTED_EDGE('',*,*,#3554,.F.);
#4911=ORIENTED_EDGE('',*,*,#3551,.F.);
#4912=ORIENTED_EDGE('',*,*,#3548,.T.);
#4913=ORIENTED_EDGE('',*,*,#3545,.F.);
#4914=ORIENTED_EDGE('',*,*,#3541,.F.);
#4915=ORIENTED_EDGE('',*,*,#3478,.T.);
#4916=ORIENTED_EDGE('',*,*,#3480,.T.);
#4917=ORIENTED_EDGE('',*,*,#3481,.T.);
#4918=ORIENTED_EDGE('',*,*,#3487,.T.);
#4919=ORIENTED_EDGE('',*,*,#3493,.T.);
#4920=ORIENTED_EDGE('',*,*,#3539,.F.);
#4921=ORIENTED_EDGE('',*,*,#3536,.F.);
#4922=ORIENTED_EDGE('',*,*,#3533,.F.);
#4923=ORIENTED_EDGE('',*,*,#3530,.F.);
#4924=ORIENTED_EDGE('',*,*,#3527,.F.);
#4925=ORIENTED_EDGE('',*,*,#3524,.F.);
#4926=ORIENTED_EDGE('',*,*,#3521,.F.);
#4927=ORIENTED_EDGE('',*,*,#3517,.F.);
#4928=ORIENTED_EDGE('',*,*,#3514,.T.);
#4929=ORIENTED_EDGE('',*,*,#3511,.T.);
#4930=ORIENTED_EDGE('',*,*,#3508,.T.);
#4931=ORIENTED_EDGE('',*,*,#3505,.T.);
#4932=ORIENTED_EDGE('',*,*,#3502,.T.);
#4933=ORIENTED_EDGE('',*,*,#3499,.T.);
#4934=ORIENTED_EDGE('',*,*,#3496,.T.);
#4935=ORIENTED_EDGE('',*,*,#3490,.T.);
#4936=ORIENTED_EDGE('',*,*,#3484,.T.);
#4937=ORIENTED_EDGE('',*,*,#3472,.T.);
#4938=ORIENTED_EDGE('',*,*,#3564,.F.);
#4939=ORIENTED_EDGE('',*,*,#3543,.F.);
#4940=ORIENTED_EDGE('',*,*,#3547,.F.);
#4941=ORIENTED_EDGE('',*,*,#3550,.F.);
#4942=ORIENTED_EDGE('',*,*,#3553,.F.);
#4943=ORIENTED_EDGE('',*,*,#3556,.F.);
#4944=ORIENTED_EDGE('',*,*,#3559,.F.);
#4945=ORIENTED_EDGE('',*,*,#3562,.F.);
#4946=ORIENTED_EDGE('',*,*,#3483,.T.);
#4947=ORIENTED_EDGE('',*,*,#3489,.T.);
#4948=ORIENTED_EDGE('',*,*,#3495,.T.);
#4949=ORIENTED_EDGE('',*,*,#3540,.F.);
#4950=ORIENTED_EDGE('',*,*,#3519,.F.);
#4951=ORIENTED_EDGE('',*,*,#3523,.F.);
#4952=ORIENTED_EDGE('',*,*,#3526,.F.);
#4953=ORIENTED_EDGE('',*,*,#3529,.F.);
#4954=ORIENTED_EDGE('',*,*,#3532,.F.);
#4955=ORIENTED_EDGE('',*,*,#3535,.F.);
#4956=ORIENTED_EDGE('',*,*,#3538,.F.);
#4957=ORIENTED_EDGE('',*,*,#3516,.T.);
#4958=ORIENTED_EDGE('',*,*,#3513,.T.);
#4959=ORIENTED_EDGE('',*,*,#3510,.T.);
#4960=ORIENTED_EDGE('',*,*,#3507,.T.);
#4961=ORIENTED_EDGE('',*,*,#3504,.T.);
#4962=ORIENTED_EDGE('',*,*,#3501,.T.);
#4963=ORIENTED_EDGE('',*,*,#3498,.T.);
#4964=ORIENTED_EDGE('',*,*,#3492,.T.);
#4965=ORIENTED_EDGE('',*,*,#3486,.T.);
#4966=ORIENTED_EDGE('',*,*,#3476,.T.);
#4967=ORIENTED_EDGE('',*,*,#3479,.T.);
#4968=ORIENTED_EDGE('',*,*,#3474,.T.);
#4969=ORIENTED_EDGE('',*,*,#3565,.F.);
#4970=ORIENTED_EDGE('',*,*,#3566,.T.);
#4971=ORIENTED_EDGE('',*,*,#3567,.F.);
#4972=ORIENTED_EDGE('',*,*,#3566,.F.);
#4973=ORIENTED_EDGE('',*,*,#3568,.F.);
#4974=ORIENTED_EDGE('',*,*,#3569,.T.);
#4975=ORIENTED_EDGE('',*,*,#3570,.F.);
#4976=ORIENTED_EDGE('',*,*,#3569,.F.);
#4977=ORIENTED_EDGE('',*,*,#3570,.T.);
#4978=ORIENTED_EDGE('',*,*,#3565,.T.);
#4979=ORIENTED_EDGE('',*,*,#3571,.F.);
#4980=ORIENTED_EDGE('',*,*,#3572,.T.);
#4981=ORIENTED_EDGE('',*,*,#3573,.F.);
#4982=ORIENTED_EDGE('',*,*,#3572,.F.);
#4983=ORIENTED_EDGE('',*,*,#3574,.F.);
#4984=ORIENTED_EDGE('',*,*,#3575,.T.);
#4985=ORIENTED_EDGE('',*,*,#3576,.F.);
#4986=ORIENTED_EDGE('',*,*,#3575,.F.);
#4987=ORIENTED_EDGE('',*,*,#3576,.T.);
#4988=ORIENTED_EDGE('',*,*,#3571,.T.);
#4989=ORIENTED_EDGE('',*,*,#3577,.F.);
#4990=ORIENTED_EDGE('',*,*,#3578,.T.);
#4991=ORIENTED_EDGE('',*,*,#3579,.F.);
#4992=ORIENTED_EDGE('',*,*,#3578,.F.);
#4993=ORIENTED_EDGE('',*,*,#3580,.F.);
#4994=ORIENTED_EDGE('',*,*,#3581,.T.);
#4995=ORIENTED_EDGE('',*,*,#3582,.F.);
#4996=ORIENTED_EDGE('',*,*,#3581,.F.);
#4997=ORIENTED_EDGE('',*,*,#3582,.T.);
#4998=ORIENTED_EDGE('',*,*,#3577,.T.);
#4999=ORIENTED_EDGE('',*,*,#3583,.F.);
#5000=ORIENTED_EDGE('',*,*,#3584,.T.);
#5001=ORIENTED_EDGE('',*,*,#3585,.F.);
#5002=ORIENTED_EDGE('',*,*,#3584,.F.);
#5003=ORIENTED_EDGE('',*,*,#3586,.F.);
#5004=ORIENTED_EDGE('',*,*,#3587,.T.);
#5005=ORIENTED_EDGE('',*,*,#3588,.F.);
#5006=ORIENTED_EDGE('',*,*,#3587,.F.);
#5007=ORIENTED_EDGE('',*,*,#3588,.T.);
#5008=ORIENTED_EDGE('',*,*,#3583,.T.);
#5009=ORIENTED_EDGE('',*,*,#3589,.F.);
#5010=ORIENTED_EDGE('',*,*,#3590,.T.);
#5011=ORIENTED_EDGE('',*,*,#3591,.F.);
#5012=ORIENTED_EDGE('',*,*,#3590,.F.);
#5013=ORIENTED_EDGE('',*,*,#3592,.F.);
#5014=ORIENTED_EDGE('',*,*,#3593,.T.);
#5015=ORIENTED_EDGE('',*,*,#3594,.F.);
#5016=ORIENTED_EDGE('',*,*,#3593,.F.);
#5017=ORIENTED_EDGE('',*,*,#3594,.T.);
#5018=ORIENTED_EDGE('',*,*,#3589,.T.);
#5019=ORIENTED_EDGE('',*,*,#3595,.F.);
#5020=ORIENTED_EDGE('',*,*,#3596,.T.);
#5021=ORIENTED_EDGE('',*,*,#3597,.F.);
#5022=ORIENTED_EDGE('',*,*,#3596,.F.);
#5023=ORIENTED_EDGE('',*,*,#3598,.F.);
#5024=ORIENTED_EDGE('',*,*,#3599,.T.);
#5025=ORIENTED_EDGE('',*,*,#3600,.F.);
#5026=ORIENTED_EDGE('',*,*,#3599,.F.);
#5027=ORIENTED_EDGE('',*,*,#3600,.T.);
#5028=ORIENTED_EDGE('',*,*,#3595,.T.);
#5029=ORIENTED_EDGE('',*,*,#3601,.F.);
#5030=ORIENTED_EDGE('',*,*,#3602,.T.);
#5031=ORIENTED_EDGE('',*,*,#3603,.F.);
#5032=ORIENTED_EDGE('',*,*,#3602,.F.);
#5033=ORIENTED_EDGE('',*,*,#3604,.F.);
#5034=ORIENTED_EDGE('',*,*,#3605,.T.);
#5035=ORIENTED_EDGE('',*,*,#3606,.F.);
#5036=ORIENTED_EDGE('',*,*,#3605,.F.);
#5037=ORIENTED_EDGE('',*,*,#3606,.T.);
#5038=ORIENTED_EDGE('',*,*,#3601,.T.);
#5039=ORIENTED_EDGE('',*,*,#3607,.F.);
#5040=ORIENTED_EDGE('',*,*,#3608,.T.);
#5041=ORIENTED_EDGE('',*,*,#3609,.F.);
#5042=ORIENTED_EDGE('',*,*,#3608,.F.);
#5043=ORIENTED_EDGE('',*,*,#3610,.F.);
#5044=ORIENTED_EDGE('',*,*,#3611,.T.);
#5045=ORIENTED_EDGE('',*,*,#3612,.F.);
#5046=ORIENTED_EDGE('',*,*,#3611,.F.);
#5047=ORIENTED_EDGE('',*,*,#3612,.T.);
#5048=ORIENTED_EDGE('',*,*,#3607,.T.);
#5049=ORIENTED_EDGE('',*,*,#3613,.F.);
#5050=ORIENTED_EDGE('',*,*,#3614,.T.);
#5051=ORIENTED_EDGE('',*,*,#3615,.F.);
#5052=ORIENTED_EDGE('',*,*,#3614,.F.);
#5053=ORIENTED_EDGE('',*,*,#3616,.F.);
#5054=ORIENTED_EDGE('',*,*,#3617,.T.);
#5055=ORIENTED_EDGE('',*,*,#3618,.F.);
#5056=ORIENTED_EDGE('',*,*,#3617,.F.);
#5057=ORIENTED_EDGE('',*,*,#3618,.T.);
#5058=ORIENTED_EDGE('',*,*,#3613,.T.);
#5059=ORIENTED_EDGE('',*,*,#3619,.F.);
#5060=ORIENTED_EDGE('',*,*,#3620,.T.);
#5061=ORIENTED_EDGE('',*,*,#3621,.F.);
#5062=ORIENTED_EDGE('',*,*,#3620,.F.);
#5063=ORIENTED_EDGE('',*,*,#3622,.F.);
#5064=ORIENTED_EDGE('',*,*,#3623,.T.);
#5065=ORIENTED_EDGE('',*,*,#3624,.F.);
#5066=ORIENTED_EDGE('',*,*,#3623,.F.);
#5067=ORIENTED_EDGE('',*,*,#3624,.T.);
#5068=ORIENTED_EDGE('',*,*,#3619,.T.);
#5069=ORIENTED_EDGE('',*,*,#3625,.F.);
#5070=ORIENTED_EDGE('',*,*,#3626,.T.);
#5071=ORIENTED_EDGE('',*,*,#3627,.F.);
#5072=ORIENTED_EDGE('',*,*,#3626,.F.);
#5073=ORIENTED_EDGE('',*,*,#3628,.F.);
#5074=ORIENTED_EDGE('',*,*,#3629,.T.);
#5075=ORIENTED_EDGE('',*,*,#3630,.F.);
#5076=ORIENTED_EDGE('',*,*,#3629,.F.);
#5077=ORIENTED_EDGE('',*,*,#3630,.T.);
#5078=ORIENTED_EDGE('',*,*,#3625,.T.);
#5079=ORIENTED_EDGE('',*,*,#3631,.F.);
#5080=ORIENTED_EDGE('',*,*,#3632,.T.);
#5081=ORIENTED_EDGE('',*,*,#3633,.F.);
#5082=ORIENTED_EDGE('',*,*,#3632,.F.);
#5083=ORIENTED_EDGE('',*,*,#3634,.F.);
#5084=ORIENTED_EDGE('',*,*,#3635,.T.);
#5085=ORIENTED_EDGE('',*,*,#3636,.F.);
#5086=ORIENTED_EDGE('',*,*,#3635,.F.);
#5087=ORIENTED_EDGE('',*,*,#3636,.T.);
#5088=ORIENTED_EDGE('',*,*,#3631,.T.);
#5089=ORIENTED_EDGE('',*,*,#3637,.F.);
#5090=ORIENTED_EDGE('',*,*,#3638,.T.);
#5091=ORIENTED_EDGE('',*,*,#3639,.F.);
#5092=ORIENTED_EDGE('',*,*,#3638,.F.);
#5093=ORIENTED_EDGE('',*,*,#3640,.F.);
#5094=ORIENTED_EDGE('',*,*,#3641,.T.);
#5095=ORIENTED_EDGE('',*,*,#3642,.F.);
#5096=ORIENTED_EDGE('',*,*,#3641,.F.);
#5097=ORIENTED_EDGE('',*,*,#3642,.T.);
#5098=ORIENTED_EDGE('',*,*,#3637,.T.);
#5099=ORIENTED_EDGE('',*,*,#3643,.F.);
#5100=ORIENTED_EDGE('',*,*,#3644,.T.);
#5101=ORIENTED_EDGE('',*,*,#3645,.F.);
#5102=ORIENTED_EDGE('',*,*,#3644,.F.);
#5103=ORIENTED_EDGE('',*,*,#3646,.F.);
#5104=ORIENTED_EDGE('',*,*,#3647,.T.);
#5105=ORIENTED_EDGE('',*,*,#3648,.F.);
#5106=ORIENTED_EDGE('',*,*,#3647,.F.);
#5107=ORIENTED_EDGE('',*,*,#3648,.T.);
#5108=ORIENTED_EDGE('',*,*,#3643,.T.);
#5109=ORIENTED_EDGE('',*,*,#3649,.T.);
#5110=ORIENTED_EDGE('',*,*,#3650,.T.);
#5111=ORIENTED_EDGE('',*,*,#3651,.T.);
#5112=ORIENTED_EDGE('',*,*,#3652,.F.);
#5113=ORIENTED_EDGE('',*,*,#3653,.T.);
#5114=ORIENTED_EDGE('',*,*,#3654,.T.);
#5115=ORIENTED_EDGE('',*,*,#3655,.T.);
#5116=ORIENTED_EDGE('',*,*,#3650,.F.);
#5117=ORIENTED_EDGE('',*,*,#3656,.T.);
#5118=ORIENTED_EDGE('',*,*,#3657,.T.);
#5119=ORIENTED_EDGE('',*,*,#3658,.T.);
#5120=ORIENTED_EDGE('',*,*,#3654,.F.);
#5121=ORIENTED_EDGE('',*,*,#3659,.T.);
#5122=ORIENTED_EDGE('',*,*,#3660,.T.);
#5123=ORIENTED_EDGE('',*,*,#3661,.T.);
#5124=ORIENTED_EDGE('',*,*,#3657,.F.);
#5125=ORIENTED_EDGE('',*,*,#3662,.T.);
#5126=ORIENTED_EDGE('',*,*,#3663,.T.);
#5127=ORIENTED_EDGE('',*,*,#3664,.T.);
#5128=ORIENTED_EDGE('',*,*,#3660,.F.);
#5129=ORIENTED_EDGE('',*,*,#3665,.T.);
#5130=ORIENTED_EDGE('',*,*,#3666,.T.);
#5131=ORIENTED_EDGE('',*,*,#3667,.T.);
#5132=ORIENTED_EDGE('',*,*,#3663,.F.);
#5133=ORIENTED_EDGE('',*,*,#3668,.T.);
#5134=ORIENTED_EDGE('',*,*,#3669,.T.);
#5135=ORIENTED_EDGE('',*,*,#3670,.T.);
#5136=ORIENTED_EDGE('',*,*,#3666,.F.);
#5137=ORIENTED_EDGE('',*,*,#3671,.T.);
#5138=ORIENTED_EDGE('',*,*,#3652,.T.);
#5139=ORIENTED_EDGE('',*,*,#3672,.T.);
#5140=ORIENTED_EDGE('',*,*,#3669,.F.);
#5141=ORIENTED_EDGE('',*,*,#3673,.T.);
#5142=ORIENTED_EDGE('',*,*,#3674,.T.);
#5143=ORIENTED_EDGE('',*,*,#3675,.T.);
#5144=ORIENTED_EDGE('',*,*,#3676,.F.);
#5145=ORIENTED_EDGE('',*,*,#3677,.T.);
#5146=ORIENTED_EDGE('',*,*,#3678,.T.);
#5147=ORIENTED_EDGE('',*,*,#3679,.T.);
#5148=ORIENTED_EDGE('',*,*,#3674,.F.);
#5149=ORIENTED_EDGE('',*,*,#3680,.F.);
#5150=ORIENTED_EDGE('',*,*,#3681,.T.);
#5151=ORIENTED_EDGE('',*,*,#3682,.T.);
#5152=ORIENTED_EDGE('',*,*,#3678,.F.);
#5153=ORIENTED_EDGE('',*,*,#3683,.T.);
#5154=ORIENTED_EDGE('',*,*,#3684,.T.);
#5155=ORIENTED_EDGE('',*,*,#3685,.T.);
#5156=ORIENTED_EDGE('',*,*,#3681,.F.);
#5157=ORIENTED_EDGE('',*,*,#3686,.T.);
#5158=ORIENTED_EDGE('',*,*,#3687,.T.);
#5159=ORIENTED_EDGE('',*,*,#3688,.T.);
#5160=ORIENTED_EDGE('',*,*,#3684,.F.);
#5161=ORIENTED_EDGE('',*,*,#3689,.T.);
#5162=ORIENTED_EDGE('',*,*,#3690,.T.);
#5163=ORIENTED_EDGE('',*,*,#3691,.T.);
#5164=ORIENTED_EDGE('',*,*,#3687,.F.);
#5165=ORIENTED_EDGE('',*,*,#3692,.F.);
#5166=ORIENTED_EDGE('',*,*,#3693,.T.);
#5167=ORIENTED_EDGE('',*,*,#3694,.T.);
#5168=ORIENTED_EDGE('',*,*,#3690,.F.);
#5169=ORIENTED_EDGE('',*,*,#3695,.T.);
#5170=ORIENTED_EDGE('',*,*,#3676,.T.);
#5171=ORIENTED_EDGE('',*,*,#3696,.T.);
#5172=ORIENTED_EDGE('',*,*,#3693,.F.);
#5173=ORIENTED_EDGE('',*,*,#3695,.F.);
#5174=ORIENTED_EDGE('',*,*,#3692,.T.);
#5175=ORIENTED_EDGE('',*,*,#3689,.F.);
#5176=ORIENTED_EDGE('',*,*,#3686,.F.);
#5177=ORIENTED_EDGE('',*,*,#3683,.F.);
#5178=ORIENTED_EDGE('',*,*,#3680,.T.);
#5179=ORIENTED_EDGE('',*,*,#3677,.F.);
#5180=ORIENTED_EDGE('',*,*,#3673,.F.);
#5181=ORIENTED_EDGE('',*,*,#3574,.T.);
#5182=ORIENTED_EDGE('',*,*,#3586,.T.);
#5183=ORIENTED_EDGE('',*,*,#3598,.T.);
#5184=ORIENTED_EDGE('',*,*,#3610,.T.);
#5185=ORIENTED_EDGE('',*,*,#3616,.T.);
#5186=ORIENTED_EDGE('',*,*,#3622,.T.);
#5187=ORIENTED_EDGE('',*,*,#3628,.T.);
#5188=ORIENTED_EDGE('',*,*,#3634,.T.);
#5189=ORIENTED_EDGE('',*,*,#3640,.T.);
#5190=ORIENTED_EDGE('',*,*,#3646,.T.);
#5191=ORIENTED_EDGE('',*,*,#3671,.F.);
#5192=ORIENTED_EDGE('',*,*,#3668,.F.);
#5193=ORIENTED_EDGE('',*,*,#3665,.F.);
#5194=ORIENTED_EDGE('',*,*,#3662,.F.);
#5195=ORIENTED_EDGE('',*,*,#3659,.F.);
#5196=ORIENTED_EDGE('',*,*,#3656,.F.);
#5197=ORIENTED_EDGE('',*,*,#3653,.F.);
#5198=ORIENTED_EDGE('',*,*,#3649,.F.);
#5199=ORIENTED_EDGE('',*,*,#3604,.T.);
#5200=ORIENTED_EDGE('',*,*,#3592,.T.);
#5201=ORIENTED_EDGE('',*,*,#3580,.T.);
#5202=ORIENTED_EDGE('',*,*,#3568,.T.);
#5203=ORIENTED_EDGE('',*,*,#3696,.F.);
#5204=ORIENTED_EDGE('',*,*,#3675,.F.);
#5205=ORIENTED_EDGE('',*,*,#3679,.F.);
#5206=ORIENTED_EDGE('',*,*,#3682,.F.);
#5207=ORIENTED_EDGE('',*,*,#3685,.F.);
#5208=ORIENTED_EDGE('',*,*,#3688,.F.);
#5209=ORIENTED_EDGE('',*,*,#3691,.F.);
#5210=ORIENTED_EDGE('',*,*,#3694,.F.);
#5211=ORIENTED_EDGE('',*,*,#3573,.T.);
#5212=ORIENTED_EDGE('',*,*,#3585,.T.);
#5213=ORIENTED_EDGE('',*,*,#3597,.T.);
#5214=ORIENTED_EDGE('',*,*,#3609,.T.);
#5215=ORIENTED_EDGE('',*,*,#3615,.T.);
#5216=ORIENTED_EDGE('',*,*,#3621,.T.);
#5217=ORIENTED_EDGE('',*,*,#3627,.T.);
#5218=ORIENTED_EDGE('',*,*,#3633,.T.);
#5219=ORIENTED_EDGE('',*,*,#3639,.T.);
#5220=ORIENTED_EDGE('',*,*,#3645,.T.);
#5221=ORIENTED_EDGE('',*,*,#3672,.F.);
#5222=ORIENTED_EDGE('',*,*,#3651,.F.);
#5223=ORIENTED_EDGE('',*,*,#3655,.F.);
#5224=ORIENTED_EDGE('',*,*,#3658,.F.);
#5225=ORIENTED_EDGE('',*,*,#3661,.F.);
#5226=ORIENTED_EDGE('',*,*,#3664,.F.);
#5227=ORIENTED_EDGE('',*,*,#3667,.F.);
#5228=ORIENTED_EDGE('',*,*,#3670,.F.);
#5229=ORIENTED_EDGE('',*,*,#3603,.T.);
#5230=ORIENTED_EDGE('',*,*,#3591,.T.);
#5231=ORIENTED_EDGE('',*,*,#3579,.T.);
#5232=ORIENTED_EDGE('',*,*,#3567,.T.);
#5233=CYLINDRICAL_SURFACE('',#5779,1.6);
#5234=CYLINDRICAL_SURFACE('',#5782,1.6);
#5235=CYLINDRICAL_SURFACE('',#5785,1.6);
#5236=CYLINDRICAL_SURFACE('',#5788,1.6);
#5237=CYLINDRICAL_SURFACE('',#5791,1.6);
#5238=CYLINDRICAL_SURFACE('',#5794,1.6);
#5239=CYLINDRICAL_SURFACE('',#5797,1.6);
#5240=CYLINDRICAL_SURFACE('',#5800,1.6);
#5241=CYLINDRICAL_SURFACE('',#5803,1.6);
#5242=CYLINDRICAL_SURFACE('',#5806,1.6);
#5243=CYLINDRICAL_SURFACE('',#5809,1.6);
#5244=CYLINDRICAL_SURFACE('',#5812,1.6);
#5245=CYLINDRICAL_SURFACE('',#5815,1.6);
#5246=CYLINDRICAL_SURFACE('',#5818,1.6);
#5247=CYLINDRICAL_SURFACE('',#5821,1.6);
#5248=CYLINDRICAL_SURFACE('',#5825,40.);
#5249=CYLINDRICAL_SURFACE('',#5829,159.999999999999);
#5250=CYLINDRICAL_SURFACE('',#5833,40.);
#5251=CYLINDRICAL_SURFACE('',#5837,160.);
#5252=CYLINDRICAL_SURFACE('',#5841,52.);
#5253=CYLINDRICAL_SURFACE('',#5845,171.999999999999);
#5254=CYLINDRICAL_SURFACE('',#5849,52.);
#5255=CYLINDRICAL_SURFACE('',#5853,172.);
#5256=CYLINDRICAL_SURFACE('',#5858,1.6);
#5257=CYLINDRICAL_SURFACE('',#5861,1.6);
#5258=CYLINDRICAL_SURFACE('',#5864,1.6);
#5259=CYLINDRICAL_SURFACE('',#5867,1.6);
#5260=CYLINDRICAL_SURFACE('',#5870,1.6);
#5261=CYLINDRICAL_SURFACE('',#5873,1.6);
#5262=CYLINDRICAL_SURFACE('',#5876,1.6);
#5263=CYLINDRICAL_SURFACE('',#5879,1.6);
#5264=CYLINDRICAL_SURFACE('',#5882,1.6);
#5265=CYLINDRICAL_SURFACE('',#5885,1.6);
#5266=CYLINDRICAL_SURFACE('',#5888,1.6);
#5267=CYLINDRICAL_SURFACE('',#5891,1.6);
#5268=CYLINDRICAL_SURFACE('',#5894,1.6);
#5269=CYLINDRICAL_SURFACE('',#5897,1.6);
#5270=CYLINDRICAL_SURFACE('',#5900,1.6);
#5271=CYLINDRICAL_SURFACE('',#5904,40.);
#5272=CYLINDRICAL_SURFACE('',#5908,159.999999999999);
#5273=CYLINDRICAL_SURFACE('',#5912,40.);
#5274=CYLINDRICAL_SURFACE('',#5916,160.);
#5275=CYLINDRICAL_SURFACE('',#5920,52.);
#5276=CYLINDRICAL_SURFACE('',#5924,171.999999999999);
#5277=CYLINDRICAL_SURFACE('',#5928,52.);
#5278=CYLINDRICAL_SURFACE('',#5932,172.);
#5279=CYLINDRICAL_SURFACE('',#5937,1.6);
#5280=CYLINDRICAL_SURFACE('',#5940,3.0000000447054);
#5281=CYLINDRICAL_SURFACE('',#5944,1.6);
#5282=CYLINDRICAL_SURFACE('',#5947,3.0000000447054);
#5283=CYLINDRICAL_SURFACE('',#5951,1.6);
#5284=CYLINDRICAL_SURFACE('',#5954,3.0000000447054);
#5285=CYLINDRICAL_SURFACE('',#5958,1.6);
#5286=CYLINDRICAL_SURFACE('',#5961,3.0000000447054);
#5287=CYLINDRICAL_SURFACE('',#5965,1.6);
#5288=CYLINDRICAL_SURFACE('',#5968,3.0000000447054);
#5289=CYLINDRICAL_SURFACE('',#5972,1.6);
#5290=CYLINDRICAL_SURFACE('',#5975,3.0000000447054);
#5291=CYLINDRICAL_SURFACE('',#5979,1.6);
#5292=CYLINDRICAL_SURFACE('',#5982,3.0000000447054);
#5293=CYLINDRICAL_SURFACE('',#5986,1.6);
#5294=CYLINDRICAL_SURFACE('',#5989,3.0000000447054);
#5295=CYLINDRICAL_SURFACE('',#5993,1.6);
#5296=CYLINDRICAL_SURFACE('',#5996,3.0000000447054);
#5297=CYLINDRICAL_SURFACE('',#6000,1.6);
#5298=CYLINDRICAL_SURFACE('',#6003,3.0000000447054);
#5299=CYLINDRICAL_SURFACE('',#6007,1.6);
#5300=CYLINDRICAL_SURFACE('',#6010,3.0000000447054);
#5301=CYLINDRICAL_SURFACE('',#6014,1.6);
#5302=CYLINDRICAL_SURFACE('',#6017,3.0000000447054);
#5303=CYLINDRICAL_SURFACE('',#6021,1.6);
#5304=CYLINDRICAL_SURFACE('',#6024,3.0000000447054);
#5305=CYLINDRICAL_SURFACE('',#6028,1.6);
#5306=CYLINDRICAL_SURFACE('',#6031,3.0000000447054);
#5307=CYLINDRICAL_SURFACE('',#6036,40.);
#5308=CYLINDRICAL_SURFACE('',#6040,159.999999999999);
#5309=CYLINDRICAL_SURFACE('',#6044,40.);
#5310=CYLINDRICAL_SURFACE('',#6048,160.);
#5311=CYLINDRICAL_SURFACE('',#6052,52.);
#5312=CYLINDRICAL_SURFACE('',#6056,171.999999999999);
#5313=CYLINDRICAL_SURFACE('',#6060,52.);
#5314=CYLINDRICAL_SURFACE('',#6064,172.);
#5315=CYLINDRICAL_SURFACE('',#6069,2.55000000000003);
#5316=CYLINDRICAL_SURFACE('',#6073,2.55000000000003);
#5317=CYLINDRICAL_SURFACE('',#6077,2.55000000000003);
#5318=CYLINDRICAL_SURFACE('',#6081,2.55000000000003);
#5319=CYLINDRICAL_SURFACE('',#6085,2.55000000000003);
#5320=CYLINDRICAL_SURFACE('',#6089,2.55000000000003);
#5321=CYLINDRICAL_SURFACE('',#6093,2.55000000000003);
#5322=CYLINDRICAL_SURFACE('',#6097,2.55000000000003);
#5323=CYLINDRICAL_SURFACE('',#6101,2.55000000000003);
#5324=CYLINDRICAL_SURFACE('',#6105,2.55000000000003);
#5325=CYLINDRICAL_SURFACE('',#6109,2.55000000000003);
#5326=CYLINDRICAL_SURFACE('',#6113,2.55000000000003);
#5327=CYLINDRICAL_SURFACE('',#6117,2.55000000000003);
#5328=CYLINDRICAL_SURFACE('',#6121,2.55000000000003);
#5329=CYLINDRICAL_SURFACE('',#6125,2.55000000000003);
#5330=CYLINDRICAL_SURFACE('',#6129,2.55000000000003);
#5331=CYLINDRICAL_SURFACE('',#6133,2.55000000000003);
#5332=CYLINDRICAL_SURFACE('',#6137,2.55000000000003);
#5333=CYLINDRICAL_SURFACE('',#6141,2.55000000000003);
#5334=CYLINDRICAL_SURFACE('',#6145,2.55000000000003);
#5335=CYLINDRICAL_SURFACE('',#6149,2.55000000000003);
#5336=CYLINDRICAL_SURFACE('',#6153,2.55000000000003);
#5337=CYLINDRICAL_SURFACE('',#6157,2.55000000000003);
#5338=CYLINDRICAL_SURFACE('',#6161,2.55000000000003);
#5339=CYLINDRICAL_SURFACE('',#6165,2.55000000000003);
#5340=CYLINDRICAL_SURFACE('',#6169,2.55000000000003);
#5341=CYLINDRICAL_SURFACE('',#6173,2.55000000000003);
#5342=CYLINDRICAL_SURFACE('',#6177,2.55000000000003);
#5343=CYLINDRICAL_SURFACE('',#6182,40.);
#5344=CYLINDRICAL_SURFACE('',#6186,159.999999999999);
#5345=CYLINDRICAL_SURFACE('',#6190,40.);
#5346=CYLINDRICAL_SURFACE('',#6194,160.);
#5347=CYLINDRICAL_SURFACE('',#6198,52.);
#5348=CYLINDRICAL_SURFACE('',#6202,171.999999999999);
#5349=CYLINDRICAL_SURFACE('',#6206,52.);
#5350=CYLINDRICAL_SURFACE('',#6210,172.);
#5351=CYLINDRICAL_SURFACE('',#6215,1.6);
#5352=CYLINDRICAL_SURFACE('',#6218,1.6);
#5353=CYLINDRICAL_SURFACE('',#6221,1.6);
#5354=CYLINDRICAL_SURFACE('',#6224,1.6);
#5355=CYLINDRICAL_SURFACE('',#6227,1.6);
#5356=CYLINDRICAL_SURFACE('',#6230,1.6);
#5357=CYLINDRICAL_SURFACE('',#6233,1.6);
#5358=CYLINDRICAL_SURFACE('',#6236,1.6);
#5359=CYLINDRICAL_SURFACE('',#6239,1.6);
#5360=CYLINDRICAL_SURFACE('',#6242,1.6);
#5361=CYLINDRICAL_SURFACE('',#6245,1.6);
#5362=CYLINDRICAL_SURFACE('',#6248,1.6);
#5363=CYLINDRICAL_SURFACE('',#6251,1.6);
#5364=CYLINDRICAL_SURFACE('',#6254,1.6);
#5365=CYLINDRICAL_SURFACE('',#6257,1.6);
#5366=CYLINDRICAL_SURFACE('',#6261,40.);
#5367=CYLINDRICAL_SURFACE('',#6265,159.999999999999);
#5368=CYLINDRICAL_SURFACE('',#6269,40.);
#5369=CYLINDRICAL_SURFACE('',#6273,160.);
#5370=CYLINDRICAL_SURFACE('',#6277,52.);
#5371=CYLINDRICAL_SURFACE('',#6281,171.999999999999);
#5372=CYLINDRICAL_SURFACE('',#6285,52.);
#5373=CYLINDRICAL_SURFACE('',#6289,172.);
#5374=CYLINDRICAL_SURFACE('',#6294,1.6);
#5375=CYLINDRICAL_SURFACE('',#6297,1.6);
#5376=CYLINDRICAL_SURFACE('',#6300,1.6);
#5377=CYLINDRICAL_SURFACE('',#6303,1.6);
#5378=CYLINDRICAL_SURFACE('',#6306,1.6);
#5379=CYLINDRICAL_SURFACE('',#6309,1.6);
#5380=CYLINDRICAL_SURFACE('',#6312,1.6);
#5381=CYLINDRICAL_SURFACE('',#6315,1.6);
#5382=CYLINDRICAL_SURFACE('',#6318,1.6);
#5383=CYLINDRICAL_SURFACE('',#6321,1.6);
#5384=CYLINDRICAL_SURFACE('',#6324,1.6);
#5385=CYLINDRICAL_SURFACE('',#6327,1.6);
#5386=CYLINDRICAL_SURFACE('',#6330,1.6);
#5387=CYLINDRICAL_SURFACE('',#6333,1.6);
#5388=CYLINDRICAL_SURFACE('',#6336,1.6);
#5389=CYLINDRICAL_SURFACE('',#6340,40.);
#5390=CYLINDRICAL_SURFACE('',#6344,159.999999999999);
#5391=CYLINDRICAL_SURFACE('',#6348,40.);
#5392=CYLINDRICAL_SURFACE('',#6352,160.);
#5393=CYLINDRICAL_SURFACE('',#6356,52.);
#5394=CYLINDRICAL_SURFACE('',#6360,171.999999999999);
#5395=CYLINDRICAL_SURFACE('',#6364,52.);
#5396=CYLINDRICAL_SURFACE('',#6368,172.);
#5397=CYLINDRICAL_SURFACE('',#6373,1.6);
#5398=CYLINDRICAL_SURFACE('',#6376,3.0000000447054);
#5399=CYLINDRICAL_SURFACE('',#6380,1.6);
#5400=CYLINDRICAL_SURFACE('',#6383,3.0000000447054);
#5401=CYLINDRICAL_SURFACE('',#6387,1.6);
#5402=CYLINDRICAL_SURFACE('',#6390,3.0000000447054);
#5403=CYLINDRICAL_SURFACE('',#6394,1.6);
#5404=CYLINDRICAL_SURFACE('',#6397,3.0000000447054);
#5405=CYLINDRICAL_SURFACE('',#6401,1.6);
#5406=CYLINDRICAL_SURFACE('',#6404,3.0000000447054);
#5407=CYLINDRICAL_SURFACE('',#6408,1.6);
#5408=CYLINDRICAL_SURFACE('',#6411,3.0000000447054);
#5409=CYLINDRICAL_SURFACE('',#6415,1.6);
#5410=CYLINDRICAL_SURFACE('',#6418,3.0000000447054);
#5411=CYLINDRICAL_SURFACE('',#6422,1.6);
#5412=CYLINDRICAL_SURFACE('',#6425,3.0000000447054);
#5413=CYLINDRICAL_SURFACE('',#6429,1.6);
#5414=CYLINDRICAL_SURFACE('',#6432,3.0000000447054);
#5415=CYLINDRICAL_SURFACE('',#6436,1.6);
#5416=CYLINDRICAL_SURFACE('',#6439,3.0000000447054);
#5417=CYLINDRICAL_SURFACE('',#6443,1.6);
#5418=CYLINDRICAL_SURFACE('',#6446,3.0000000447054);
#5419=CYLINDRICAL_SURFACE('',#6450,1.6);
#5420=CYLINDRICAL_SURFACE('',#6453,3.0000000447054);
#5421=CYLINDRICAL_SURFACE('',#6457,1.6);
#5422=CYLINDRICAL_SURFACE('',#6460,3.0000000447054);
#5423=CYLINDRICAL_SURFACE('',#6464,1.6);
#5424=CYLINDRICAL_SURFACE('',#6467,3.0000000447054);
#5425=CYLINDRICAL_SURFACE('',#6472,40.);
#5426=CYLINDRICAL_SURFACE('',#6476,159.999999999999);
#5427=CYLINDRICAL_SURFACE('',#6480,40.);
#5428=CYLINDRICAL_SURFACE('',#6484,160.);
#5429=CYLINDRICAL_SURFACE('',#6488,52.);
#5430=CYLINDRICAL_SURFACE('',#6492,171.999999999999);
#5431=CYLINDRICAL_SURFACE('',#6496,52.);
#5432=CYLINDRICAL_SURFACE('',#6500,172.);
#5433=ADVANCED_FACE('',(#391),#5233,.F.);
#5434=ADVANCED_FACE('',(#392),#5234,.F.);
#5435=ADVANCED_FACE('',(#393),#5235,.F.);
#5436=ADVANCED_FACE('',(#394),#5236,.F.);
#5437=ADVANCED_FACE('',(#395),#5237,.F.);
#5438=ADVANCED_FACE('',(#396),#5238,.F.);
#5439=ADVANCED_FACE('',(#397),#5239,.F.);
#5440=ADVANCED_FACE('',(#398),#5240,.F.);
#5441=ADVANCED_FACE('',(#399),#5241,.F.);
#5442=ADVANCED_FACE('',(#400),#5242,.F.);
#5443=ADVANCED_FACE('',(#401),#5243,.F.);
#5444=ADVANCED_FACE('',(#402),#5244,.F.);
#5445=ADVANCED_FACE('',(#403),#5245,.F.);
#5446=ADVANCED_FACE('',(#404),#5246,.F.);
#5447=ADVANCED_FACE('',(#405),#5247,.F.);
#5448=ADVANCED_FACE('',(#406),#265,.T.);
#5449=ADVANCED_FACE('',(#407),#5248,.F.);
#5450=ADVANCED_FACE('',(#408),#266,.T.);
#5451=ADVANCED_FACE('',(#409),#5249,.F.);
#5452=ADVANCED_FACE('',(#410),#267,.T.);
#5453=ADVANCED_FACE('',(#411),#5250,.F.);
#5454=ADVANCED_FACE('',(#412),#268,.T.);
#5455=ADVANCED_FACE('',(#413),#5251,.F.);
#5456=ADVANCED_FACE('',(#414),#269,.T.);
#5457=ADVANCED_FACE('',(#415),#5252,.T.);
#5458=ADVANCED_FACE('',(#416),#270,.T.);
#5459=ADVANCED_FACE('',(#417),#5253,.T.);
#5460=ADVANCED_FACE('',(#418),#271,.T.);
#5461=ADVANCED_FACE('',(#419),#5254,.T.);
#5462=ADVANCED_FACE('',(#420),#272,.T.);
#5463=ADVANCED_FACE('',(#421),#5255,.T.);
#5464=ADVANCED_FACE('',(#422,#27,#28,#29,#30,#31,#32,#33,#34,#35,#36,#37,
#38,#39,#40,#41),#273,.T.);
#5465=ADVANCED_FACE('',(#423,#42,#43,#44,#45,#46,#47,#48,#49,#50,#51,#52,
#53,#54,#55,#56),#274,.F.);
#5466=ADVANCED_FACE('',(#424),#5256,.F.);
#5467=ADVANCED_FACE('',(#425),#5257,.F.);
#5468=ADVANCED_FACE('',(#426),#5258,.F.);
#5469=ADVANCED_FACE('',(#427),#5259,.F.);
#5470=ADVANCED_FACE('',(#428),#5260,.F.);
#5471=ADVANCED_FACE('',(#429),#5261,.F.);
#5472=ADVANCED_FACE('',(#430),#5262,.F.);
#5473=ADVANCED_FACE('',(#431),#5263,.F.);
#5474=ADVANCED_FACE('',(#432),#5264,.F.);
#5475=ADVANCED_FACE('',(#433),#5265,.F.);
#5476=ADVANCED_FACE('',(#434),#5266,.F.);
#5477=ADVANCED_FACE('',(#435),#5267,.F.);
#5478=ADVANCED_FACE('',(#436),#5268,.F.);
#5479=ADVANCED_FACE('',(#437),#5269,.F.);
#5480=ADVANCED_FACE('',(#438),#5270,.F.);
#5481=ADVANCED_FACE('',(#439),#275,.T.);
#5482=ADVANCED_FACE('',(#440),#5271,.F.);
#5483=ADVANCED_FACE('',(#441),#276,.T.);
#5484=ADVANCED_FACE('',(#442),#5272,.F.);
#5485=ADVANCED_FACE('',(#443),#277,.T.);
#5486=ADVANCED_FACE('',(#444),#5273,.F.);
#5487=ADVANCED_FACE('',(#445),#278,.T.);
#5488=ADVANCED_FACE('',(#446),#5274,.F.);
#5489=ADVANCED_FACE('',(#447),#279,.T.);
#5490=ADVANCED_FACE('',(#448),#5275,.T.);
#5491=ADVANCED_FACE('',(#449),#280,.T.);
#5492=ADVANCED_FACE('',(#450),#5276,.T.);
#5493=ADVANCED_FACE('',(#451),#281,.T.);
#5494=ADVANCED_FACE('',(#452),#5277,.T.);
#5495=ADVANCED_FACE('',(#453),#282,.T.);
#5496=ADVANCED_FACE('',(#454),#5278,.T.);
#5497=ADVANCED_FACE('',(#455,#57,#58,#59,#60,#61,#62,#63,#64,#65,#66,#67,
#68,#69,#70,#71),#283,.T.);
#5498=ADVANCED_FACE('',(#456,#72,#73,#74,#75,#76,#77,#78,#79,#80,#81,#82,
#83,#84,#85,#86),#284,.F.);
#5499=ADVANCED_FACE('',(#457),#5279,.F.);
#5500=ADVANCED_FACE('',(#458),#5280,.F.);
#5501=ADVANCED_FACE('',(#459,#87),#285,.T.);
#5502=ADVANCED_FACE('',(#460),#5281,.F.);
#5503=ADVANCED_FACE('',(#461),#5282,.F.);
#5504=ADVANCED_FACE('',(#462,#88),#286,.T.);
#5505=ADVANCED_FACE('',(#463),#5283,.F.);
#5506=ADVANCED_FACE('',(#464),#5284,.F.);
#5507=ADVANCED_FACE('',(#465,#89),#287,.T.);
#5508=ADVANCED_FACE('',(#466),#5285,.F.);
#5509=ADVANCED_FACE('',(#467),#5286,.F.);
#5510=ADVANCED_FACE('',(#468,#90),#288,.T.);
#5511=ADVANCED_FACE('',(#469),#5287,.F.);
#5512=ADVANCED_FACE('',(#470),#5288,.F.);
#5513=ADVANCED_FACE('',(#471,#91),#289,.T.);
#5514=ADVANCED_FACE('',(#472),#5289,.F.);
#5515=ADVANCED_FACE('',(#473),#5290,.F.);
#5516=ADVANCED_FACE('',(#474,#92),#290,.T.);
#5517=ADVANCED_FACE('',(#475),#5291,.F.);
#5518=ADVANCED_FACE('',(#476),#5292,.F.);
#5519=ADVANCED_FACE('',(#477,#93),#291,.T.);
#5520=ADVANCED_FACE('',(#478),#5293,.F.);
#5521=ADVANCED_FACE('',(#479),#5294,.F.);
#5522=ADVANCED_FACE('',(#480,#94),#292,.T.);
#5523=ADVANCED_FACE('',(#481),#5295,.F.);
#5524=ADVANCED_FACE('',(#482),#5296,.F.);
#5525=ADVANCED_FACE('',(#483,#95),#293,.T.);
#5526=ADVANCED_FACE('',(#484),#5297,.F.);
#5527=ADVANCED_FACE('',(#485),#5298,.F.);
#5528=ADVANCED_FACE('',(#486,#96),#294,.T.);
#5529=ADVANCED_FACE('',(#487),#5299,.F.);
#5530=ADVANCED_FACE('',(#488),#5300,.F.);
#5531=ADVANCED_FACE('',(#489,#97),#295,.T.);
#5532=ADVANCED_FACE('',(#490),#5301,.F.);
#5533=ADVANCED_FACE('',(#491),#5302,.F.);
#5534=ADVANCED_FACE('',(#492,#98),#296,.T.);
#5535=ADVANCED_FACE('',(#493),#5303,.F.);
#5536=ADVANCED_FACE('',(#494),#5304,.F.);
#5537=ADVANCED_FACE('',(#495,#99),#297,.T.);
#5538=ADVANCED_FACE('',(#496),#5305,.F.);
#5539=ADVANCED_FACE('',(#497),#5306,.F.);
#5540=ADVANCED_FACE('',(#498,#100),#298,.T.);
#5541=ADVANCED_FACE('',(#499),#299,.T.);
#5542=ADVANCED_FACE('',(#500),#5307,.F.);
#5543=ADVANCED_FACE('',(#501),#300,.T.);
#5544=ADVANCED_FACE('',(#502),#5308,.F.);
#5545=ADVANCED_FACE('',(#503),#301,.T.);
#5546=ADVANCED_FACE('',(#504),#5309,.F.);
#5547=ADVANCED_FACE('',(#505),#302,.T.);
#5548=ADVANCED_FACE('',(#506),#5310,.F.);
#5549=ADVANCED_FACE('',(#507),#303,.T.);
#5550=ADVANCED_FACE('',(#508),#5311,.T.);
#5551=ADVANCED_FACE('',(#509),#304,.T.);
#5552=ADVANCED_FACE('',(#510),#5312,.T.);
#5553=ADVANCED_FACE('',(#511),#305,.T.);
#5554=ADVANCED_FACE('',(#512),#5313,.T.);
#5555=ADVANCED_FACE('',(#513),#306,.T.);
#5556=ADVANCED_FACE('',(#514),#5314,.T.);
#5557=ADVANCED_FACE('',(#515,#101,#102,#103,#104,#105,#106,#107,#108,#109,
#110,#111,#112,#113,#114,#115),#307,.T.);
#5558=ADVANCED_FACE('',(#516,#116,#117,#118,#119,#120,#121,#122,#123,#124,
#125,#126,#127,#128,#129,#130),#308,.F.);
#5559=ADVANCED_FACE('',(#517),#5315,.F.);
#5560=ADVANCED_FACE('',(#518),#309,.F.);
#5561=ADVANCED_FACE('',(#519),#5316,.F.);
#5562=ADVANCED_FACE('',(#520),#310,.T.);
#5563=ADVANCED_FACE('',(#521),#5317,.F.);
#5564=ADVANCED_FACE('',(#522),#311,.F.);
#5565=ADVANCED_FACE('',(#523),#5318,.F.);
#5566=ADVANCED_FACE('',(#524),#312,.F.);
#5567=ADVANCED_FACE('',(#525),#5319,.F.);
#5568=ADVANCED_FACE('',(#526),#313,.F.);
#5569=ADVANCED_FACE('',(#527),#5320,.F.);
#5570=ADVANCED_FACE('',(#528),#314,.F.);
#5571=ADVANCED_FACE('',(#529),#5321,.F.);
#5572=ADVANCED_FACE('',(#530),#315,.F.);
#5573=ADVANCED_FACE('',(#531),#5322,.F.);
#5574=ADVANCED_FACE('',(#532),#316,.F.);
#5575=ADVANCED_FACE('',(#533),#5323,.F.);
#5576=ADVANCED_FACE('',(#534),#317,.F.);
#5577=ADVANCED_FACE('',(#535),#5324,.F.);
#5578=ADVANCED_FACE('',(#536),#318,.F.);
#5579=ADVANCED_FACE('',(#537),#5325,.F.);
#5580=ADVANCED_FACE('',(#538),#319,.F.);
#5581=ADVANCED_FACE('',(#539),#5326,.F.);
#5582=ADVANCED_FACE('',(#540),#320,.F.);
#5583=ADVANCED_FACE('',(#541),#5327,.F.);
#5584=ADVANCED_FACE('',(#542),#321,.F.);
#5585=ADVANCED_FACE('',(#543),#5328,.F.);
#5586=ADVANCED_FACE('',(#544),#322,.F.);
#5587=ADVANCED_FACE('',(#545),#5329,.F.);
#5588=ADVANCED_FACE('',(#546),#323,.F.);
#5589=ADVANCED_FACE('',(#547),#5330,.F.);
#5590=ADVANCED_FACE('',(#548),#324,.T.);
#5591=ADVANCED_FACE('',(#549),#5331,.F.);
#5592=ADVANCED_FACE('',(#550),#325,.T.);
#5593=ADVANCED_FACE('',(#551),#5332,.F.);
#5594=ADVANCED_FACE('',(#552),#326,.T.);
#5595=ADVANCED_FACE('',(#553),#5333,.F.);
#5596=ADVANCED_FACE('',(#554),#327,.T.);
#5597=ADVANCED_FACE('',(#555),#5334,.F.);
#5598=ADVANCED_FACE('',(#556),#328,.T.);
#5599=ADVANCED_FACE('',(#557),#5335,.F.);
#5600=ADVANCED_FACE('',(#558),#329,.T.);
#5601=ADVANCED_FACE('',(#559),#5336,.F.);
#5602=ADVANCED_FACE('',(#560),#330,.T.);
#5603=ADVANCED_FACE('',(#561),#5337,.F.);
#5604=ADVANCED_FACE('',(#562),#331,.T.);
#5605=ADVANCED_FACE('',(#563),#5338,.F.);
#5606=ADVANCED_FACE('',(#564),#332,.T.);
#5607=ADVANCED_FACE('',(#565),#5339,.F.);
#5608=ADVANCED_FACE('',(#566),#333,.T.);
#5609=ADVANCED_FACE('',(#567),#5340,.F.);
#5610=ADVANCED_FACE('',(#568),#334,.T.);
#5611=ADVANCED_FACE('',(#569),#5341,.F.);
#5612=ADVANCED_FACE('',(#570),#335,.T.);
#5613=ADVANCED_FACE('',(#571),#5342,.F.);
#5614=ADVANCED_FACE('',(#572),#336,.T.);
#5615=ADVANCED_FACE('',(#573),#337,.T.);
#5616=ADVANCED_FACE('',(#574),#5343,.F.);
#5617=ADVANCED_FACE('',(#575),#338,.T.);
#5618=ADVANCED_FACE('',(#576),#5344,.F.);
#5619=ADVANCED_FACE('',(#577),#339,.T.);
#5620=ADVANCED_FACE('',(#578),#5345,.F.);
#5621=ADVANCED_FACE('',(#579),#340,.T.);
#5622=ADVANCED_FACE('',(#580),#5346,.F.);
#5623=ADVANCED_FACE('',(#581),#341,.T.);
#5624=ADVANCED_FACE('',(#582),#5347,.T.);
#5625=ADVANCED_FACE('',(#583),#342,.T.);
#5626=ADVANCED_FACE('',(#584),#5348,.T.);
#5627=ADVANCED_FACE('',(#585),#343,.T.);
#5628=ADVANCED_FACE('',(#586),#5349,.T.);
#5629=ADVANCED_FACE('',(#587),#344,.T.);
#5630=ADVANCED_FACE('',(#588),#5350,.T.);
#5631=ADVANCED_FACE('',(#589,#131,#132,#133,#134,#135,#136,#137,#138,#139,
#140,#141,#142,#143,#144,#145),#345,.T.);
#5632=ADVANCED_FACE('',(#590,#146,#147,#148,#149,#150,#151,#152,#153,#154,
#155,#156,#157,#158,#159,#160),#346,.F.);
#5633=ADVANCED_FACE('',(#591),#5351,.F.);
#5634=ADVANCED_FACE('',(#592),#5352,.F.);
#5635=ADVANCED_FACE('',(#593),#5353,.F.);
#5636=ADVANCED_FACE('',(#594),#5354,.F.);
#5637=ADVANCED_FACE('',(#595),#5355,.F.);
#5638=ADVANCED_FACE('',(#596),#5356,.F.);
#5639=ADVANCED_FACE('',(#597),#5357,.F.);
#5640=ADVANCED_FACE('',(#598),#5358,.F.);
#5641=ADVANCED_FACE('',(#599),#5359,.F.);
#5642=ADVANCED_FACE('',(#600),#5360,.F.);
#5643=ADVANCED_FACE('',(#601),#5361,.F.);
#5644=ADVANCED_FACE('',(#602),#5362,.F.);
#5645=ADVANCED_FACE('',(#603),#5363,.F.);
#5646=ADVANCED_FACE('',(#604),#5364,.F.);
#5647=ADVANCED_FACE('',(#605),#5365,.F.);
#5648=ADVANCED_FACE('',(#606),#347,.F.);
#5649=ADVANCED_FACE('',(#607),#5366,.F.);
#5650=ADVANCED_FACE('',(#608),#348,.F.);
#5651=ADVANCED_FACE('',(#609),#5367,.F.);
#5652=ADVANCED_FACE('',(#610),#349,.F.);
#5653=ADVANCED_FACE('',(#611),#5368,.F.);
#5654=ADVANCED_FACE('',(#612),#350,.F.);
#5655=ADVANCED_FACE('',(#613),#5369,.F.);
#5656=ADVANCED_FACE('',(#614),#351,.F.);
#5657=ADVANCED_FACE('',(#615),#5370,.T.);
#5658=ADVANCED_FACE('',(#616),#352,.F.);
#5659=ADVANCED_FACE('',(#617),#5371,.T.);
#5660=ADVANCED_FACE('',(#618),#353,.F.);
#5661=ADVANCED_FACE('',(#619),#5372,.T.);
#5662=ADVANCED_FACE('',(#620),#354,.F.);
#5663=ADVANCED_FACE('',(#621),#5373,.T.);
#5664=ADVANCED_FACE('',(#622,#161,#162,#163,#164,#165,#166,#167,#168,#169,
#170,#171,#172,#173,#174,#175),#355,.F.);
#5665=ADVANCED_FACE('',(#623,#176,#177,#178,#179,#180,#181,#182,#183,#184,
#185,#186,#187,#188,#189,#190),#356,.T.);
#5666=ADVANCED_FACE('',(#624),#5374,.F.);
#5667=ADVANCED_FACE('',(#625),#5375,.F.);
#5668=ADVANCED_FACE('',(#626),#5376,.F.);
#5669=ADVANCED_FACE('',(#627),#5377,.F.);
#5670=ADVANCED_FACE('',(#628),#5378,.F.);
#5671=ADVANCED_FACE('',(#629),#5379,.F.);
#5672=ADVANCED_FACE('',(#630),#5380,.F.);
#5673=ADVANCED_FACE('',(#631),#5381,.F.);
#5674=ADVANCED_FACE('',(#632),#5382,.F.);
#5675=ADVANCED_FACE('',(#633),#5383,.F.);
#5676=ADVANCED_FACE('',(#634),#5384,.F.);
#5677=ADVANCED_FACE('',(#635),#5385,.F.);
#5678=ADVANCED_FACE('',(#636),#5386,.F.);
#5679=ADVANCED_FACE('',(#637),#5387,.F.);
#5680=ADVANCED_FACE('',(#638),#5388,.F.);
#5681=ADVANCED_FACE('',(#639),#357,.F.);
#5682=ADVANCED_FACE('',(#640),#5389,.F.);
#5683=ADVANCED_FACE('',(#641),#358,.F.);
#5684=ADVANCED_FACE('',(#642),#5390,.F.);
#5685=ADVANCED_FACE('',(#643),#359,.F.);
#5686=ADVANCED_FACE('',(#644),#5391,.F.);
#5687=ADVANCED_FACE('',(#645),#360,.F.);
#5688=ADVANCED_FACE('',(#646),#5392,.F.);
#5689=ADVANCED_FACE('',(#647),#361,.F.);
#5690=ADVANCED_FACE('',(#648),#5393,.T.);
#5691=ADVANCED_FACE('',(#649),#362,.F.);
#5692=ADVANCED_FACE('',(#650),#5394,.T.);
#5693=ADVANCED_FACE('',(#651),#363,.F.);
#5694=ADVANCED_FACE('',(#652),#5395,.T.);
#5695=ADVANCED_FACE('',(#653),#364,.F.);
#5696=ADVANCED_FACE('',(#654),#5396,.T.);
#5697=ADVANCED_FACE('',(#655,#191,#192,#193,#194,#195,#196,#197,#198,#199,
#200,#201,#202,#203,#204,#205),#365,.F.);
#5698=ADVANCED_FACE('',(#656,#206,#207,#208,#209,#210,#211,#212,#213,#214,
#215,#216,#217,#218,#219,#220),#366,.T.);
#5699=ADVANCED_FACE('',(#657),#5397,.F.);
#5700=ADVANCED_FACE('',(#658),#5398,.F.);
#5701=ADVANCED_FACE('',(#659,#221),#367,.F.);
#5702=ADVANCED_FACE('',(#660),#5399,.F.);
#5703=ADVANCED_FACE('',(#661),#5400,.F.);
#5704=ADVANCED_FACE('',(#662,#222),#368,.F.);
#5705=ADVANCED_FACE('',(#663),#5401,.F.);
#5706=ADVANCED_FACE('',(#664),#5402,.F.);
#5707=ADVANCED_FACE('',(#665,#223),#369,.F.);
#5708=ADVANCED_FACE('',(#666),#5403,.F.);
#5709=ADVANCED_FACE('',(#667),#5404,.F.);
#5710=ADVANCED_FACE('',(#668,#224),#370,.F.);
#5711=ADVANCED_FACE('',(#669),#5405,.F.);
#5712=ADVANCED_FACE('',(#670),#5406,.F.);
#5713=ADVANCED_FACE('',(#671,#225),#371,.F.);
#5714=ADVANCED_FACE('',(#672),#5407,.F.);
#5715=ADVANCED_FACE('',(#673),#5408,.F.);
#5716=ADVANCED_FACE('',(#674,#226),#372,.F.);
#5717=ADVANCED_FACE('',(#675),#5409,.F.);
#5718=ADVANCED_FACE('',(#676),#5410,.F.);
#5719=ADVANCED_FACE('',(#677,#227),#373,.F.);
#5720=ADVANCED_FACE('',(#678),#5411,.F.);
#5721=ADVANCED_FACE('',(#679),#5412,.F.);
#5722=ADVANCED_FACE('',(#680,#228),#374,.F.);
#5723=ADVANCED_FACE('',(#681),#5413,.F.);
#5724=ADVANCED_FACE('',(#682),#5414,.F.);
#5725=ADVANCED_FACE('',(#683,#229),#375,.F.);
#5726=ADVANCED_FACE('',(#684),#5415,.F.);
#5727=ADVANCED_FACE('',(#685),#5416,.F.);
#5728=ADVANCED_FACE('',(#686,#230),#376,.F.);
#5729=ADVANCED_FACE('',(#687),#5417,.F.);
#5730=ADVANCED_FACE('',(#688),#5418,.F.);
#5731=ADVANCED_FACE('',(#689,#231),#377,.F.);
#5732=ADVANCED_FACE('',(#690),#5419,.F.);
#5733=ADVANCED_FACE('',(#691),#5420,.F.);
#5734=ADVANCED_FACE('',(#692,#232),#378,.F.);
#5735=ADVANCED_FACE('',(#693),#5421,.F.);
#5736=ADVANCED_FACE('',(#694),#5422,.F.);
#5737=ADVANCED_FACE('',(#695,#233),#379,.F.);
#5738=ADVANCED_FACE('',(#696),#5423,.F.);
#5739=ADVANCED_FACE('',(#697),#5424,.F.);
#5740=ADVANCED_FACE('',(#698,#234),#380,.F.);
#5741=ADVANCED_FACE('',(#699),#381,.F.);
#5742=ADVANCED_FACE('',(#700),#5425,.F.);
#5743=ADVANCED_FACE('',(#701),#382,.F.);
#5744=ADVANCED_FACE('',(#702),#5426,.F.);
#5745=ADVANCED_FACE('',(#703),#383,.F.);
#5746=ADVANCED_FACE('',(#704),#5427,.F.);
#5747=ADVANCED_FACE('',(#705),#384,.F.);
#5748=ADVANCED_FACE('',(#706),#5428,.F.);
#5749=ADVANCED_FACE('',(#707),#385,.F.);
#5750=ADVANCED_FACE('',(#708),#5429,.T.);
#5751=ADVANCED_FACE('',(#709),#386,.F.);
#5752=ADVANCED_FACE('',(#710),#5430,.T.);
#5753=ADVANCED_FACE('',(#711),#387,.F.);
#5754=ADVANCED_FACE('',(#712),#5431,.T.);
#5755=ADVANCED_FACE('',(#713),#388,.F.);
#5756=ADVANCED_FACE('',(#714),#5432,.T.);
#5757=ADVANCED_FACE('',(#715,#235,#236,#237,#238,#239,#240,#241,#242,#243,
#244,#245,#246,#247,#248,#249),#389,.F.);
#5758=ADVANCED_FACE('',(#716,#250,#251,#252,#253,#254,#255,#256,#257,#258,
#259,#260,#261,#262,#263,#264),#390,.T.);
#5759=CLOSED_SHELL('',(#5433,#5434,#5435,#5436,#5437,#5438,#5439,#5440,
#5441,#5442,#5443,#5444,#5445,#5446,#5447,#5448,#5449,#5450,#5451,#5452,
#5453,#5454,#5455,#5456,#5457,#5458,#5459,#5460,#5461,#5462,#5463,#5464,
#5465));
#5760=CLOSED_SHELL('',(#5466,#5467,#5468,#5469,#5470,#5471,#5472,#5473,
#5474,#5475,#5476,#5477,#5478,#5479,#5480,#5481,#5482,#5483,#5484,#5485,
#5486,#5487,#5488,#5489,#5490,#5491,#5492,#5493,#5494,#5495,#5496,#5497,
#5498));
#5761=CLOSED_SHELL('',(#5499,#5500,#5501,#5502,#5503,#5504,#5505,#5506,
#5507,#5508,#5509,#5510,#5511,#5512,#5513,#5514,#5515,#5516,#5517,#5518,
#5519,#5520,#5521,#5522,#5523,#5524,#5525,#5526,#5527,#5528,#5529,#5530,
#5531,#5532,#5533,#5534,#5535,#5536,#5537,#5538,#5539,#5540,#5541,#5542,
#5543,#5544,#5545,#5546,#5547,#5548,#5549,#5550,#5551,#5552,#5553,#5554,
#5555,#5556,#5557,#5558));
#5762=CLOSED_SHELL('',(#5559,#5560,#5561,#5562,#5563,#5564,#5565,#5566,
#5567,#5568,#5569,#5570,#5571,#5572,#5573,#5574,#5575,#5576,#5577,#5578,
#5579,#5580,#5581,#5582,#5583,#5584,#5585,#5586,#5587,#5588,#5589,#5590,
#5591,#5592,#5593,#5594,#5595,#5596,#5597,#5598,#5599,#5600,#5601,#5602,
#5603,#5604,#5605,#5606,#5607,#5608,#5609,#5610,#5611,#5612,#5613,#5614,
#5615,#5616,#5617,#5618,#5619,#5620,#5621,#5622,#5623,#5624,#5625,#5626,
#5627,#5628,#5629,#5630,#5631,#5632));
#5763=CLOSED_SHELL('',(#5633,#5634,#5635,#5636,#5637,#5638,#5639,#5640,
#5641,#5642,#5643,#5644,#5645,#5646,#5647,#5648,#5649,#5650,#5651,#5652,
#5653,#5654,#5655,#5656,#5657,#5658,#5659,#5660,#5661,#5662,#5663,#5664,
#5665));
#5764=CLOSED_SHELL('',(#5666,#5667,#5668,#5669,#5670,#5671,#5672,#5673,
#5674,#5675,#5676,#5677,#5678,#5679,#5680,#5681,#5682,#5683,#5684,#5685,
#5686,#5687,#5688,#5689,#5690,#5691,#5692,#5693,#5694,#5695,#5696,#5697,
#5698));
#5765=CLOSED_SHELL('',(#5699,#5700,#5701,#5702,#5703,#5704,#5705,#5706,
#5707,#5708,#5709,#5710,#5711,#5712,#5713,#5714,#5715,#5716,#5717,#5718,
#5719,#5720,#5721,#5722,#5723,#5724,#5725,#5726,#5727,#5728,#5729,#5730,
#5731,#5732,#5733,#5734,#5735,#5736,#5737,#5738,#5739,#5740,#5741,#5742,
#5743,#5744,#5745,#5746,#5747,#5748,#5749,#5750,#5751,#5752,#5753,#5754,
#5755,#5756,#5757,#5758));
#5766=DERIVED_UNIT_ELEMENT(#5768,1.);
#5767=DERIVED_UNIT_ELEMENT(#9939,-3.);
#5768=(
MASS_UNIT()
NAMED_UNIT(*)
SI_UNIT(.KILO.,.GRAM.)
);
#5769=DERIVED_UNIT((#5766,#5767));
#5770=MEASURE_REPRESENTATION_ITEM('density measure',
POSITIVE_RATIO_MEASURE(7850.),#5769);
#5771=PROPERTY_DEFINITION_REPRESENTATION(#5776,#5773);
#5772=PROPERTY_DEFINITION_REPRESENTATION(#5777,#5774);
#5773=REPRESENTATION('material name',(#5775),#9936);
#5774=REPRESENTATION('density',(#5770),#9936);
#5775=DESCRIPTIVE_REPRESENTATION_ITEM('Steel','Steel');
#5776=PROPERTY_DEFINITION('material property','material name',#9946);
#5777=PROPERTY_DEFINITION('material property','density of part',#9946);
#5778=AXIS2_PLACEMENT_3D('',#8327,#6505,#6506);
#5779=AXIS2_PLACEMENT_3D('',#8328,#6507,#6508);
#5780=AXIS2_PLACEMENT_3D('',#8333,#6510,#6511);
#5781=AXIS2_PLACEMENT_3D('',#8336,#6513,#6514);
#5782=AXIS2_PLACEMENT_3D('',#8337,#6515,#6516);
#5783=AXIS2_PLACEMENT_3D('',#8338,#6517,#6518);
#5784=AXIS2_PLACEMENT_3D('',#8339,#6519,#6520);
#5785=AXIS2_PLACEMENT_3D('',#8340,#6521,#6522);
#5786=AXIS2_PLACEMENT_3D('',#8342,#6523,#6524);
#5787=AXIS2_PLACEMENT_3D('',#8345,#6526,#6527);
#5788=AXIS2_PLACEMENT_3D('',#8346,#6528,#6529);
#5789=AXIS2_PLACEMENT_3D('',#8348,#6530,#6531);
#5790=AXIS2_PLACEMENT_3D('',#8351,#6533,#6534);
#5791=AXIS2_PLACEMENT_3D('',#8352,#6535,#6536);
#5792=AXIS2_PLACEMENT_3D('',#8354,#6537,#6538);
#5793=AXIS2_PLACEMENT_3D('',#8357,#6540,#6541);
#5794=AXIS2_PLACEMENT_3D('',#8358,#6542,#6543);
#5795=AXIS2_PLACEMENT_3D('',#8360,#6544,#6545);
#5796=AXIS2_PLACEMENT_3D('',#8363,#6547,#6548);
#5797=AXIS2_PLACEMENT_3D('',#8364,#6549,#6550);
#5798=AXIS2_PLACEMENT_3D('',#8366,#6551,#6552);
#5799=AXIS2_PLACEMENT_3D('',#8369,#6554,#6555);
#5800=AXIS2_PLACEMENT_3D('',#8370,#6556,#6557);
#5801=AXIS2_PLACEMENT_3D('',#8372,#6558,#6559);
#5802=AXIS2_PLACEMENT_3D('',#8375,#6561,#6562);
#5803=AXIS2_PLACEMENT_3D('',#8376,#6563,#6564);
#5804=AXIS2_PLACEMENT_3D('',#8378,#6565,#6566);
#5805=AXIS2_PLACEMENT_3D('',#8381,#6568,#6569);
#5806=AXIS2_PLACEMENT_3D('',#8382,#6570,#6571);
#5807=AXIS2_PLACEMENT_3D('',#8384,#6572,#6573);
#5808=AXIS2_PLACEMENT_3D('',#8387,#6575,#6576);
#5809=AXIS2_PLACEMENT_3D('',#8388,#6577,#6578);
#5810=AXIS2_PLACEMENT_3D('',#8390,#6579,#6580);
#5811=AXIS2_PLACEMENT_3D('',#8393,#6582,#6583);
#5812=AXIS2_PLACEMENT_3D('',#8394,#6584,#6585);
#5813=AXIS2_PLACEMENT_3D('',#8396,#6586,#6587);
#5814=AXIS2_PLACEMENT_3D('',#8399,#6589,#6590);
#5815=AXIS2_PLACEMENT_3D('',#8400,#6591,#6592);
#5816=AXIS2_PLACEMENT_3D('',#8402,#6593,#6594);
#5817=AXIS2_PLACEMENT_3D('',#8405,#6596,#6597);
#5818=AXIS2_PLACEMENT_3D('',#8406,#6598,#6599);
#5819=AXIS2_PLACEMENT_3D('',#8408,#6600,#6601);
#5820=AXIS2_PLACEMENT_3D('',#8411,#6603,#6604);
#5821=AXIS2_PLACEMENT_3D('',#8412,#6605,#6606);
#5822=AXIS2_PLACEMENT_3D('',#8414,#6607,#6608);
#5823=AXIS2_PLACEMENT_3D('',#8417,#6610,#6611);
#5824=AXIS2_PLACEMENT_3D('',#8418,#6612,#6613);
#5825=AXIS2_PLACEMENT_3D('',#8427,#6618,#6619);
#5826=AXIS2_PLACEMENT_3D('',#8429,#6620,#6621);
#5827=AXIS2_PLACEMENT_3D('',#8431,#6622,#6623);
#5828=AXIS2_PLACEMENT_3D('',#8433,#6625,#6626);
#5829=AXIS2_PLACEMENT_3D('',#8439,#6630,#6631);
#5830=AXIS2_PLACEMENT_3D('',#8441,#6632,#6633);
#5831=AXIS2_PLACEMENT_3D('',#8443,#6634,#6635);
#5832=AXIS2_PLACEMENT_3D('',#8445,#6637,#6638);
#5833=AXIS2_PLACEMENT_3D('',#8451,#6642,#6643);
#5834=AXIS2_PLACEMENT_3D('',#8453,#6644,#6645);
#5835=AXIS2_PLACEMENT_3D('',#8455,#6646,#6647);
#5836=AXIS2_PLACEMENT_3D('',#8457,#6649,#6650);
#5837=AXIS2_PLACEMENT_3D('',#8463,#6654,#6655);
#5838=AXIS2_PLACEMENT_3D('',#8464,#6656,#6657);
#5839=AXIS2_PLACEMENT_3D('',#8465,#6658,#6659);
#5840=AXIS2_PLACEMENT_3D('',#8466,#6660,#6661);
#5841=AXIS2_PLACEMENT_3D('',#8475,#6666,#6667);
#5842=AXIS2_PLACEMENT_3D('',#8477,#6668,#6669);
#5843=AXIS2_PLACEMENT_3D('',#8479,#6670,#6671);
#5844=AXIS2_PLACEMENT_3D('',#8481,#6673,#6674);
#5845=AXIS2_PLACEMENT_3D('',#8487,#6678,#6679);
#5846=AXIS2_PLACEMENT_3D('',#8489,#6680,#6681);
#5847=AXIS2_PLACEMENT_3D('',#8491,#6682,#6683);
#5848=AXIS2_PLACEMENT_3D('',#8493,#6685,#6686);
#5849=AXIS2_PLACEMENT_3D('',#8499,#6690,#6691);
#5850=AXIS2_PLACEMENT_3D('',#8501,#6692,#6693);
#5851=AXIS2_PLACEMENT_3D('',#8503,#6694,#6695);
#5852=AXIS2_PLACEMENT_3D('',#8505,#6697,#6698);
#5853=AXIS2_PLACEMENT_3D('',#8511,#6702,#6703);
#5854=AXIS2_PLACEMENT_3D('',#8512,#6704,#6705);
#5855=AXIS2_PLACEMENT_3D('',#8513,#6706,#6707);
#5856=AXIS2_PLACEMENT_3D('',#8514,#6708,#6709);
#5857=AXIS2_PLACEMENT_3D('',#8515,#6710,#6711);
#5858=AXIS2_PLACEMENT_3D('',#8516,#6712,#6713);
#5859=AXIS2_PLACEMENT_3D('',#8521,#6715,#6716);
#5860=AXIS2_PLACEMENT_3D('',#8524,#6718,#6719);
#5861=AXIS2_PLACEMENT_3D('',#8525,#6720,#6721);
#5862=AXIS2_PLACEMENT_3D('',#8526,#6722,#6723);
#5863=AXIS2_PLACEMENT_3D('',#8527,#6724,#6725);
#5864=AXIS2_PLACEMENT_3D('',#8528,#6726,#6727);
#5865=AXIS2_PLACEMENT_3D('',#8530,#6728,#6729);
#5866=AXIS2_PLACEMENT_3D('',#8533,#6731,#6732);
#5867=AXIS2_PLACEMENT_3D('',#8534,#6733,#6734);
#5868=AXIS2_PLACEMENT_3D('',#8536,#6735,#6736);
#5869=AXIS2_PLACEMENT_3D('',#8539,#6738,#6739);
#5870=AXIS2_PLACEMENT_3D('',#8540,#6740,#6741);
#5871=AXIS2_PLACEMENT_3D('',#8542,#6742,#6743);
#5872=AXIS2_PLACEMENT_3D('',#8545,#6745,#6746);
#5873=AXIS2_PLACEMENT_3D('',#8546,#6747,#6748);
#5874=AXIS2_PLACEMENT_3D('',#8548,#6749,#6750);
#5875=AXIS2_PLACEMENT_3D('',#8551,#6752,#6753);
#5876=AXIS2_PLACEMENT_3D('',#8552,#6754,#6755);
#5877=AXIS2_PLACEMENT_3D('',#8554,#6756,#6757);
#5878=AXIS2_PLACEMENT_3D('',#8557,#6759,#6760);
#5879=AXIS2_PLACEMENT_3D('',#8558,#6761,#6762);
#5880=AXIS2_PLACEMENT_3D('',#8560,#6763,#6764);
#5881=AXIS2_PLACEMENT_3D('',#8563,#6766,#6767);
#5882=AXIS2_PLACEMENT_3D('',#8564,#6768,#6769);
#5883=AXIS2_PLACEMENT_3D('',#8566,#6770,#6771);
#5884=AXIS2_PLACEMENT_3D('',#8569,#6773,#6774);
#5885=AXIS2_PLACEMENT_3D('',#8570,#6775,#6776);
#5886=AXIS2_PLACEMENT_3D('',#8572,#6777,#6778);
#5887=AXIS2_PLACEMENT_3D('',#8575,#6780,#6781);
#5888=AXIS2_PLACEMENT_3D('',#8576,#6782,#6783);
#5889=AXIS2_PLACEMENT_3D('',#8578,#6784,#6785);
#5890=AXIS2_PLACEMENT_3D('',#8581,#6787,#6788);
#5891=AXIS2_PLACEMENT_3D('',#8582,#6789,#6790);
#5892=AXIS2_PLACEMENT_3D('',#8584,#6791,#6792);
#5893=AXIS2_PLACEMENT_3D('',#8587,#6794,#6795);
#5894=AXIS2_PLACEMENT_3D('',#8588,#6796,#6797);
#5895=AXIS2_PLACEMENT_3D('',#8590,#6798,#6799);
#5896=AXIS2_PLACEMENT_3D('',#8593,#6801,#6802);
#5897=AXIS2_PLACEMENT_3D('',#8594,#6803,#6804);
#5898=AXIS2_PLACEMENT_3D('',#8596,#6805,#6806);
#5899=AXIS2_PLACEMENT_3D('',#8599,#6808,#6809);
#5900=AXIS2_PLACEMENT_3D('',#8600,#6810,#6811);
#5901=AXIS2_PLACEMENT_3D('',#8602,#6812,#6813);
#5902=AXIS2_PLACEMENT_3D('',#8605,#6815,#6816);
#5903=AXIS2_PLACEMENT_3D('',#8606,#6817,#6818);
#5904=AXIS2_PLACEMENT_3D('',#8615,#6823,#6824);
#5905=AXIS2_PLACEMENT_3D('',#8617,#6825,#6826);
#5906=AXIS2_PLACEMENT_3D('',#8619,#6827,#6828);
#5907=AXIS2_PLACEMENT_3D('',#8621,#6830,#6831);
#5908=AXIS2_PLACEMENT_3D('',#8627,#6835,#6836);
#5909=AXIS2_PLACEMENT_3D('',#8629,#6837,#6838);
#5910=AXIS2_PLACEMENT_3D('',#8631,#6839,#6840);
#5911=AXIS2_PLACEMENT_3D('',#8633,#6842,#6843);
#5912=AXIS2_PLACEMENT_3D('',#8639,#6847,#6848);
#5913=AXIS2_PLACEMENT_3D('',#8641,#6849,#6850);
#5914=AXIS2_PLACEMENT_3D('',#8643,#6851,#6852);
#5915=AXIS2_PLACEMENT_3D('',#8645,#6854,#6855);
#5916=AXIS2_PLACEMENT_3D('',#8651,#6859,#6860);
#5917=AXIS2_PLACEMENT_3D('',#8652,#6861,#6862);
#5918=AXIS2_PLACEMENT_3D('',#8653,#6863,#6864);
#5919=AXIS2_PLACEMENT_3D('',#8654,#6865,#6866);
#5920=AXIS2_PLACEMENT_3D('',#8663,#6871,#6872);
#5921=AXIS2_PLACEMENT_3D('',#8665,#6873,#6874);
#5922=AXIS2_PLACEMENT_3D('',#8667,#6875,#6876);
#5923=AXIS2_PLACEMENT_3D('',#8669,#6878,#6879);
#5924=AXIS2_PLACEMENT_3D('',#8675,#6883,#6884);
#5925=AXIS2_PLACEMENT_3D('',#8677,#6885,#6886);
#5926=AXIS2_PLACEMENT_3D('',#8679,#6887,#6888);
#5927=AXIS2_PLACEMENT_3D('',#8681,#6890,#6891);
#5928=AXIS2_PLACEMENT_3D('',#8687,#6895,#6896);
#5929=AXIS2_PLACEMENT_3D('',#8689,#6897,#6898);
#5930=AXIS2_PLACEMENT_3D('',#8691,#6899,#6900);
#5931=AXIS2_PLACEMENT_3D('',#8693,#6902,#6903);
#5932=AXIS2_PLACEMENT_3D('',#8699,#6907,#6908);
#5933=AXIS2_PLACEMENT_3D('',#8700,#6909,#6910);
#5934=AXIS2_PLACEMENT_3D('',#8701,#6911,#6912);
#5935=AXIS2_PLACEMENT_3D('',#8702,#6913,#6914);
#5936=AXIS2_PLACEMENT_3D('',#8703,#6915,#6916);
#5937=AXIS2_PLACEMENT_3D('',#8704,#6917,#6918);
#5938=AXIS2_PLACEMENT_3D('',#8706,#6919,#6920);
#5939=AXIS2_PLACEMENT_3D('',#8709,#6922,#6923);
#5940=AXIS2_PLACEMENT_3D('',#8710,#6924,#6925);
#5941=AXIS2_PLACEMENT_3D('',#8712,#6926,#6927);
#5942=AXIS2_PLACEMENT_3D('',#8715,#6929,#6930);
#5943=AXIS2_PLACEMENT_3D('',#8716,#6931,#6932);
#5944=AXIS2_PLACEMENT_3D('',#8717,#6933,#6934);
#5945=AXIS2_PLACEMENT_3D('',#8719,#6935,#6936);
#5946=AXIS2_PLACEMENT_3D('',#8722,#6938,#6939);
#5947=AXIS2_PLACEMENT_3D('',#8723,#6940,#6941);
#5948=AXIS2_PLACEMENT_3D('',#8725,#6942,#6943);
#5949=AXIS2_PLACEMENT_3D('',#8728,#6945,#6946);
#5950=AXIS2_PLACEMENT_3D('',#8729,#6947,#6948);
#5951=AXIS2_PLACEMENT_3D('',#8730,#6949,#6950);
#5952=AXIS2_PLACEMENT_3D('',#8732,#6951,#6952);
#5953=AXIS2_PLACEMENT_3D('',#8735,#6954,#6955);
#5954=AXIS2_PLACEMENT_3D('',#8736,#6956,#6957);
#5955=AXIS2_PLACEMENT_3D('',#8738,#6958,#6959);
#5956=AXIS2_PLACEMENT_3D('',#8741,#6961,#6962);
#5957=AXIS2_PLACEMENT_3D('',#8742,#6963,#6964);
#5958=AXIS2_PLACEMENT_3D('',#8743,#6965,#6966);
#5959=AXIS2_PLACEMENT_3D('',#8745,#6967,#6968);
#5960=AXIS2_PLACEMENT_3D('',#8748,#6970,#6971);
#5961=AXIS2_PLACEMENT_3D('',#8749,#6972,#6973);
#5962=AXIS2_PLACEMENT_3D('',#8751,#6974,#6975);
#5963=AXIS2_PLACEMENT_3D('',#8754,#6977,#6978);
#5964=AXIS2_PLACEMENT_3D('',#8755,#6979,#6980);
#5965=AXIS2_PLACEMENT_3D('',#8756,#6981,#6982);
#5966=AXIS2_PLACEMENT_3D('',#8758,#6983,#6984);
#5967=AXIS2_PLACEMENT_3D('',#8761,#6986,#6987);
#5968=AXIS2_PLACEMENT_3D('',#8762,#6988,#6989);
#5969=AXIS2_PLACEMENT_3D('',#8764,#6990,#6991);
#5970=AXIS2_PLACEMENT_3D('',#8767,#6993,#6994);
#5971=AXIS2_PLACEMENT_3D('',#8768,#6995,#6996);
#5972=AXIS2_PLACEMENT_3D('',#8769,#6997,#6998);
#5973=AXIS2_PLACEMENT_3D('',#8771,#6999,#7000);
#5974=AXIS2_PLACEMENT_3D('',#8774,#7002,#7003);
#5975=AXIS2_PLACEMENT_3D('',#8775,#7004,#7005);
#5976=AXIS2_PLACEMENT_3D('',#8777,#7006,#7007);
#5977=AXIS2_PLACEMENT_3D('',#8780,#7009,#7010);
#5978=AXIS2_PLACEMENT_3D('',#8781,#7011,#7012);
#5979=AXIS2_PLACEMENT_3D('',#8782,#7013,#7014);
#5980=AXIS2_PLACEMENT_3D('',#8784,#7015,#7016);
#5981=AXIS2_PLACEMENT_3D('',#8787,#7018,#7019);
#5982=AXIS2_PLACEMENT_3D('',#8788,#7020,#7021);
#5983=AXIS2_PLACEMENT_3D('',#8790,#7022,#7023);
#5984=AXIS2_PLACEMENT_3D('',#8793,#7025,#7026);
#5985=AXIS2_PLACEMENT_3D('',#8794,#7027,#7028);
#5986=AXIS2_PLACEMENT_3D('',#8795,#7029,#7030);
#5987=AXIS2_PLACEMENT_3D('',#8797,#7031,#7032);
#5988=AXIS2_PLACEMENT_3D('',#8800,#7034,#7035);
#5989=AXIS2_PLACEMENT_3D('',#8801,#7036,#7037);
#5990=AXIS2_PLACEMENT_3D('',#8803,#7038,#7039);
#5991=AXIS2_PLACEMENT_3D('',#8806,#7041,#7042);
#5992=AXIS2_PLACEMENT_3D('',#8807,#7043,#7044);
#5993=AXIS2_PLACEMENT_3D('',#8808,#7045,#7046);
#5994=AXIS2_PLACEMENT_3D('',#8810,#7047,#7048);
#5995=AXIS2_PLACEMENT_3D('',#8813,#7050,#7051);
#5996=AXIS2_PLACEMENT_3D('',#8814,#7052,#7053);
#5997=AXIS2_PLACEMENT_3D('',#8816,#7054,#7055);
#5998=AXIS2_PLACEMENT_3D('',#8819,#7057,#7058);
#5999=AXIS2_PLACEMENT_3D('',#8820,#7059,#7060);
#6000=AXIS2_PLACEMENT_3D('',#8821,#7061,#7062);
#6001=AXIS2_PLACEMENT_3D('',#8823,#7063,#7064);
#6002=AXIS2_PLACEMENT_3D('',#8826,#7066,#7067);
#6003=AXIS2_PLACEMENT_3D('',#8827,#7068,#7069);
#6004=AXIS2_PLACEMENT_3D('',#8829,#7070,#7071);
#6005=AXIS2_PLACEMENT_3D('',#8832,#7073,#7074);
#6006=AXIS2_PLACEMENT_3D('',#8833,#7075,#7076);
#6007=AXIS2_PLACEMENT_3D('',#8834,#7077,#7078);
#6008=AXIS2_PLACEMENT_3D('',#8836,#7079,#7080);
#6009=AXIS2_PLACEMENT_3D('',#8839,#7082,#7083);
#6010=AXIS2_PLACEMENT_3D('',#8840,#7084,#7085);
#6011=AXIS2_PLACEMENT_3D('',#8842,#7086,#7087);
#6012=AXIS2_PLACEMENT_3D('',#8845,#7089,#7090);
#6013=AXIS2_PLACEMENT_3D('',#8846,#7091,#7092);
#6014=AXIS2_PLACEMENT_3D('',#8847,#7093,#7094);
#6015=AXIS2_PLACEMENT_3D('',#8849,#7095,#7096);
#6016=AXIS2_PLACEMENT_3D('',#8852,#7098,#7099);
#6017=AXIS2_PLACEMENT_3D('',#8853,#7100,#7101);
#6018=AXIS2_PLACEMENT_3D('',#8855,#7102,#7103);
#6019=AXIS2_PLACEMENT_3D('',#8858,#7105,#7106);
#6020=AXIS2_PLACEMENT_3D('',#8859,#7107,#7108);
#6021=AXIS2_PLACEMENT_3D('',#8860,#7109,#7110);
#6022=AXIS2_PLACEMENT_3D('',#8862,#7111,#7112);
#6023=AXIS2_PLACEMENT_3D('',#8865,#7114,#7115);
#6024=AXIS2_PLACEMENT_3D('',#8866,#7116,#7117);
#6025=AXIS2_PLACEMENT_3D('',#8868,#7118,#7119);
#6026=AXIS2_PLACEMENT_3D('',#8871,#7121,#7122);
#6027=AXIS2_PLACEMENT_3D('',#8872,#7123,#7124);
#6028=AXIS2_PLACEMENT_3D('',#8873,#7125,#7126);
#6029=AXIS2_PLACEMENT_3D('',#8875,#7127,#7128);
#6030=AXIS2_PLACEMENT_3D('',#8878,#7130,#7131);
#6031=AXIS2_PLACEMENT_3D('',#8879,#7132,#7133);
#6032=AXIS2_PLACEMENT_3D('',#8881,#7134,#7135);
#6033=AXIS2_PLACEMENT_3D('',#8884,#7137,#7138);
#6034=AXIS2_PLACEMENT_3D('',#8885,#7139,#7140);
#6035=AXIS2_PLACEMENT_3D('',#8886,#7141,#7142);
#6036=AXIS2_PLACEMENT_3D('',#8895,#7147,#7148);
#6037=AXIS2_PLACEMENT_3D('',#8897,#7149,#7150);
#6038=AXIS2_PLACEMENT_3D('',#8899,#7151,#7152);
#6039=AXIS2_PLACEMENT_3D('',#8901,#7154,#7155);
#6040=AXIS2_PLACEMENT_3D('',#8907,#7159,#7160);
#6041=AXIS2_PLACEMENT_3D('',#8909,#7161,#7162);
#6042=AXIS2_PLACEMENT_3D('',#8911,#7163,#7164);
#6043=AXIS2_PLACEMENT_3D('',#8913,#7166,#7167);
#6044=AXIS2_PLACEMENT_3D('',#8919,#7171,#7172);
#6045=AXIS2_PLACEMENT_3D('',#8921,#7173,#7174);
#6046=AXIS2_PLACEMENT_3D('',#8923,#7175,#7176);
#6047=AXIS2_PLACEMENT_3D('',#8925,#7178,#7179);
#6048=AXIS2_PLACEMENT_3D('',#8931,#7183,#7184);
#6049=AXIS2_PLACEMENT_3D('',#8932,#7185,#7186);
#6050=AXIS2_PLACEMENT_3D('',#8933,#7187,#7188);
#6051=AXIS2_PLACEMENT_3D('',#8934,#7189,#7190);
#6052=AXIS2_PLACEMENT_3D('',#8943,#7195,#7196);
#6053=AXIS2_PLACEMENT_3D('',#8945,#7197,#7198);
#6054=AXIS2_PLACEMENT_3D('',#8947,#7199,#7200);
#6055=AXIS2_PLACEMENT_3D('',#8949,#7202,#7203);
#6056=AXIS2_PLACEMENT_3D('',#8955,#7207,#7208);
#6057=AXIS2_PLACEMENT_3D('',#8957,#7209,#7210);
#6058=AXIS2_PLACEMENT_3D('',#8959,#7211,#7212);
#6059=AXIS2_PLACEMENT_3D('',#8961,#7214,#7215);
#6060=AXIS2_PLACEMENT_3D('',#8967,#7219,#7220);
#6061=AXIS2_PLACEMENT_3D('',#8969,#7221,#7222);
#6062=AXIS2_PLACEMENT_3D('',#8971,#7223,#7224);
#6063=AXIS2_PLACEMENT_3D('',#8973,#7226,#7227);
#6064=AXIS2_PLACEMENT_3D('',#8979,#7231,#7232);
#6065=AXIS2_PLACEMENT_3D('',#8980,#7233,#7234);
#6066=AXIS2_PLACEMENT_3D('',#8981,#7235,#7236);
#6067=AXIS2_PLACEMENT_3D('',#8982,#7237,#7238);
#6068=AXIS2_PLACEMENT_3D('',#8983,#7239,#7240);
#6069=AXIS2_PLACEMENT_3D('',#8984,#7241,#7242);
#6070=AXIS2_PLACEMENT_3D('',#8986,#7243,#7244);
#6071=AXIS2_PLACEMENT_3D('',#8989,#7246,#7247);
#6072=AXIS2_PLACEMENT_3D('',#8990,#7248,#7249);
#6073=AXIS2_PLACEMENT_3D('',#8991,#7250,#7251);
#6074=AXIS2_PLACEMENT_3D('',#8993,#7252,#7253);
#6075=AXIS2_PLACEMENT_3D('',#8996,#7255,#7256);
#6076=AXIS2_PLACEMENT_3D('',#8997,#7257,#7258);
#6077=AXIS2_PLACEMENT_3D('',#8998,#7259,#7260);
#6078=AXIS2_PLACEMENT_3D('',#9000,#7261,#7262);
#6079=AXIS2_PLACEMENT_3D('',#9003,#7264,#7265);
#6080=AXIS2_PLACEMENT_3D('',#9004,#7266,#7267);
#6081=AXIS2_PLACEMENT_3D('',#9005,#7268,#7269);
#6082=AXIS2_PLACEMENT_3D('',#9007,#7270,#7271);
#6083=AXIS2_PLACEMENT_3D('',#9010,#7273,#7274);
#6084=AXIS2_PLACEMENT_3D('',#9011,#7275,#7276);
#6085=AXIS2_PLACEMENT_3D('',#9012,#7277,#7278);
#6086=AXIS2_PLACEMENT_3D('',#9014,#7279,#7280);
#6087=AXIS2_PLACEMENT_3D('',#9017,#7282,#7283);
#6088=AXIS2_PLACEMENT_3D('',#9018,#7284,#7285);
#6089=AXIS2_PLACEMENT_3D('',#9019,#7286,#7287);
#6090=AXIS2_PLACEMENT_3D('',#9021,#7288,#7289);
#6091=AXIS2_PLACEMENT_3D('',#9024,#7291,#7292);
#6092=AXIS2_PLACEMENT_3D('',#9025,#7293,#7294);
#6093=AXIS2_PLACEMENT_3D('',#9026,#7295,#7296);
#6094=AXIS2_PLACEMENT_3D('',#9028,#7297,#7298);
#6095=AXIS2_PLACEMENT_3D('',#9031,#7300,#7301);
#6096=AXIS2_PLACEMENT_3D('',#9032,#7302,#7303);
#6097=AXIS2_PLACEMENT_3D('',#9033,#7304,#7305);
#6098=AXIS2_PLACEMENT_3D('',#9035,#7306,#7307);
#6099=AXIS2_PLACEMENT_3D('',#9038,#7309,#7310);
#6100=AXIS2_PLACEMENT_3D('',#9039,#7311,#7312);
#6101=AXIS2_PLACEMENT_3D('',#9040,#7313,#7314);
#6102=AXIS2_PLACEMENT_3D('',#9042,#7315,#7316);
#6103=AXIS2_PLACEMENT_3D('',#9045,#7318,#7319);
#6104=AXIS2_PLACEMENT_3D('',#9046,#7320,#7321);
#6105=AXIS2_PLACEMENT_3D('',#9047,#7322,#7323);
#6106=AXIS2_PLACEMENT_3D('',#9049,#7324,#7325);
#6107=AXIS2_PLACEMENT_3D('',#9052,#7327,#7328);
#6108=AXIS2_PLACEMENT_3D('',#9053,#7329,#7330);
#6109=AXIS2_PLACEMENT_3D('',#9054,#7331,#7332);
#6110=AXIS2_PLACEMENT_3D('',#9056,#7333,#7334);
#6111=AXIS2_PLACEMENT_3D('',#9059,#7336,#7337);
#6112=AXIS2_PLACEMENT_3D('',#9060,#7338,#7339);
#6113=AXIS2_PLACEMENT_3D('',#9061,#7340,#7341);
#6114=AXIS2_PLACEMENT_3D('',#9063,#7342,#7343);
#6115=AXIS2_PLACEMENT_3D('',#9066,#7345,#7346);
#6116=AXIS2_PLACEMENT_3D('',#9067,#7347,#7348);
#6117=AXIS2_PLACEMENT_3D('',#9068,#7349,#7350);
#6118=AXIS2_PLACEMENT_3D('',#9070,#7351,#7352);
#6119=AXIS2_PLACEMENT_3D('',#9073,#7354,#7355);
#6120=AXIS2_PLACEMENT_3D('',#9074,#7356,#7357);
#6121=AXIS2_PLACEMENT_3D('',#9075,#7358,#7359);
#6122=AXIS2_PLACEMENT_3D('',#9077,#7360,#7361);
#6123=AXIS2_PLACEMENT_3D('',#9080,#7363,#7364);
#6124=AXIS2_PLACEMENT_3D('',#9081,#7365,#7366);
#6125=AXIS2_PLACEMENT_3D('',#9082,#7367,#7368);
#6126=AXIS2_PLACEMENT_3D('',#9084,#7369,#7370);
#6127=AXIS2_PLACEMENT_3D('',#9087,#7372,#7373);
#6128=AXIS2_PLACEMENT_3D('',#9088,#7374,#7375);
#6129=AXIS2_PLACEMENT_3D('',#9089,#7376,#7377);
#6130=AXIS2_PLACEMENT_3D('',#9091,#7378,#7379);
#6131=AXIS2_PLACEMENT_3D('',#9094,#7381,#7382);
#6132=AXIS2_PLACEMENT_3D('',#9095,#7383,#7384);
#6133=AXIS2_PLACEMENT_3D('',#9096,#7385,#7386);
#6134=AXIS2_PLACEMENT_3D('',#9098,#7387,#7388);
#6135=AXIS2_PLACEMENT_3D('',#9101,#7390,#7391);
#6136=AXIS2_PLACEMENT_3D('',#9102,#7392,#7393);
#6137=AXIS2_PLACEMENT_3D('',#9103,#7394,#7395);
#6138=AXIS2_PLACEMENT_3D('',#9105,#7396,#7397);
#6139=AXIS2_PLACEMENT_3D('',#9108,#7399,#7400);
#6140=AXIS2_PLACEMENT_3D('',#9109,#7401,#7402);
#6141=AXIS2_PLACEMENT_3D('',#9110,#7403,#7404);
#6142=AXIS2_PLACEMENT_3D('',#9112,#7405,#7406);
#6143=AXIS2_PLACEMENT_3D('',#9115,#7408,#7409);
#6144=AXIS2_PLACEMENT_3D('',#9116,#7410,#7411);
#6145=AXIS2_PLACEMENT_3D('',#9117,#7412,#7413);
#6146=AXIS2_PLACEMENT_3D('',#9119,#7414,#7415);
#6147=AXIS2_PLACEMENT_3D('',#9122,#7417,#7418);
#6148=AXIS2_PLACEMENT_3D('',#9123,#7419,#7420);
#6149=AXIS2_PLACEMENT_3D('',#9124,#7421,#7422);
#6150=AXIS2_PLACEMENT_3D('',#9126,#7423,#7424);
#6151=AXIS2_PLACEMENT_3D('',#9129,#7426,#7427);
#6152=AXIS2_PLACEMENT_3D('',#9130,#7428,#7429);
#6153=AXIS2_PLACEMENT_3D('',#9131,#7430,#7431);
#6154=AXIS2_PLACEMENT_3D('',#9133,#7432,#7433);
#6155=AXIS2_PLACEMENT_3D('',#9136,#7435,#7436);
#6156=AXIS2_PLACEMENT_3D('',#9137,#7437,#7438);
#6157=AXIS2_PLACEMENT_3D('',#9138,#7439,#7440);
#6158=AXIS2_PLACEMENT_3D('',#9140,#7441,#7442);
#6159=AXIS2_PLACEMENT_3D('',#9143,#7444,#7445);
#6160=AXIS2_PLACEMENT_3D('',#9144,#7446,#7447);
#6161=AXIS2_PLACEMENT_3D('',#9145,#7448,#7449);
#6162=AXIS2_PLACEMENT_3D('',#9147,#7450,#7451);
#6163=AXIS2_PLACEMENT_3D('',#9150,#7453,#7454);
#6164=AXIS2_PLACEMENT_3D('',#9151,#7455,#7456);
#6165=AXIS2_PLACEMENT_3D('',#9152,#7457,#7458);
#6166=AXIS2_PLACEMENT_3D('',#9154,#7459,#7460);
#6167=AXIS2_PLACEMENT_3D('',#9157,#7462,#7463);
#6168=AXIS2_PLACEMENT_3D('',#9158,#7464,#7465);
#6169=AXIS2_PLACEMENT_3D('',#9159,#7466,#7467);
#6170=AXIS2_PLACEMENT_3D('',#9161,#7468,#7469);
#6171=AXIS2_PLACEMENT_3D('',#9164,#7471,#7472);
#6172=AXIS2_PLACEMENT_3D('',#9165,#7473,#7474);
#6173=AXIS2_PLACEMENT_3D('',#9166,#7475,#7476);
#6174=AXIS2_PLACEMENT_3D('',#9168,#7477,#7478);
#6175=AXIS2_PLACEMENT_3D('',#9171,#7480,#7481);
#6176=AXIS2_PLACEMENT_3D('',#9172,#7482,#7483);
#6177=AXIS2_PLACEMENT_3D('',#9173,#7484,#7485);
#6178=AXIS2_PLACEMENT_3D('',#9175,#7486,#7487);
#6179=AXIS2_PLACEMENT_3D('',#9178,#7489,#7490);
#6180=AXIS2_PLACEMENT_3D('',#9179,#7491,#7492);
#6181=AXIS2_PLACEMENT_3D('',#9180,#7493,#7494);
#6182=AXIS2_PLACEMENT_3D('',#9189,#7499,#7500);
#6183=AXIS2_PLACEMENT_3D('',#9191,#7501,#7502);
#6184=AXIS2_PLACEMENT_3D('',#9193,#7503,#7504);
#6185=AXIS2_PLACEMENT_3D('',#9195,#7506,#7507);
#6186=AXIS2_PLACEMENT_3D('',#9201,#7511,#7512);
#6187=AXIS2_PLACEMENT_3D('',#9203,#7513,#7514);
#6188=AXIS2_PLACEMENT_3D('',#9205,#7515,#7516);
#6189=AXIS2_PLACEMENT_3D('',#9207,#7518,#7519);
#6190=AXIS2_PLACEMENT_3D('',#9213,#7523,#7524);
#6191=AXIS2_PLACEMENT_3D('',#9215,#7525,#7526);
#6192=AXIS2_PLACEMENT_3D('',#9217,#7527,#7528);
#6193=AXIS2_PLACEMENT_3D('',#9219,#7530,#7531);
#6194=AXIS2_PLACEMENT_3D('',#9225,#7535,#7536);
#6195=AXIS2_PLACEMENT_3D('',#9226,#7537,#7538);
#6196=AXIS2_PLACEMENT_3D('',#9227,#7539,#7540);
#6197=AXIS2_PLACEMENT_3D('',#9228,#7541,#7542);
#6198=AXIS2_PLACEMENT_3D('',#9237,#7547,#7548);
#6199=AXIS2_PLACEMENT_3D('',#9239,#7549,#7550);
#6200=AXIS2_PLACEMENT_3D('',#9241,#7551,#7552);
#6201=AXIS2_PLACEMENT_3D('',#9243,#7554,#7555);
#6202=AXIS2_PLACEMENT_3D('',#9249,#7559,#7560);
#6203=AXIS2_PLACEMENT_3D('',#9251,#7561,#7562);
#6204=AXIS2_PLACEMENT_3D('',#9253,#7563,#7564);
#6205=AXIS2_PLACEMENT_3D('',#9255,#7566,#7567);
#6206=AXIS2_PLACEMENT_3D('',#9261,#7571,#7572);
#6207=AXIS2_PLACEMENT_3D('',#9263,#7573,#7574);
#6208=AXIS2_PLACEMENT_3D('',#9265,#7575,#7576);
#6209=AXIS2_PLACEMENT_3D('',#9267,#7578,#7579);
#6210=AXIS2_PLACEMENT_3D('',#9273,#7583,#7584);
#6211=AXIS2_PLACEMENT_3D('',#9274,#7585,#7586);
#6212=AXIS2_PLACEMENT_3D('',#9275,#7587,#7588);
#6213=AXIS2_PLACEMENT_3D('',#9276,#7589,#7590);
#6214=AXIS2_PLACEMENT_3D('',#9277,#7591,#7592);
#6215=AXIS2_PLACEMENT_3D('',#9278,#7593,#7594);
#6216=AXIS2_PLACEMENT_3D('',#9280,#7595,#7596);
#6217=AXIS2_PLACEMENT_3D('',#9283,#7598,#7599);
#6218=AXIS2_PLACEMENT_3D('',#9284,#7600,#7601);
#6219=AXIS2_PLACEMENT_3D('',#9289,#7603,#7604);
#6220=AXIS2_PLACEMENT_3D('',#9292,#7606,#7607);
#6221=AXIS2_PLACEMENT_3D('',#9293,#7608,#7609);
#6222=AXIS2_PLACEMENT_3D('',#9294,#7610,#7611);
#6223=AXIS2_PLACEMENT_3D('',#9295,#7612,#7613);
#6224=AXIS2_PLACEMENT_3D('',#9296,#7614,#7615);
#6225=AXIS2_PLACEMENT_3D('',#9298,#7616,#7617);
#6226=AXIS2_PLACEMENT_3D('',#9301,#7619,#7620);
#6227=AXIS2_PLACEMENT_3D('',#9302,#7621,#7622);
#6228=AXIS2_PLACEMENT_3D('',#9304,#7623,#7624);
#6229=AXIS2_PLACEMENT_3D('',#9307,#7626,#7627);
#6230=AXIS2_PLACEMENT_3D('',#9308,#7628,#7629);
#6231=AXIS2_PLACEMENT_3D('',#9310,#7630,#7631);
#6232=AXIS2_PLACEMENT_3D('',#9313,#7633,#7634);
#6233=AXIS2_PLACEMENT_3D('',#9314,#7635,#7636);
#6234=AXIS2_PLACEMENT_3D('',#9316,#7637,#7638);
#6235=AXIS2_PLACEMENT_3D('',#9319,#7640,#7641);
#6236=AXIS2_PLACEMENT_3D('',#9320,#7642,#7643);
#6237=AXIS2_PLACEMENT_3D('',#9322,#7644,#7645);
#6238=AXIS2_PLACEMENT_3D('',#9325,#7647,#7648);
#6239=AXIS2_PLACEMENT_3D('',#9326,#7649,#7650);
#6240=AXIS2_PLACEMENT_3D('',#9328,#7651,#7652);
#6241=AXIS2_PLACEMENT_3D('',#9331,#7654,#7655);
#6242=AXIS2_PLACEMENT_3D('',#9332,#7656,#7657);
#6243=AXIS2_PLACEMENT_3D('',#9334,#7658,#7659);
#6244=AXIS2_PLACEMENT_3D('',#9337,#7661,#7662);
#6245=AXIS2_PLACEMENT_3D('',#9338,#7663,#7664);
#6246=AXIS2_PLACEMENT_3D('',#9340,#7665,#7666);
#6247=AXIS2_PLACEMENT_3D('',#9343,#7668,#7669);
#6248=AXIS2_PLACEMENT_3D('',#9344,#7670,#7671);
#6249=AXIS2_PLACEMENT_3D('',#9346,#7672,#7673);
#6250=AXIS2_PLACEMENT_3D('',#9349,#7675,#7676);
#6251=AXIS2_PLACEMENT_3D('',#9350,#7677,#7678);
#6252=AXIS2_PLACEMENT_3D('',#9352,#7679,#7680);
#6253=AXIS2_PLACEMENT_3D('',#9355,#7682,#7683);
#6254=AXIS2_PLACEMENT_3D('',#9356,#7684,#7685);
#6255=AXIS2_PLACEMENT_3D('',#9358,#7686,#7687);
#6256=AXIS2_PLACEMENT_3D('',#9361,#7689,#7690);
#6257=AXIS2_PLACEMENT_3D('',#9362,#7691,#7692);
#6258=AXIS2_PLACEMENT_3D('',#9364,#7693,#7694);
#6259=AXIS2_PLACEMENT_3D('',#9367,#7696,#7697);
#6260=AXIS2_PLACEMENT_3D('',#9368,#7698,#7699);
#6261=AXIS2_PLACEMENT_3D('',#9377,#7704,#7705);
#6262=AXIS2_PLACEMENT_3D('',#9379,#7706,#7707);
#6263=AXIS2_PLACEMENT_3D('',#9382,#7709,#7710);
#6264=AXIS2_PLACEMENT_3D('',#9383,#7711,#7712);
#6265=AXIS2_PLACEMENT_3D('',#9389,#7716,#7717);
#6266=AXIS2_PLACEMENT_3D('',#9391,#7718,#7719);
#6267=AXIS2_PLACEMENT_3D('',#9394,#7721,#7722);
#6268=AXIS2_PLACEMENT_3D('',#9395,#7723,#7724);
#6269=AXIS2_PLACEMENT_3D('',#9401,#7728,#7729);
#6270=AXIS2_PLACEMENT_3D('',#9403,#7730,#7731);
#6271=AXIS2_PLACEMENT_3D('',#9406,#7733,#7734);
#6272=AXIS2_PLACEMENT_3D('',#9407,#7735,#7736);
#6273=AXIS2_PLACEMENT_3D('',#9413,#7740,#7741);
#6274=AXIS2_PLACEMENT_3D('',#9414,#7742,#7743);
#6275=AXIS2_PLACEMENT_3D('',#9415,#7744,#7745);
#6276=AXIS2_PLACEMENT_3D('',#9416,#7746,#7747);
#6277=AXIS2_PLACEMENT_3D('',#9425,#7752,#7753);
#6278=AXIS2_PLACEMENT_3D('',#9427,#7754,#7755);
#6279=AXIS2_PLACEMENT_3D('',#9430,#7757,#7758);
#6280=AXIS2_PLACEMENT_3D('',#9431,#7759,#7760);
#6281=AXIS2_PLACEMENT_3D('',#9437,#7764,#7765);
#6282=AXIS2_PLACEMENT_3D('',#9439,#7766,#7767);
#6283=AXIS2_PLACEMENT_3D('',#9442,#7769,#7770);
#6284=AXIS2_PLACEMENT_3D('',#9443,#7771,#7772);
#6285=AXIS2_PLACEMENT_3D('',#9449,#7776,#7777);
#6286=AXIS2_PLACEMENT_3D('',#9451,#7778,#7779);
#6287=AXIS2_PLACEMENT_3D('',#9454,#7781,#7782);
#6288=AXIS2_PLACEMENT_3D('',#9455,#7783,#7784);
#6289=AXIS2_PLACEMENT_3D('',#9461,#7788,#7789);
#6290=AXIS2_PLACEMENT_3D('',#9462,#7790,#7791);
#6291=AXIS2_PLACEMENT_3D('',#9463,#7792,#7793);
#6292=AXIS2_PLACEMENT_3D('',#9464,#7794,#7795);
#6293=AXIS2_PLACEMENT_3D('',#9465,#7796,#7797);
#6294=AXIS2_PLACEMENT_3D('',#9466,#7798,#7799);
#6295=AXIS2_PLACEMENT_3D('',#9468,#7800,#7801);
#6296=AXIS2_PLACEMENT_3D('',#9471,#7803,#7804);
#6297=AXIS2_PLACEMENT_3D('',#9472,#7805,#7806);
#6298=AXIS2_PLACEMENT_3D('',#9477,#7808,#7809);
#6299=AXIS2_PLACEMENT_3D('',#9480,#7811,#7812);
#6300=AXIS2_PLACEMENT_3D('',#9481,#7813,#7814);
#6301=AXIS2_PLACEMENT_3D('',#9482,#7815,#7816);
#6302=AXIS2_PLACEMENT_3D('',#9483,#7817,#7818);
#6303=AXIS2_PLACEMENT_3D('',#9484,#7819,#7820);
#6304=AXIS2_PLACEMENT_3D('',#9486,#7821,#7822);
#6305=AXIS2_PLACEMENT_3D('',#9489,#7824,#7825);
#6306=AXIS2_PLACEMENT_3D('',#9490,#7826,#7827);
#6307=AXIS2_PLACEMENT_3D('',#9492,#7828,#7829);
#6308=AXIS2_PLACEMENT_3D('',#9495,#7831,#7832);
#6309=AXIS2_PLACEMENT_3D('',#9496,#7833,#7834);
#6310=AXIS2_PLACEMENT_3D('',#9498,#7835,#7836);
#6311=AXIS2_PLACEMENT_3D('',#9501,#7838,#7839);
#6312=AXIS2_PLACEMENT_3D('',#9502,#7840,#7841);
#6313=AXIS2_PLACEMENT_3D('',#9504,#7842,#7843);
#6314=AXIS2_PLACEMENT_3D('',#9507,#7845,#7846);
#6315=AXIS2_PLACEMENT_3D('',#9508,#7847,#7848);
#6316=AXIS2_PLACEMENT_3D('',#9510,#7849,#7850);
#6317=AXIS2_PLACEMENT_3D('',#9513,#7852,#7853);
#6318=AXIS2_PLACEMENT_3D('',#9514,#7854,#7855);
#6319=AXIS2_PLACEMENT_3D('',#9516,#7856,#7857);
#6320=AXIS2_PLACEMENT_3D('',#9519,#7859,#7860);
#6321=AXIS2_PLACEMENT_3D('',#9520,#7861,#7862);
#6322=AXIS2_PLACEMENT_3D('',#9522,#7863,#7864);
#6323=AXIS2_PLACEMENT_3D('',#9525,#7866,#7867);
#6324=AXIS2_PLACEMENT_3D('',#9526,#7868,#7869);
#6325=AXIS2_PLACEMENT_3D('',#9528,#7870,#7871);
#6326=AXIS2_PLACEMENT_3D('',#9531,#7873,#7874);
#6327=AXIS2_PLACEMENT_3D('',#9532,#7875,#7876);
#6328=AXIS2_PLACEMENT_3D('',#9534,#7877,#7878);
#6329=AXIS2_PLACEMENT_3D('',#9537,#7880,#7881);
#6330=AXIS2_PLACEMENT_3D('',#9538,#7882,#7883);
#6331=AXIS2_PLACEMENT_3D('',#9540,#7884,#7885);
#6332=AXIS2_PLACEMENT_3D('',#9543,#7887,#7888);
#6333=AXIS2_PLACEMENT_3D('',#9544,#7889,#7890);
#6334=AXIS2_PLACEMENT_3D('',#9546,#7891,#7892);
#6335=AXIS2_PLACEMENT_3D('',#9549,#7894,#7895);
#6336=AXIS2_PLACEMENT_3D('',#9550,#7896,#7897);
#6337=AXIS2_PLACEMENT_3D('',#9552,#7898,#7899);
#6338=AXIS2_PLACEMENT_3D('',#9555,#7901,#7902);
#6339=AXIS2_PLACEMENT_3D('',#9556,#7903,#7904);
#6340=AXIS2_PLACEMENT_3D('',#9565,#7909,#7910);
#6341=AXIS2_PLACEMENT_3D('',#9567,#7911,#7912);
#6342=AXIS2_PLACEMENT_3D('',#9570,#7914,#7915);
#6343=AXIS2_PLACEMENT_3D('',#9571,#7916,#7917);
#6344=AXIS2_PLACEMENT_3D('',#9577,#7921,#7922);
#6345=AXIS2_PLACEMENT_3D('',#9579,#7923,#7924);
#6346=AXIS2_PLACEMENT_3D('',#9582,#7926,#7927);
#6347=AXIS2_PLACEMENT_3D('',#9583,#7928,#7929);
#6348=AXIS2_PLACEMENT_3D('',#9589,#7933,#7934);
#6349=AXIS2_PLACEMENT_3D('',#9591,#7935,#7936);
#6350=AXIS2_PLACEMENT_3D('',#9594,#7938,#7939);
#6351=AXIS2_PLACEMENT_3D('',#9595,#7940,#7941);
#6352=AXIS2_PLACEMENT_3D('',#9601,#7945,#7946);
#6353=AXIS2_PLACEMENT_3D('',#9602,#7947,#7948);
#6354=AXIS2_PLACEMENT_3D('',#9603,#7949,#7950);
#6355=AXIS2_PLACEMENT_3D('',#9604,#7951,#7952);
#6356=AXIS2_PLACEMENT_3D('',#9613,#7957,#7958);
#6357=AXIS2_PLACEMENT_3D('',#9615,#7959,#7960);
#6358=AXIS2_PLACEMENT_3D('',#9618,#7962,#7963);
#6359=AXIS2_PLACEMENT_3D('',#9619,#7964,#7965);
#6360=AXIS2_PLACEMENT_3D('',#9625,#7969,#7970);
#6361=AXIS2_PLACEMENT_3D('',#9627,#7971,#7972);
#6362=AXIS2_PLACEMENT_3D('',#9630,#7974,#7975);
#6363=AXIS2_PLACEMENT_3D('',#9631,#7976,#7977);
#6364=AXIS2_PLACEMENT_3D('',#9637,#7981,#7982);
#6365=AXIS2_PLACEMENT_3D('',#9639,#7983,#7984);
#6366=AXIS2_PLACEMENT_3D('',#9642,#7986,#7987);
#6367=AXIS2_PLACEMENT_3D('',#9643,#7988,#7989);
#6368=AXIS2_PLACEMENT_3D('',#9649,#7993,#7994);
#6369=AXIS2_PLACEMENT_3D('',#9650,#7995,#7996);
#6370=AXIS2_PLACEMENT_3D('',#9651,#7997,#7998);
#6371=AXIS2_PLACEMENT_3D('',#9652,#7999,#8000);
#6372=AXIS2_PLACEMENT_3D('',#9653,#8001,#8002);
#6373=AXIS2_PLACEMENT_3D('',#9654,#8003,#8004);
#6374=AXIS2_PLACEMENT_3D('',#9656,#8005,#8006);
#6375=AXIS2_PLACEMENT_3D('',#9659,#8008,#8009);
#6376=AXIS2_PLACEMENT_3D('',#9660,#8010,#8011);
#6377=AXIS2_PLACEMENT_3D('',#9662,#8012,#8013);
#6378=AXIS2_PLACEMENT_3D('',#9665,#8015,#8016);
#6379=AXIS2_PLACEMENT_3D('',#9666,#8017,#8018);
#6380=AXIS2_PLACEMENT_3D('',#9667,#8019,#8020);
#6381=AXIS2_PLACEMENT_3D('',#9669,#8021,#8022);
#6382=AXIS2_PLACEMENT_3D('',#9672,#8024,#8025);
#6383=AXIS2_PLACEMENT_3D('',#9673,#8026,#8027);
#6384=AXIS2_PLACEMENT_3D('',#9675,#8028,#8029);
#6385=AXIS2_PLACEMENT_3D('',#9678,#8031,#8032);
#6386=AXIS2_PLACEMENT_3D('',#9679,#8033,#8034);
#6387=AXIS2_PLACEMENT_3D('',#9680,#8035,#8036);
#6388=AXIS2_PLACEMENT_3D('',#9682,#8037,#8038);
#6389=AXIS2_PLACEMENT_3D('',#9685,#8040,#8041);
#6390=AXIS2_PLACEMENT_3D('',#9686,#8042,#8043);
#6391=AXIS2_PLACEMENT_3D('',#9688,#8044,#8045);
#6392=AXIS2_PLACEMENT_3D('',#9691,#8047,#8048);
#6393=AXIS2_PLACEMENT_3D('',#9692,#8049,#8050);
#6394=AXIS2_PLACEMENT_3D('',#9693,#8051,#8052);
#6395=AXIS2_PLACEMENT_3D('',#9695,#8053,#8054);
#6396=AXIS2_PLACEMENT_3D('',#9698,#8056,#8057);
#6397=AXIS2_PLACEMENT_3D('',#9699,#8058,#8059);
#6398=AXIS2_PLACEMENT_3D('',#9701,#8060,#8061);
#6399=AXIS2_PLACEMENT_3D('',#9704,#8063,#8064);
#6400=AXIS2_PLACEMENT_3D('',#9705,#8065,#8066);
#6401=AXIS2_PLACEMENT_3D('',#9706,#8067,#8068);
#6402=AXIS2_PLACEMENT_3D('',#9708,#8069,#8070);
#6403=AXIS2_PLACEMENT_3D('',#9711,#8072,#8073);
#6404=AXIS2_PLACEMENT_3D('',#9712,#8074,#8075);
#6405=AXIS2_PLACEMENT_3D('',#9714,#8076,#8077);
#6406=AXIS2_PLACEMENT_3D('',#9717,#8079,#8080);
#6407=AXIS2_PLACEMENT_3D('',#9718,#8081,#8082);
#6408=AXIS2_PLACEMENT_3D('',#9719,#8083,#8084);
#6409=AXIS2_PLACEMENT_3D('',#9721,#8085,#8086);
#6410=AXIS2_PLACEMENT_3D('',#9724,#8088,#8089);
#6411=AXIS2_PLACEMENT_3D('',#9725,#8090,#8091);
#6412=AXIS2_PLACEMENT_3D('',#9727,#8092,#8093);
#6413=AXIS2_PLACEMENT_3D('',#9730,#8095,#8096);
#6414=AXIS2_PLACEMENT_3D('',#9731,#8097,#8098);
#6415=AXIS2_PLACEMENT_3D('',#9732,#8099,#8100);
#6416=AXIS2_PLACEMENT_3D('',#9734,#8101,#8102);
#6417=AXIS2_PLACEMENT_3D('',#9737,#8104,#8105);
#6418=AXIS2_PLACEMENT_3D('',#9738,#8106,#8107);
#6419=AXIS2_PLACEMENT_3D('',#9740,#8108,#8109);
#6420=AXIS2_PLACEMENT_3D('',#9743,#8111,#8112);
#6421=AXIS2_PLACEMENT_3D('',#9744,#8113,#8114);
#6422=AXIS2_PLACEMENT_3D('',#9745,#8115,#8116);
#6423=AXIS2_PLACEMENT_3D('',#9747,#8117,#8118);
#6424=AXIS2_PLACEMENT_3D('',#9750,#8120,#8121);
#6425=AXIS2_PLACEMENT_3D('',#9751,#8122,#8123);
#6426=AXIS2_PLACEMENT_3D('',#9753,#8124,#8125);
#6427=AXIS2_PLACEMENT_3D('',#9756,#8127,#8128);
#6428=AXIS2_PLACEMENT_3D('',#9757,#8129,#8130);
#6429=AXIS2_PLACEMENT_3D('',#9758,#8131,#8132);
#6430=AXIS2_PLACEMENT_3D('',#9760,#8133,#8134);
#6431=AXIS2_PLACEMENT_3D('',#9763,#8136,#8137);
#6432=AXIS2_PLACEMENT_3D('',#9764,#8138,#8139);
#6433=AXIS2_PLACEMENT_3D('',#9766,#8140,#8141);
#6434=AXIS2_PLACEMENT_3D('',#9769,#8143,#8144);
#6435=AXIS2_PLACEMENT_3D('',#9770,#8145,#8146);
#6436=AXIS2_PLACEMENT_3D('',#9771,#8147,#8148);
#6437=AXIS2_PLACEMENT_3D('',#9773,#8149,#8150);
#6438=AXIS2_PLACEMENT_3D('',#9776,#8152,#8153);
#6439=AXIS2_PLACEMENT_3D('',#9777,#8154,#8155);
#6440=AXIS2_PLACEMENT_3D('',#9779,#8156,#8157);
#6441=AXIS2_PLACEMENT_3D('',#9782,#8159,#8160);
#6442=AXIS2_PLACEMENT_3D('',#9783,#8161,#8162);
#6443=AXIS2_PLACEMENT_3D('',#9784,#8163,#8164);
#6444=AXIS2_PLACEMENT_3D('',#9786,#8165,#8166);
#6445=AXIS2_PLACEMENT_3D('',#9789,#8168,#8169);
#6446=AXIS2_PLACEMENT_3D('',#9790,#8170,#8171);
#6447=AXIS2_PLACEMENT_3D('',#9792,#8172,#8173);
#6448=AXIS2_PLACEMENT_3D('',#9795,#8175,#8176);
#6449=AXIS2_PLACEMENT_3D('',#9796,#8177,#8178);
#6450=AXIS2_PLACEMENT_3D('',#9797,#8179,#8180);
#6451=AXIS2_PLACEMENT_3D('',#9799,#8181,#8182);
#6452=AXIS2_PLACEMENT_3D('',#9802,#8184,#8185);
#6453=AXIS2_PLACEMENT_3D('',#9803,#8186,#8187);
#6454=AXIS2_PLACEMENT_3D('',#9805,#8188,#8189);
#6455=AXIS2_PLACEMENT_3D('',#9808,#8191,#8192);
#6456=AXIS2_PLACEMENT_3D('',#9809,#8193,#8194);
#6457=AXIS2_PLACEMENT_3D('',#9810,#8195,#8196);
#6458=AXIS2_PLACEMENT_3D('',#9812,#8197,#8198);
#6459=AXIS2_PLACEMENT_3D('',#9815,#8200,#8201);
#6460=AXIS2_PLACEMENT_3D('',#9816,#8202,#8203);
#6461=AXIS2_PLACEMENT_3D('',#9818,#8204,#8205);
#6462=AXIS2_PLACEMENT_3D('',#9821,#8207,#8208);
#6463=AXIS2_PLACEMENT_3D('',#9822,#8209,#8210);
#6464=AXIS2_PLACEMENT_3D('',#9823,#8211,#8212);
#6465=AXIS2_PLACEMENT_3D('',#9825,#8213,#8214);
#6466=AXIS2_PLACEMENT_3D('',#9828,#8216,#8217);
#6467=AXIS2_PLACEMENT_3D('',#9829,#8218,#8219);
#6468=AXIS2_PLACEMENT_3D('',#9831,#8220,#8221);
#6469=AXIS2_PLACEMENT_3D('',#9834,#8223,#8224);
#6470=AXIS2_PLACEMENT_3D('',#9835,#8225,#8226);
#6471=AXIS2_PLACEMENT_3D('',#9836,#8227,#8228);
#6472=AXIS2_PLACEMENT_3D('',#9845,#8233,#8234);
#6473=AXIS2_PLACEMENT_3D('',#9847,#8235,#8236);
#6474=AXIS2_PLACEMENT_3D('',#9850,#8238,#8239);
#6475=AXIS2_PLACEMENT_3D('',#9851,#8240,#8241);
#6476=AXIS2_PLACEMENT_3D('',#9857,#8245,#8246);
#6477=AXIS2_PLACEMENT_3D('',#9859,#8247,#8248);
#6478=AXIS2_PLACEMENT_3D('',#9862,#8250,#8251);
#6479=AXIS2_PLACEMENT_3D('',#9863,#8252,#8253);
#6480=AXIS2_PLACEMENT_3D('',#9869,#8257,#8258);
#6481=AXIS2_PLACEMENT_3D('',#9871,#8259,#8260);
#6482=AXIS2_PLACEMENT_3D('',#9874,#8262,#8263);
#6483=AXIS2_PLACEMENT_3D('',#9875,#8264,#8265);
#6484=AXIS2_PLACEMENT_3D('',#9881,#8269,#8270);
#6485=AXIS2_PLACEMENT_3D('',#9882,#8271,#8272);
#6486=AXIS2_PLACEMENT_3D('',#9883,#8273,#8274);
#6487=AXIS2_PLACEMENT_3D('',#9884,#8275,#8276);
#6488=AXIS2_PLACEMENT_3D('',#9893,#8281,#8282);
#6489=AXIS2_PLACEMENT_3D('',#9895,#8283,#8284);
#6490=AXIS2_PLACEMENT_3D('',#9898,#8286,#8287);
#6491=AXIS2_PLACEMENT_3D('',#9899,#8288,#8289);
#6492=AXIS2_PLACEMENT_3D('',#9905,#8293,#8294);
#6493=AXIS2_PLACEMENT_3D('',#9907,#8295,#8296);
#6494=AXIS2_PLACEMENT_3D('',#9910,#8298,#8299);
#6495=AXIS2_PLACEMENT_3D('',#9911,#8300,#8301);
#6496=AXIS2_PLACEMENT_3D('',#9917,#8305,#8306);
#6497=AXIS2_PLACEMENT_3D('',#9919,#8307,#8308);
#6498=AXIS2_PLACEMENT_3D('',#9922,#8310,#8311);
#6499=AXIS2_PLACEMENT_3D('',#9923,#8312,#8313);
#6500=AXIS2_PLACEMENT_3D('',#9929,#8317,#8318);
#6501=AXIS2_PLACEMENT_3D('',#9930,#8319,#8320);
#6502=AXIS2_PLACEMENT_3D('',#9931,#8321,#8322);
#6503=AXIS2_PLACEMENT_3D('',#9932,#8323,#8324);
#6504=AXIS2_PLACEMENT_3D('',#9933,#8325,#8326);
#6505=DIRECTION('axis',(0.,0.,1.));
#6506=DIRECTION('refdir',(1.,0.,0.));
#6507=DIRECTION('center_axis',(0.,0.,-1.));
#6508=DIRECTION('ref_axis',(-5.32759834994917E-6,0.999999999985808,0.));
#6509=DIRECTION('',(0.,0.,-1.));
#6510=DIRECTION('center_axis',(0.,0.,-1.));
#6511=DIRECTION('ref_axis',(1.,0.,0.));
#6512=DIRECTION('',(0.,0.,1.));
#6513=DIRECTION('center_axis',(0.,0.,1.));
#6514=DIRECTION('ref_axis',(1.,0.,0.));
#6515=DIRECTION('center_axis',(0.,0.,-1.));
#6516=DIRECTION('ref_axis',(-1.83697019872103E-16,-1.,0.));
#6517=DIRECTION('center_axis',(0.,0.,-1.));
#6518=DIRECTION('ref_axis',(1.,0.,0.));
#6519=DIRECTION('center_axis',(0.,0.,1.));
#6520=DIRECTION('ref_axis',(1.,0.,0.));
#6521=DIRECTION('center_axis',(0.,0.,-1.));
#6522=DIRECTION('ref_axis',(1.,0.,0.));
#6523=DIRECTION('center_axis',(0.,0.,-1.));
#6524=DIRECTION('ref_axis',(1.,0.,0.));
#6525=DIRECTION('',(0.,0.,-1.));
#6526=DIRECTION('center_axis',(0.,0.,1.));
#6527=DIRECTION('ref_axis',(1.,0.,0.));
#6528=DIRECTION('center_axis',(0.,0.,-1.));
#6529=DIRECTION('ref_axis',(1.,0.,0.));
#6530=DIRECTION('center_axis',(0.,0.,-1.));
#6531=DIRECTION('ref_axis',(1.,0.,0.));
#6532=DIRECTION('',(0.,0.,-1.));
#6533=DIRECTION('center_axis',(0.,0.,1.));
#6534=DIRECTION('ref_axis',(1.,0.,0.));
#6535=DIRECTION('center_axis',(0.,0.,-1.));
#6536=DIRECTION('ref_axis',(1.,0.,0.));
#6537=DIRECTION('center_axis',(0.,0.,-1.));
#6538=DIRECTION('ref_axis',(1.,0.,0.));
#6539=DIRECTION('',(0.,0.,-1.));
#6540=DIRECTION('center_axis',(0.,0.,1.));
#6541=DIRECTION('ref_axis',(1.,0.,0.));
#6542=DIRECTION('center_axis',(0.,0.,-1.));
#6543=DIRECTION('ref_axis',(1.,0.,0.));
#6544=DIRECTION('center_axis',(0.,0.,-1.));
#6545=DIRECTION('ref_axis',(1.,0.,0.));
#6546=DIRECTION('',(0.,0.,-1.));
#6547=DIRECTION('center_axis',(0.,0.,1.));
#6548=DIRECTION('ref_axis',(1.,0.,0.));
#6549=DIRECTION('center_axis',(0.,0.,-1.));
#6550=DIRECTION('ref_axis',(1.,0.,0.));
#6551=DIRECTION('center_axis',(0.,0.,-1.));
#6552=DIRECTION('ref_axis',(1.,0.,0.));
#6553=DIRECTION('',(0.,0.,-1.));
#6554=DIRECTION('center_axis',(0.,0.,1.));
#6555=DIRECTION('ref_axis',(1.,0.,0.));
#6556=DIRECTION('center_axis',(0.,0.,-1.));
#6557=DIRECTION('ref_axis',(1.,0.,0.));
#6558=DIRECTION('center_axis',(0.,0.,-1.));
#6559=DIRECTION('ref_axis',(1.,0.,0.));
#6560=DIRECTION('',(0.,0.,-1.));
#6561=DIRECTION('center_axis',(0.,0.,1.));
#6562=DIRECTION('ref_axis',(1.,0.,0.));
#6563=DIRECTION('center_axis',(0.,0.,-1.));
#6564=DIRECTION('ref_axis',(1.,0.,0.));
#6565=DIRECTION('center_axis',(0.,0.,-1.));
#6566=DIRECTION('ref_axis',(1.,0.,0.));
#6567=DIRECTION('',(0.,0.,-1.));
#6568=DIRECTION('center_axis',(0.,0.,1.));
#6569=DIRECTION('ref_axis',(1.,0.,0.));
#6570=DIRECTION('center_axis',(0.,0.,-1.));
#6571=DIRECTION('ref_axis',(1.,0.,0.));
#6572=DIRECTION('center_axis',(0.,0.,-1.));
#6573=DIRECTION('ref_axis',(1.,0.,0.));
#6574=DIRECTION('',(0.,0.,-1.));
#6575=DIRECTION('center_axis',(0.,0.,1.));
#6576=DIRECTION('ref_axis',(1.,0.,0.));
#6577=DIRECTION('center_axis',(0.,0.,-1.));
#6578=DIRECTION('ref_axis',(1.,0.,0.));
#6579=DIRECTION('center_axis',(0.,0.,-1.));
#6580=DIRECTION('ref_axis',(1.,0.,0.));
#6581=DIRECTION('',(0.,0.,-1.));
#6582=DIRECTION('center_axis',(0.,0.,1.));
#6583=DIRECTION('ref_axis',(1.,0.,0.));
#6584=DIRECTION('center_axis',(0.,0.,-1.));
#6585=DIRECTION('ref_axis',(1.,0.,0.));
#6586=DIRECTION('center_axis',(0.,0.,-1.));
#6587=DIRECTION('ref_axis',(1.,0.,0.));
#6588=DIRECTION('',(0.,0.,-1.));
#6589=DIRECTION('center_axis',(0.,0.,1.));
#6590=DIRECTION('ref_axis',(1.,0.,0.));
#6591=DIRECTION('center_axis',(0.,0.,-1.));
#6592=DIRECTION('ref_axis',(1.,0.,0.));
#6593=DIRECTION('center_axis',(0.,0.,-1.));
#6594=DIRECTION('ref_axis',(1.,0.,0.));
#6595=DIRECTION('',(0.,0.,-1.));
#6596=DIRECTION('center_axis',(0.,0.,1.));
#6597=DIRECTION('ref_axis',(1.,0.,0.));
#6598=DIRECTION('center_axis',(0.,0.,-1.));
#6599=DIRECTION('ref_axis',(1.,0.,0.));
#6600=DIRECTION('center_axis',(0.,0.,-1.));
#6601=DIRECTION('ref_axis',(1.,0.,0.));
#6602=DIRECTION('',(0.,0.,-1.));
#6603=DIRECTION('center_axis',(0.,0.,1.));
#6604=DIRECTION('ref_axis',(1.,0.,0.));
#6605=DIRECTION('center_axis',(0.,0.,-1.));
#6606=DIRECTION('ref_axis',(1.,0.,0.));
#6607=DIRECTION('center_axis',(0.,0.,-1.));
#6608=DIRECTION('ref_axis',(1.,0.,0.));
#6609=DIRECTION('',(0.,0.,-1.));
#6610=DIRECTION('center_axis',(0.,0.,1.));
#6611=DIRECTION('ref_axis',(1.,0.,0.));
#6612=DIRECTION('center_axis',(0.306580421620853,0.951844758917535,0.));
#6613=DIRECTION('ref_axis',(0.951844758917535,-0.306580421620853,0.));
#6614=DIRECTION('',(-0.951844758917535,0.306580421620853,0.));
#6615=DIRECTION('',(0.,0.,-1.));
#6616=DIRECTION('',(0.951844758917535,-0.306580421620853,0.));
#6617=DIRECTION('',(0.,0.,-1.));
#6618=DIRECTION('center_axis',(0.,0.,-1.));
#6619=DIRECTION('ref_axis',(-0.306580421620852,0.951844758917535,0.));
#6620=DIRECTION('center_axis',(0.,0.,-1.));
#6621=DIRECTION('ref_axis',(-0.306580421620852,0.951844758917535,0.));
#6622=DIRECTION('center_axis',(0.,0.,1.));
#6623=DIRECTION('ref_axis',(-0.306580421620852,0.951844758917535,0.));
#6624=DIRECTION('',(0.,0.,-1.));
#6625=DIRECTION('center_axis',(0.306580421620853,-0.951844758917535,0.));
#6626=DIRECTION('ref_axis',(-0.951844758917535,-0.306580421620853,0.));
#6627=DIRECTION('',(0.951844758917535,0.306580421620853,0.));
#6628=DIRECTION('',(-0.951844758917535,-0.306580421620853,0.));
#6629=DIRECTION('',(0.,0.,-1.));
#6630=DIRECTION('center_axis',(0.,0.,-1.));
#6631=DIRECTION('ref_axis',(0.306580421620853,0.951844758917535,0.));
#6632=DIRECTION('center_axis',(0.,0.,-1.));
#6633=DIRECTION('ref_axis',(0.306580421620853,0.951844758917535,0.));
#6634=DIRECTION('center_axis',(0.,0.,1.));
#6635=DIRECTION('ref_axis',(0.306580421620853,0.951844758917535,0.));
#6636=DIRECTION('',(0.,0.,-1.));
#6637=DIRECTION('center_axis',(-0.306580421620853,-0.951844758917535,0.));
#6638=DIRECTION('ref_axis',(-0.951844758917535,0.306580421620853,0.));
#6639=DIRECTION('',(0.951844758917535,-0.306580421620853,0.));
#6640=DIRECTION('',(-0.951844758917535,0.306580421620853,0.));
#6641=DIRECTION('',(0.,0.,-1.));
#6642=DIRECTION('center_axis',(0.,0.,-1.));
#6643=DIRECTION('ref_axis',(0.306580421620853,-0.951844758917535,0.));
#6644=DIRECTION('center_axis',(0.,0.,-1.));
#6645=DIRECTION('ref_axis',(0.306580421620853,-0.951844758917535,0.));
#6646=DIRECTION('center_axis',(0.,0.,1.));
#6647=DIRECTION('ref_axis',(0.306580421620853,-0.951844758917535,0.));
#6648=DIRECTION('',(0.,0.,-1.));
#6649=DIRECTION('center_axis',(-0.306580421620853,0.951844758917535,0.));
#6650=DIRECTION('ref_axis',(0.951844758917535,0.306580421620853,0.));
#6651=DIRECTION('',(-0.951844758917535,-0.306580421620853,0.));
#6652=DIRECTION('',(0.951844758917535,0.306580421620853,0.));
#6653=DIRECTION('',(0.,0.,-1.));
#6654=DIRECTION('center_axis',(0.,0.,-1.));
#6655=DIRECTION('ref_axis',(-0.306580421620852,-0.951844758917535,0.));
#6656=DIRECTION('center_axis',(0.,0.,-1.));
#6657=DIRECTION('ref_axis',(-0.306580421620852,-0.951844758917535,0.));
#6658=DIRECTION('center_axis',(0.,0.,1.));
#6659=DIRECTION('ref_axis',(-0.306580421620852,-0.951844758917535,0.));
#6660=DIRECTION('center_axis',(0.306580421620853,-0.951844758917535,0.));
#6661=DIRECTION('ref_axis',(-0.951844758917535,-0.306580421620853,0.));
#6662=DIRECTION('',(0.951844758917535,0.306580421620853,0.));
#6663=DIRECTION('',(0.,0.,-1.));
#6664=DIRECTION('',(-0.951844758917535,-0.306580421620853,0.));
#6665=DIRECTION('',(0.,0.,-1.));
#6666=DIRECTION('center_axis',(0.,0.,-1.));
#6667=DIRECTION('ref_axis',(0.306580421620854,-0.951844758917535,0.));
#6668=DIRECTION('center_axis',(0.,0.,1.));
#6669=DIRECTION('ref_axis',(0.306580421620854,-0.951844758917535,0.));
#6670=DIRECTION('center_axis',(0.,0.,-1.));
#6671=DIRECTION('ref_axis',(0.306580421620854,-0.951844758917535,0.));
#6672=DIRECTION('',(0.,0.,-1.));
#6673=DIRECTION('center_axis',(0.306580421620853,0.951844758917535,0.));
#6674=DIRECTION('ref_axis',(0.951844758917535,-0.306580421620853,0.));
#6675=DIRECTION('',(0.951844758917535,-0.306580421620853,0.));
#6676=DIRECTION('',(0.951844758917535,-0.306580421620853,0.));
#6677=DIRECTION('',(0.,0.,-1.));
#6678=DIRECTION('center_axis',(0.,0.,-1.));
#6679=DIRECTION('ref_axis',(0.306580421620853,0.951844758917535,0.));
#6680=DIRECTION('center_axis',(0.,0.,1.));
#6681=DIRECTION('ref_axis',(0.306580421620853,0.951844758917535,0.));
#6682=DIRECTION('center_axis',(0.,0.,-1.));
#6683=DIRECTION('ref_axis',(0.306580421620853,0.951844758917535,0.));
#6684=DIRECTION('',(0.,0.,-1.));
#6685=DIRECTION('center_axis',(-0.306580421620853,0.951844758917535,0.));
#6686=DIRECTION('ref_axis',(0.951844758917535,0.306580421620853,0.));
#6687=DIRECTION('',(-0.951844758917535,-0.306580421620853,0.));
#6688=DIRECTION('',(0.951844758917535,0.306580421620853,0.));
#6689=DIRECTION('',(0.,0.,-1.));
#6690=DIRECTION('center_axis',(0.,0.,-1.));
#6691=DIRECTION('ref_axis',(-0.306580421620852,0.951844758917535,0.));
#6692=DIRECTION('center_axis',(0.,0.,1.));
#6693=DIRECTION('ref_axis',(-0.306580421620852,0.951844758917535,0.));
#6694=DIRECTION('center_axis',(0.,0.,-1.));
#6695=DIRECTION('ref_axis',(-0.306580421620852,0.951844758917535,0.));
#6696=DIRECTION('',(0.,0.,-1.));
#6697=DIRECTION('center_axis',(-0.306580421620853,-0.951844758917535,0.));
#6698=DIRECTION('ref_axis',(-0.951844758917535,0.306580421620853,0.));
#6699=DIRECTION('',(-0.951844758917535,0.306580421620853,0.));
#6700=DIRECTION('',(-0.951844758917535,0.306580421620853,0.));
#6701=DIRECTION('',(0.,0.,-1.));
#6702=DIRECTION('center_axis',(0.,0.,-1.));
#6703=DIRECTION('ref_axis',(-0.306580421620852,-0.951844758917535,0.));
#6704=DIRECTION('center_axis',(0.,0.,1.));
#6705=DIRECTION('ref_axis',(-0.306580421620852,-0.951844758917535,0.));
#6706=DIRECTION('center_axis',(0.,0.,-1.));
#6707=DIRECTION('ref_axis',(-0.306580421620852,-0.951844758917535,0.));
#6708=DIRECTION('center_axis',(0.,0.,1.));
#6709=DIRECTION('ref_axis',(1.,0.,0.));
#6710=DIRECTION('center_axis',(0.,0.,1.));
#6711=DIRECTION('ref_axis',(1.,0.,0.));
#6712=DIRECTION('center_axis',(0.,0.,-1.));
#6713=DIRECTION('ref_axis',(-5.32759834994917E-6,0.999999999985808,0.));
#6714=DIRECTION('',(0.,0.,-1.));
#6715=DIRECTION('center_axis',(0.,0.,-1.));
#6716=DIRECTION('ref_axis',(1.,0.,0.));
#6717=DIRECTION('',(0.,0.,1.));
#6718=DIRECTION('center_axis',(0.,0.,1.));
#6719=DIRECTION('ref_axis',(1.,0.,0.));
#6720=DIRECTION('center_axis',(0.,0.,-1.));
#6721=DIRECTION('ref_axis',(-1.83697019872103E-16,-1.,0.));
#6722=DIRECTION('center_axis',(0.,0.,-1.));
#6723=DIRECTION('ref_axis',(1.,0.,0.));
#6724=DIRECTION('center_axis',(0.,0.,1.));
#6725=DIRECTION('ref_axis',(1.,0.,0.));
#6726=DIRECTION('center_axis',(0.,0.,-1.));
#6727=DIRECTION('ref_axis',(1.,0.,0.));
#6728=DIRECTION('center_axis',(0.,0.,-1.));
#6729=DIRECTION('ref_axis',(1.,0.,0.));
#6730=DIRECTION('',(0.,0.,-1.));
#6731=DIRECTION('center_axis',(0.,0.,1.));
#6732=DIRECTION('ref_axis',(1.,0.,0.));
#6733=DIRECTION('center_axis',(0.,0.,-1.));
#6734=DIRECTION('ref_axis',(1.,0.,0.));
#6735=DIRECTION('center_axis',(0.,0.,-1.));
#6736=DIRECTION('ref_axis',(1.,0.,0.));
#6737=DIRECTION('',(0.,0.,-1.));
#6738=DIRECTION('center_axis',(0.,0.,1.));
#6739=DIRECTION('ref_axis',(1.,0.,0.));
#6740=DIRECTION('center_axis',(0.,0.,-1.));
#6741=DIRECTION('ref_axis',(1.,0.,0.));
#6742=DIRECTION('center_axis',(0.,0.,-1.));
#6743=DIRECTION('ref_axis',(1.,0.,0.));
#6744=DIRECTION('',(0.,0.,-1.));
#6745=DIRECTION('center_axis',(0.,0.,1.));
#6746=DIRECTION('ref_axis',(1.,0.,0.));
#6747=DIRECTION('center_axis',(0.,0.,-1.));
#6748=DIRECTION('ref_axis',(1.,0.,0.));
#6749=DIRECTION('center_axis',(0.,0.,-1.));
#6750=DIRECTION('ref_axis',(1.,0.,0.));
#6751=DIRECTION('',(0.,0.,-1.));
#6752=DIRECTION('center_axis',(0.,0.,1.));
#6753=DIRECTION('ref_axis',(1.,0.,0.));
#6754=DIRECTION('center_axis',(0.,0.,-1.));
#6755=DIRECTION('ref_axis',(1.,0.,0.));
#6756=DIRECTION('center_axis',(0.,0.,-1.));
#6757=DIRECTION('ref_axis',(1.,0.,0.));
#6758=DIRECTION('',(0.,0.,-1.));
#6759=DIRECTION('center_axis',(0.,0.,1.));
#6760=DIRECTION('ref_axis',(1.,0.,0.));
#6761=DIRECTION('center_axis',(0.,0.,-1.));
#6762=DIRECTION('ref_axis',(1.,0.,0.));
#6763=DIRECTION('center_axis',(0.,0.,-1.));
#6764=DIRECTION('ref_axis',(1.,0.,0.));
#6765=DIRECTION('',(0.,0.,-1.));
#6766=DIRECTION('center_axis',(0.,0.,1.));
#6767=DIRECTION('ref_axis',(1.,0.,0.));
#6768=DIRECTION('center_axis',(0.,0.,-1.));
#6769=DIRECTION('ref_axis',(1.,0.,0.));
#6770=DIRECTION('center_axis',(0.,0.,-1.));
#6771=DIRECTION('ref_axis',(1.,0.,0.));
#6772=DIRECTION('',(0.,0.,-1.));
#6773=DIRECTION('center_axis',(0.,0.,1.));
#6774=DIRECTION('ref_axis',(1.,0.,0.));
#6775=DIRECTION('center_axis',(0.,0.,-1.));
#6776=DIRECTION('ref_axis',(1.,0.,0.));
#6777=DIRECTION('center_axis',(0.,0.,-1.));
#6778=DIRECTION('ref_axis',(1.,0.,0.));
#6779=DIRECTION('',(0.,0.,-1.));
#6780=DIRECTION('center_axis',(0.,0.,1.));
#6781=DIRECTION('ref_axis',(1.,0.,0.));
#6782=DIRECTION('center_axis',(0.,0.,-1.));
#6783=DIRECTION('ref_axis',(1.,0.,0.));
#6784=DIRECTION('center_axis',(0.,0.,-1.));
#6785=DIRECTION('ref_axis',(1.,0.,0.));
#6786=DIRECTION('',(0.,0.,-1.));
#6787=DIRECTION('center_axis',(0.,0.,1.));
#6788=DIRECTION('ref_axis',(1.,0.,0.));
#6789=DIRECTION('center_axis',(0.,0.,-1.));
#6790=DIRECTION('ref_axis',(1.,0.,0.));
#6791=DIRECTION('center_axis',(0.,0.,-1.));
#6792=DIRECTION('ref_axis',(1.,0.,0.));
#6793=DIRECTION('',(0.,0.,-1.));
#6794=DIRECTION('center_axis',(0.,0.,1.));
#6795=DIRECTION('ref_axis',(1.,0.,0.));
#6796=DIRECTION('center_axis',(0.,0.,-1.));
#6797=DIRECTION('ref_axis',(1.,0.,0.));
#6798=DIRECTION('center_axis',(0.,0.,-1.));
#6799=DIRECTION('ref_axis',(1.,0.,0.));
#6800=DIRECTION('',(0.,0.,-1.));
#6801=DIRECTION('center_axis',(0.,0.,1.));
#6802=DIRECTION('ref_axis',(1.,0.,0.));
#6803=DIRECTION('center_axis',(0.,0.,-1.));
#6804=DIRECTION('ref_axis',(1.,0.,0.));
#6805=DIRECTION('center_axis',(0.,0.,-1.));
#6806=DIRECTION('ref_axis',(1.,0.,0.));
#6807=DIRECTION('',(0.,0.,-1.));
#6808=DIRECTION('center_axis',(0.,0.,1.));
#6809=DIRECTION('ref_axis',(1.,0.,0.));
#6810=DIRECTION('center_axis',(0.,0.,-1.));
#6811=DIRECTION('ref_axis',(1.,0.,0.));
#6812=DIRECTION('center_axis',(0.,0.,-1.));
#6813=DIRECTION('ref_axis',(1.,0.,0.));
#6814=DIRECTION('',(0.,0.,-1.));
#6815=DIRECTION('center_axis',(0.,0.,1.));
#6816=DIRECTION('ref_axis',(1.,0.,0.));
#6817=DIRECTION('center_axis',(0.306580421620853,0.951844758917535,0.));
#6818=DIRECTION('ref_axis',(0.951844758917535,-0.306580421620853,0.));
#6819=DIRECTION('',(-0.951844758917535,0.306580421620853,0.));
#6820=DIRECTION('',(0.,0.,-1.));
#6821=DIRECTION('',(0.951844758917535,-0.306580421620853,0.));
#6822=DIRECTION('',(0.,0.,-1.));
#6823=DIRECTION('center_axis',(0.,0.,-1.));
#6824=DIRECTION('ref_axis',(-0.306580421620852,0.951844758917535,0.));
#6825=DIRECTION('center_axis',(0.,0.,-1.));
#6826=DIRECTION('ref_axis',(-0.306580421620852,0.951844758917535,0.));
#6827=DIRECTION('center_axis',(0.,0.,1.));
#6828=DIRECTION('ref_axis',(-0.306580421620852,0.951844758917535,0.));
#6829=DIRECTION('',(0.,0.,-1.));
#6830=DIRECTION('center_axis',(0.306580421620853,-0.951844758917535,0.));
#6831=DIRECTION('ref_axis',(-0.951844758917535,-0.306580421620853,0.));
#6832=DIRECTION('',(0.951844758917535,0.306580421620853,0.));
#6833=DIRECTION('',(-0.951844758917535,-0.306580421620853,0.));
#6834=DIRECTION('',(0.,0.,-1.));
#6835=DIRECTION('center_axis',(0.,0.,-1.));
#6836=DIRECTION('ref_axis',(0.306580421620853,0.951844758917535,0.));
#6837=DIRECTION('center_axis',(0.,0.,-1.));
#6838=DIRECTION('ref_axis',(0.306580421620853,0.951844758917535,0.));
#6839=DIRECTION('center_axis',(0.,0.,1.));
#6840=DIRECTION('ref_axis',(0.306580421620853,0.951844758917535,0.));
#6841=DIRECTION('',(0.,0.,-1.));
#6842=DIRECTION('center_axis',(-0.306580421620853,-0.951844758917535,0.));
#6843=DIRECTION('ref_axis',(-0.951844758917535,0.306580421620853,0.));
#6844=DIRECTION('',(0.951844758917535,-0.306580421620853,0.));
#6845=DIRECTION('',(-0.951844758917535,0.306580421620853,0.));
#6846=DIRECTION('',(0.,0.,-1.));
#6847=DIRECTION('center_axis',(0.,0.,-1.));
#6848=DIRECTION('ref_axis',(0.306580421620853,-0.951844758917535,0.));
#6849=DIRECTION('center_axis',(0.,0.,-1.));
#6850=DIRECTION('ref_axis',(0.306580421620853,-0.951844758917535,0.));
#6851=DIRECTION('center_axis',(0.,0.,1.));
#6852=DIRECTION('ref_axis',(0.306580421620853,-0.951844758917535,0.));
#6853=DIRECTION('',(0.,0.,-1.));
#6854=DIRECTION('center_axis',(-0.306580421620853,0.951844758917535,0.));
#6855=DIRECTION('ref_axis',(0.951844758917535,0.306580421620853,0.));
#6856=DIRECTION('',(-0.951844758917535,-0.306580421620853,0.));
#6857=DIRECTION('',(0.951844758917535,0.306580421620853,0.));
#6858=DIRECTION('',(0.,0.,-1.));
#6859=DIRECTION('center_axis',(0.,0.,-1.));
#6860=DIRECTION('ref_axis',(-0.306580421620852,-0.951844758917535,0.));
#6861=DIRECTION('center_axis',(0.,0.,-1.));
#6862=DIRECTION('ref_axis',(-0.306580421620852,-0.951844758917535,0.));
#6863=DIRECTION('center_axis',(0.,0.,1.));
#6864=DIRECTION('ref_axis',(-0.306580421620852,-0.951844758917535,0.));
#6865=DIRECTION('center_axis',(0.306580421620853,-0.951844758917535,0.));
#6866=DIRECTION('ref_axis',(-0.951844758917535,-0.306580421620853,0.));
#6867=DIRECTION('',(0.951844758917535,0.306580421620853,0.));
#6868=DIRECTION('',(0.,0.,-1.));
#6869=DIRECTION('',(-0.951844758917535,-0.306580421620853,0.));
#6870=DIRECTION('',(0.,0.,-1.));
#6871=DIRECTION('center_axis',(0.,0.,-1.));
#6872=DIRECTION('ref_axis',(0.306580421620854,-0.951844758917535,0.));
#6873=DIRECTION('center_axis',(0.,0.,1.));
#6874=DIRECTION('ref_axis',(0.306580421620854,-0.951844758917535,0.));
#6875=DIRECTION('center_axis',(0.,0.,-1.));
#6876=DIRECTION('ref_axis',(0.306580421620854,-0.951844758917535,0.));
#6877=DIRECTION('',(0.,0.,-1.));
#6878=DIRECTION('center_axis',(0.306580421620853,0.951844758917535,0.));
#6879=DIRECTION('ref_axis',(0.951844758917535,-0.306580421620853,0.));
#6880=DIRECTION('',(0.951844758917535,-0.306580421620853,0.));
#6881=DIRECTION('',(0.951844758917535,-0.306580421620853,0.));
#6882=DIRECTION('',(0.,0.,-1.));
#6883=DIRECTION('center_axis',(0.,0.,-1.));
#6884=DIRECTION('ref_axis',(0.306580421620853,0.951844758917535,0.));
#6885=DIRECTION('center_axis',(0.,0.,1.));
#6886=DIRECTION('ref_axis',(0.306580421620853,0.951844758917535,0.));
#6887=DIRECTION('center_axis',(0.,0.,-1.));
#6888=DIRECTION('ref_axis',(0.306580421620853,0.951844758917535,0.));
#6889=DIRECTION('',(0.,0.,-1.));
#6890=DIRECTION('center_axis',(-0.306580421620853,0.951844758917535,0.));
#6891=DIRECTION('ref_axis',(0.951844758917535,0.306580421620853,0.));
#6892=DIRECTION('',(-0.951844758917535,-0.306580421620853,0.));
#6893=DIRECTION('',(0.951844758917535,0.306580421620853,0.));
#6894=DIRECTION('',(0.,0.,-1.));
#6895=DIRECTION('center_axis',(0.,0.,-1.));
#6896=DIRECTION('ref_axis',(-0.306580421620852,0.951844758917535,0.));
#6897=DIRECTION('center_axis',(0.,0.,1.));
#6898=DIRECTION('ref_axis',(-0.306580421620852,0.951844758917535,0.));
#6899=DIRECTION('center_axis',(0.,0.,-1.));
#6900=DIRECTION('ref_axis',(-0.306580421620852,0.951844758917535,0.));
#6901=DIRECTION('',(0.,0.,-1.));
#6902=DIRECTION('center_axis',(-0.306580421620853,-0.951844758917535,0.));
#6903=DIRECTION('ref_axis',(-0.951844758917535,0.306580421620853,0.));
#6904=DIRECTION('',(-0.951844758917535,0.306580421620853,0.));
#6905=DIRECTION('',(-0.951844758917535,0.306580421620853,0.));
#6906=DIRECTION('',(0.,0.,-1.));
#6907=DIRECTION('center_axis',(0.,0.,-1.));
#6908=DIRECTION('ref_axis',(-0.306580421620852,-0.951844758917535,0.));
#6909=DIRECTION('center_axis',(0.,0.,1.));
#6910=DIRECTION('ref_axis',(-0.306580421620852,-0.951844758917535,0.));
#6911=DIRECTION('center_axis',(0.,0.,-1.));
#6912=DIRECTION('ref_axis',(-0.306580421620852,-0.951844758917535,0.));
#6913=DIRECTION('center_axis',(0.,0.,1.));
#6914=DIRECTION('ref_axis',(1.,0.,0.));
#6915=DIRECTION('center_axis',(0.,0.,1.));
#6916=DIRECTION('ref_axis',(1.,0.,0.));
#6917=DIRECTION('center_axis',(0.,0.,-1.));
#6918=DIRECTION('ref_axis',(1.,0.,0.));
#6919=DIRECTION('center_axis',(0.,0.,1.));
#6920=DIRECTION('ref_axis',(1.,0.,0.));
#6921=DIRECTION('',(0.,0.,-1.));
#6922=DIRECTION('center_axis',(0.,0.,1.));
#6923=DIRECTION('ref_axis',(1.,0.,0.));
#6924=DIRECTION('center_axis',(0.,0.,-1.));
#6925=DIRECTION('ref_axis',(1.,0.,0.));
#6926=DIRECTION('center_axis',(0.,0.,-1.));
#6927=DIRECTION('ref_axis',(1.,0.,0.));
#6928=DIRECTION('',(0.,0.,-1.));
#6929=DIRECTION('center_axis',(0.,0.,-1.));
#6930=DIRECTION('ref_axis',(1.,0.,0.));
#6931=DIRECTION('center_axis',(0.,0.,1.));
#6932=DIRECTION('ref_axis',(1.,0.,0.));
#6933=DIRECTION('center_axis',(0.,0.,-1.));
#6934=DIRECTION('ref_axis',(1.,0.,0.));
#6935=DIRECTION('center_axis',(0.,0.,1.));
#6936=DIRECTION('ref_axis',(1.,0.,0.));
#6937=DIRECTION('',(0.,0.,-1.));
#6938=DIRECTION('center_axis',(0.,0.,1.));
#6939=DIRECTION('ref_axis',(1.,0.,0.));
#6940=DIRECTION('center_axis',(0.,0.,-1.));
#6941=DIRECTION('ref_axis',(1.,0.,0.));
#6942=DIRECTION('center_axis',(0.,0.,-1.));
#6943=DIRECTION('ref_axis',(1.,0.,0.));
#6944=DIRECTION('',(0.,0.,-1.));
#6945=DIRECTION('center_axis',(0.,0.,-1.));
#6946=DIRECTION('ref_axis',(1.,0.,0.));
#6947=DIRECTION('center_axis',(0.,0.,1.));
#6948=DIRECTION('ref_axis',(1.,0.,0.));
#6949=DIRECTION('center_axis',(0.,0.,-1.));
#6950=DIRECTION('ref_axis',(1.,0.,0.));
#6951=DIRECTION('center_axis',(0.,0.,1.));
#6952=DIRECTION('ref_axis',(1.,0.,0.));
#6953=DIRECTION('',(0.,0.,-1.));
#6954=DIRECTION('center_axis',(0.,0.,1.));
#6955=DIRECTION('ref_axis',(1.,0.,0.));
#6956=DIRECTION('center_axis',(0.,0.,-1.));
#6957=DIRECTION('ref_axis',(1.,0.,0.));
#6958=DIRECTION('center_axis',(0.,0.,-1.));
#6959=DIRECTION('ref_axis',(1.,0.,0.));
#6960=DIRECTION('',(0.,0.,-1.));
#6961=DIRECTION('center_axis',(0.,0.,-1.));
#6962=DIRECTION('ref_axis',(1.,0.,0.));
#6963=DIRECTION('center_axis',(0.,0.,1.));
#6964=DIRECTION('ref_axis',(1.,0.,0.));
#6965=DIRECTION('center_axis',(0.,0.,-1.));
#6966=DIRECTION('ref_axis',(1.,0.,0.));
#6967=DIRECTION('center_axis',(0.,0.,1.));
#6968=DIRECTION('ref_axis',(1.,0.,0.));
#6969=DIRECTION('',(0.,0.,-1.));
#6970=DIRECTION('center_axis',(0.,0.,1.));
#6971=DIRECTION('ref_axis',(1.,0.,0.));
#6972=DIRECTION('center_axis',(0.,0.,-1.));
#6973=DIRECTION('ref_axis',(1.,0.,0.));
#6974=DIRECTION('center_axis',(0.,0.,-1.));
#6975=DIRECTION('ref_axis',(1.,0.,0.));
#6976=DIRECTION('',(0.,0.,-1.));
#6977=DIRECTION('center_axis',(0.,0.,-1.));
#6978=DIRECTION('ref_axis',(1.,0.,0.));
#6979=DIRECTION('center_axis',(0.,0.,1.));
#6980=DIRECTION('ref_axis',(1.,0.,0.));
#6981=DIRECTION('center_axis',(0.,0.,-1.));
#6982=DIRECTION('ref_axis',(1.,0.,0.));
#6983=DIRECTION('center_axis',(0.,0.,1.));
#6984=DIRECTION('ref_axis',(1.,0.,0.));
#6985=DIRECTION('',(0.,0.,-1.));
#6986=DIRECTION('center_axis',(0.,0.,1.));
#6987=DIRECTION('ref_axis',(1.,0.,0.));
#6988=DIRECTION('center_axis',(0.,0.,-1.));
#6989=DIRECTION('ref_axis',(1.,0.,0.));
#6990=DIRECTION('center_axis',(0.,0.,-1.));
#6991=DIRECTION('ref_axis',(1.,0.,0.));
#6992=DIRECTION('',(0.,0.,-1.));
#6993=DIRECTION('center_axis',(0.,0.,-1.));
#6994=DIRECTION('ref_axis',(1.,0.,0.));
#6995=DIRECTION('center_axis',(0.,0.,1.));
#6996=DIRECTION('ref_axis',(1.,0.,0.));
#6997=DIRECTION('center_axis',(0.,0.,-1.));
#6998=DIRECTION('ref_axis',(1.,0.,0.));
#6999=DIRECTION('center_axis',(0.,0.,1.));
#7000=DIRECTION('ref_axis',(1.,0.,0.));
#7001=DIRECTION('',(0.,0.,-1.));
#7002=DIRECTION('center_axis',(0.,0.,1.));
#7003=DIRECTION('ref_axis',(1.,0.,0.));
#7004=DIRECTION('center_axis',(0.,0.,-1.));
#7005=DIRECTION('ref_axis',(1.,0.,0.));
#7006=DIRECTION('center_axis',(0.,0.,-1.));
#7007=DIRECTION('ref_axis',(1.,0.,0.));
#7008=DIRECTION('',(0.,0.,-1.));
#7009=DIRECTION('center_axis',(0.,0.,-1.));
#7010=DIRECTION('ref_axis',(1.,0.,0.));
#7011=DIRECTION('center_axis',(0.,0.,1.));
#7012=DIRECTION('ref_axis',(1.,0.,0.));
#7013=DIRECTION('center_axis',(0.,0.,-1.));
#7014=DIRECTION('ref_axis',(1.,0.,0.));
#7015=DIRECTION('center_axis',(0.,0.,1.));
#7016=DIRECTION('ref_axis',(1.,0.,0.));
#7017=DIRECTION('',(0.,0.,-1.));
#7018=DIRECTION('center_axis',(0.,0.,1.));
#7019=DIRECTION('ref_axis',(1.,0.,0.));
#7020=DIRECTION('center_axis',(0.,0.,-1.));
#7021=DIRECTION('ref_axis',(1.,0.,0.));
#7022=DIRECTION('center_axis',(0.,0.,-1.));
#7023=DIRECTION('ref_axis',(1.,0.,0.));
#7024=DIRECTION('',(0.,0.,-1.));
#7025=DIRECTION('center_axis',(0.,0.,-1.));
#7026=DIRECTION('ref_axis',(1.,0.,0.));
#7027=DIRECTION('center_axis',(0.,0.,1.));
#7028=DIRECTION('ref_axis',(1.,0.,0.));
#7029=DIRECTION('center_axis',(0.,0.,-1.));
#7030=DIRECTION('ref_axis',(1.,0.,0.));
#7031=DIRECTION('center_axis',(0.,0.,1.));
#7032=DIRECTION('ref_axis',(1.,0.,0.));
#7033=DIRECTION('',(0.,0.,-1.));
#7034=DIRECTION('center_axis',(0.,0.,1.));
#7035=DIRECTION('ref_axis',(1.,0.,0.));
#7036=DIRECTION('center_axis',(0.,0.,-1.));
#7037=DIRECTION('ref_axis',(1.,0.,0.));
#7038=DIRECTION('center_axis',(0.,0.,-1.));
#7039=DIRECTION('ref_axis',(1.,0.,0.));
#7040=DIRECTION('',(0.,0.,-1.));
#7041=DIRECTION('center_axis',(0.,0.,-1.));
#7042=DIRECTION('ref_axis',(1.,0.,0.));
#7043=DIRECTION('center_axis',(0.,0.,1.));
#7044=DIRECTION('ref_axis',(1.,0.,0.));
#7045=DIRECTION('center_axis',(0.,0.,-1.));
#7046=DIRECTION('ref_axis',(1.,0.,0.));
#7047=DIRECTION('center_axis',(0.,0.,1.));
#7048=DIRECTION('ref_axis',(1.,0.,0.));
#7049=DIRECTION('',(0.,0.,-1.));
#7050=DIRECTION('center_axis',(0.,0.,1.));
#7051=DIRECTION('ref_axis',(1.,0.,0.));
#7052=DIRECTION('center_axis',(0.,0.,-1.));
#7053=DIRECTION('ref_axis',(1.,0.,0.));
#7054=DIRECTION('center_axis',(0.,0.,-1.));
#7055=DIRECTION('ref_axis',(1.,0.,0.));
#7056=DIRECTION('',(0.,0.,-1.));
#7057=DIRECTION('center_axis',(0.,0.,-1.));
#7058=DIRECTION('ref_axis',(1.,0.,0.));
#7059=DIRECTION('center_axis',(0.,0.,1.));
#7060=DIRECTION('ref_axis',(1.,0.,0.));
#7061=DIRECTION('center_axis',(0.,0.,-1.));
#7062=DIRECTION('ref_axis',(1.,0.,0.));
#7063=DIRECTION('center_axis',(0.,0.,1.));
#7064=DIRECTION('ref_axis',(1.,0.,0.));
#7065=DIRECTION('',(0.,0.,-1.));
#7066=DIRECTION('center_axis',(0.,0.,1.));
#7067=DIRECTION('ref_axis',(1.,0.,0.));
#7068=DIRECTION('center_axis',(0.,0.,-1.));
#7069=DIRECTION('ref_axis',(1.,0.,0.));
#7070=DIRECTION('center_axis',(0.,0.,-1.));
#7071=DIRECTION('ref_axis',(1.,0.,0.));
#7072=DIRECTION('',(0.,0.,-1.));
#7073=DIRECTION('center_axis',(0.,0.,-1.));
#7074=DIRECTION('ref_axis',(1.,0.,0.));
#7075=DIRECTION('center_axis',(0.,0.,1.));
#7076=DIRECTION('ref_axis',(1.,0.,0.));
#7077=DIRECTION('center_axis',(0.,0.,-1.));
#7078=DIRECTION('ref_axis',(1.,0.,0.));
#7079=DIRECTION('center_axis',(0.,0.,1.));
#7080=DIRECTION('ref_axis',(1.,0.,0.));
#7081=DIRECTION('',(0.,0.,-1.));
#7082=DIRECTION('center_axis',(0.,0.,1.));
#7083=DIRECTION('ref_axis',(1.,0.,0.));
#7084=DIRECTION('center_axis',(0.,0.,-1.));
#7085=DIRECTION('ref_axis',(1.,0.,0.));
#7086=DIRECTION('center_axis',(0.,0.,-1.));
#7087=DIRECTION('ref_axis',(1.,0.,0.));
#7088=DIRECTION('',(0.,0.,-1.));
#7089=DIRECTION('center_axis',(0.,0.,-1.));
#7090=DIRECTION('ref_axis',(1.,0.,0.));
#7091=DIRECTION('center_axis',(0.,0.,1.));
#7092=DIRECTION('ref_axis',(1.,0.,0.));
#7093=DIRECTION('center_axis',(0.,0.,-1.));
#7094=DIRECTION('ref_axis',(1.,0.,0.));
#7095=DIRECTION('center_axis',(0.,0.,1.));
#7096=DIRECTION('ref_axis',(1.,0.,0.));
#7097=DIRECTION('',(0.,0.,-1.));
#7098=DIRECTION('center_axis',(0.,0.,1.));
#7099=DIRECTION('ref_axis',(1.,0.,0.));
#7100=DIRECTION('center_axis',(0.,0.,-1.));
#7101=DIRECTION('ref_axis',(1.,0.,0.));
#7102=DIRECTION('center_axis',(0.,0.,-1.));
#7103=DIRECTION('ref_axis',(1.,0.,0.));
#7104=DIRECTION('',(0.,0.,-1.));
#7105=DIRECTION('center_axis',(0.,0.,-1.));
#7106=DIRECTION('ref_axis',(1.,0.,0.));
#7107=DIRECTION('center_axis',(0.,0.,1.));
#7108=DIRECTION('ref_axis',(1.,0.,0.));
#7109=DIRECTION('center_axis',(0.,0.,-1.));
#7110=DIRECTION('ref_axis',(1.,0.,0.));
#7111=DIRECTION('center_axis',(0.,0.,1.));
#7112=DIRECTION('ref_axis',(1.,0.,0.));
#7113=DIRECTION('',(0.,0.,-1.));
#7114=DIRECTION('center_axis',(0.,0.,1.));
#7115=DIRECTION('ref_axis',(1.,0.,0.));
#7116=DIRECTION('center_axis',(0.,0.,-1.));
#7117=DIRECTION('ref_axis',(1.,0.,0.));
#7118=DIRECTION('center_axis',(0.,0.,-1.));
#7119=DIRECTION('ref_axis',(1.,0.,0.));
#7120=DIRECTION('',(0.,0.,-1.));
#7121=DIRECTION('center_axis',(0.,0.,-1.));
#7122=DIRECTION('ref_axis',(1.,0.,0.));
#7123=DIRECTION('center_axis',(0.,0.,1.));
#7124=DIRECTION('ref_axis',(1.,0.,0.));
#7125=DIRECTION('center_axis',(0.,0.,-1.));
#7126=DIRECTION('ref_axis',(1.,0.,0.));
#7127=DIRECTION('center_axis',(0.,0.,1.));
#7128=DIRECTION('ref_axis',(1.,0.,0.));
#7129=DIRECTION('',(0.,0.,-1.));
#7130=DIRECTION('center_axis',(0.,0.,1.));
#7131=DIRECTION('ref_axis',(1.,0.,0.));
#7132=DIRECTION('center_axis',(0.,0.,-1.));
#7133=DIRECTION('ref_axis',(1.,0.,0.));
#7134=DIRECTION('center_axis',(0.,0.,-1.));
#7135=DIRECTION('ref_axis',(1.,0.,0.));
#7136=DIRECTION('',(0.,0.,-1.));
#7137=DIRECTION('center_axis',(0.,0.,-1.));
#7138=DIRECTION('ref_axis',(1.,0.,0.));
#7139=DIRECTION('center_axis',(0.,0.,1.));
#7140=DIRECTION('ref_axis',(1.,0.,0.));
#7141=DIRECTION('center_axis',(0.306580421620853,0.951844758917535,0.));
#7142=DIRECTION('ref_axis',(0.951844758917535,-0.306580421620853,0.));
#7143=DIRECTION('',(-0.951844758917535,0.306580421620853,0.));
#7144=DIRECTION('',(0.,0.,-1.));
#7145=DIRECTION('',(0.951844758917535,-0.306580421620853,0.));
#7146=DIRECTION('',(0.,0.,-1.));
#7147=DIRECTION('center_axis',(0.,0.,-1.));
#7148=DIRECTION('ref_axis',(-0.306580421620852,0.951844758917535,0.));
#7149=DIRECTION('center_axis',(0.,0.,-1.));
#7150=DIRECTION('ref_axis',(-0.306580421620852,0.951844758917535,0.));
#7151=DIRECTION('center_axis',(0.,0.,1.));
#7152=DIRECTION('ref_axis',(-0.306580421620852,0.951844758917535,0.));
#7153=DIRECTION('',(0.,0.,-1.));
#7154=DIRECTION('center_axis',(0.306580421620853,-0.951844758917535,0.));
#7155=DIRECTION('ref_axis',(-0.951844758917535,-0.306580421620853,0.));
#7156=DIRECTION('',(0.951844758917535,0.306580421620853,0.));
#7157=DIRECTION('',(-0.951844758917535,-0.306580421620853,0.));
#7158=DIRECTION('',(0.,0.,-1.));
#7159=DIRECTION('center_axis',(0.,0.,-1.));
#7160=DIRECTION('ref_axis',(0.306580421620853,0.951844758917535,0.));
#7161=DIRECTION('center_axis',(0.,0.,-1.));
#7162=DIRECTION('ref_axis',(0.306580421620853,0.951844758917535,0.));
#7163=DIRECTION('center_axis',(0.,0.,1.));
#7164=DIRECTION('ref_axis',(0.306580421620853,0.951844758917535,0.));
#7165=DIRECTION('',(0.,0.,-1.));
#7166=DIRECTION('center_axis',(-0.306580421620853,-0.951844758917535,0.));
#7167=DIRECTION('ref_axis',(-0.951844758917535,0.306580421620853,0.));
#7168=DIRECTION('',(0.951844758917535,-0.306580421620853,0.));
#7169=DIRECTION('',(-0.951844758917535,0.306580421620853,0.));
#7170=DIRECTION('',(0.,0.,-1.));
#7171=DIRECTION('center_axis',(0.,0.,-1.));
#7172=DIRECTION('ref_axis',(0.306580421620853,-0.951844758917535,0.));
#7173=DIRECTION('center_axis',(0.,0.,-1.));
#7174=DIRECTION('ref_axis',(0.306580421620853,-0.951844758917535,0.));
#7175=DIRECTION('center_axis',(0.,0.,1.));
#7176=DIRECTION('ref_axis',(0.306580421620853,-0.951844758917535,0.));
#7177=DIRECTION('',(0.,0.,-1.));
#7178=DIRECTION('center_axis',(-0.306580421620853,0.951844758917535,0.));
#7179=DIRECTION('ref_axis',(0.951844758917535,0.306580421620853,0.));
#7180=DIRECTION('',(-0.951844758917535,-0.306580421620853,0.));
#7181=DIRECTION('',(0.951844758917535,0.306580421620853,0.));
#7182=DIRECTION('',(0.,0.,-1.));
#7183=DIRECTION('center_axis',(0.,0.,-1.));
#7184=DIRECTION('ref_axis',(-0.306580421620852,-0.951844758917535,0.));
#7185=DIRECTION('center_axis',(0.,0.,-1.));
#7186=DIRECTION('ref_axis',(-0.306580421620852,-0.951844758917535,0.));
#7187=DIRECTION('center_axis',(0.,0.,1.));
#7188=DIRECTION('ref_axis',(-0.306580421620852,-0.951844758917535,0.));
#7189=DIRECTION('center_axis',(0.306580421620853,-0.951844758917535,0.));
#7190=DIRECTION('ref_axis',(-0.951844758917535,-0.306580421620853,0.));
#7191=DIRECTION('',(0.951844758917535,0.306580421620853,0.));
#7192=DIRECTION('',(0.,0.,-1.));
#7193=DIRECTION('',(-0.951844758917535,-0.306580421620853,0.));
#7194=DIRECTION('',(0.,0.,-1.));
#7195=DIRECTION('center_axis',(0.,0.,-1.));
#7196=DIRECTION('ref_axis',(0.306580421620854,-0.951844758917535,0.));
#7197=DIRECTION('center_axis',(0.,0.,1.));
#7198=DIRECTION('ref_axis',(0.306580421620854,-0.951844758917535,0.));
#7199=DIRECTION('center_axis',(0.,0.,-1.));
#7200=DIRECTION('ref_axis',(0.306580421620854,-0.951844758917535,0.));
#7201=DIRECTION('',(0.,0.,-1.));
#7202=DIRECTION('center_axis',(0.306580421620853,0.951844758917535,0.));
#7203=DIRECTION('ref_axis',(0.951844758917535,-0.306580421620853,0.));
#7204=DIRECTION('',(0.951844758917535,-0.306580421620853,0.));
#7205=DIRECTION('',(0.951844758917535,-0.306580421620853,0.));
#7206=DIRECTION('',(0.,0.,-1.));
#7207=DIRECTION('center_axis',(0.,0.,-1.));
#7208=DIRECTION('ref_axis',(0.306580421620853,0.951844758917535,0.));
#7209=DIRECTION('center_axis',(0.,0.,1.));
#7210=DIRECTION('ref_axis',(0.306580421620853,0.951844758917535,0.));
#7211=DIRECTION('center_axis',(0.,0.,-1.));
#7212=DIRECTION('ref_axis',(0.306580421620853,0.951844758917535,0.));
#7213=DIRECTION('',(0.,0.,-1.));
#7214=DIRECTION('center_axis',(-0.306580421620853,0.951844758917535,0.));
#7215=DIRECTION('ref_axis',(0.951844758917535,0.306580421620853,0.));
#7216=DIRECTION('',(-0.951844758917535,-0.306580421620853,0.));
#7217=DIRECTION('',(0.951844758917535,0.306580421620853,0.));
#7218=DIRECTION('',(0.,0.,-1.));
#7219=DIRECTION('center_axis',(0.,0.,-1.));
#7220=DIRECTION('ref_axis',(-0.306580421620852,0.951844758917535,0.));
#7221=DIRECTION('center_axis',(0.,0.,1.));
#7222=DIRECTION('ref_axis',(-0.306580421620852,0.951844758917535,0.));
#7223=DIRECTION('center_axis',(0.,0.,-1.));
#7224=DIRECTION('ref_axis',(-0.306580421620852,0.951844758917535,0.));
#7225=DIRECTION('',(0.,0.,-1.));
#7226=DIRECTION('center_axis',(-0.306580421620853,-0.951844758917535,0.));
#7227=DIRECTION('ref_axis',(-0.951844758917535,0.306580421620853,0.));
#7228=DIRECTION('',(-0.951844758917535,0.306580421620853,0.));
#7229=DIRECTION('',(-0.951844758917535,0.306580421620853,0.));
#7230=DIRECTION('',(0.,0.,-1.));
#7231=DIRECTION('center_axis',(0.,0.,-1.));
#7232=DIRECTION('ref_axis',(-0.306580421620852,-0.951844758917535,0.));
#7233=DIRECTION('center_axis',(0.,0.,1.));
#7234=DIRECTION('ref_axis',(-0.306580421620852,-0.951844758917535,0.));
#7235=DIRECTION('center_axis',(0.,0.,-1.));
#7236=DIRECTION('ref_axis',(-0.306580421620852,-0.951844758917535,0.));
#7237=DIRECTION('center_axis',(0.,0.,1.));
#7238=DIRECTION('ref_axis',(1.,0.,0.));
#7239=DIRECTION('center_axis',(0.,0.,1.));
#7240=DIRECTION('ref_axis',(1.,0.,0.));
#7241=DIRECTION('center_axis',(0.,0.,-1.));
#7242=DIRECTION('ref_axis',(1.,0.,0.));
#7243=DIRECTION('center_axis',(0.,0.,1.));
#7244=DIRECTION('ref_axis',(1.,0.,0.));
#7245=DIRECTION('',(0.,0.,1.));
#7246=DIRECTION('center_axis',(0.,0.,-1.));
#7247=DIRECTION('ref_axis',(1.,0.,0.));
#7248=DIRECTION('center_axis',(0.,0.,1.));
#7249=DIRECTION('ref_axis',(1.,0.,0.));
#7250=DIRECTION('center_axis',(0.,0.,-1.));
#7251=DIRECTION('ref_axis',(1.,0.,0.));
#7252=DIRECTION('center_axis',(0.,0.,-1.));
#7253=DIRECTION('ref_axis',(1.,0.,0.));
#7254=DIRECTION('',(0.,0.,-1.));
#7255=DIRECTION('center_axis',(0.,0.,-1.));
#7256=DIRECTION('ref_axis',(1.,0.,0.));
#7257=DIRECTION('center_axis',(0.,0.,1.));
#7258=DIRECTION('ref_axis',(1.,0.,0.));
#7259=DIRECTION('center_axis',(0.,0.,-1.));
#7260=DIRECTION('ref_axis',(1.,0.,0.));
#7261=DIRECTION('center_axis',(0.,0.,1.));
#7262=DIRECTION('ref_axis',(1.,0.,0.));
#7263=DIRECTION('',(0.,0.,1.));
#7264=DIRECTION('center_axis',(0.,0.,-1.));
#7265=DIRECTION('ref_axis',(1.,0.,0.));
#7266=DIRECTION('center_axis',(0.,0.,1.));
#7267=DIRECTION('ref_axis',(1.,0.,0.));
#7268=DIRECTION('center_axis',(0.,0.,-1.));
#7269=DIRECTION('ref_axis',(1.,0.,0.));
#7270=DIRECTION('center_axis',(0.,0.,1.));
#7271=DIRECTION('ref_axis',(1.,0.,0.));
#7272=DIRECTION('',(0.,0.,1.));
#7273=DIRECTION('center_axis',(0.,0.,-1.));
#7274=DIRECTION('ref_axis',(1.,0.,0.));
#7275=DIRECTION('center_axis',(0.,0.,1.));
#7276=DIRECTION('ref_axis',(1.,0.,0.));
#7277=DIRECTION('center_axis',(0.,0.,-1.));
#7278=DIRECTION('ref_axis',(1.,0.,0.));
#7279=DIRECTION('center_axis',(0.,0.,1.));
#7280=DIRECTION('ref_axis',(1.,0.,0.));
#7281=DIRECTION('',(0.,0.,1.));
#7282=DIRECTION('center_axis',(0.,0.,-1.));
#7283=DIRECTION('ref_axis',(1.,0.,0.));
#7284=DIRECTION('center_axis',(0.,0.,1.));
#7285=DIRECTION('ref_axis',(1.,0.,0.));
#7286=DIRECTION('center_axis',(0.,0.,-1.));
#7287=DIRECTION('ref_axis',(1.,0.,0.));
#7288=DIRECTION('center_axis',(0.,0.,1.));
#7289=DIRECTION('ref_axis',(1.,0.,0.));
#7290=DIRECTION('',(0.,0.,1.));
#7291=DIRECTION('center_axis',(0.,0.,-1.));
#7292=DIRECTION('ref_axis',(1.,0.,0.));
#7293=DIRECTION('center_axis',(0.,0.,1.));
#7294=DIRECTION('ref_axis',(1.,0.,0.));
#7295=DIRECTION('center_axis',(0.,0.,-1.));
#7296=DIRECTION('ref_axis',(1.,0.,0.));
#7297=DIRECTION('center_axis',(0.,0.,1.));
#7298=DIRECTION('ref_axis',(1.,0.,0.));
#7299=DIRECTION('',(0.,0.,1.));
#7300=DIRECTION('center_axis',(0.,0.,-1.));
#7301=DIRECTION('ref_axis',(1.,0.,0.));
#7302=DIRECTION('center_axis',(0.,0.,1.));
#7303=DIRECTION('ref_axis',(1.,0.,0.));
#7304=DIRECTION('center_axis',(0.,0.,-1.));
#7305=DIRECTION('ref_axis',(1.,0.,0.));
#7306=DIRECTION('center_axis',(0.,0.,1.));
#7307=DIRECTION('ref_axis',(1.,0.,0.));
#7308=DIRECTION('',(0.,0.,1.));
#7309=DIRECTION('center_axis',(0.,0.,-1.));
#7310=DIRECTION('ref_axis',(1.,0.,0.));
#7311=DIRECTION('center_axis',(0.,0.,1.));
#7312=DIRECTION('ref_axis',(1.,0.,0.));
#7313=DIRECTION('center_axis',(0.,0.,-1.));
#7314=DIRECTION('ref_axis',(1.,0.,0.));
#7315=DIRECTION('center_axis',(0.,0.,1.));
#7316=DIRECTION('ref_axis',(1.,0.,0.));
#7317=DIRECTION('',(0.,0.,1.));
#7318=DIRECTION('center_axis',(0.,0.,-1.));
#7319=DIRECTION('ref_axis',(1.,0.,0.));
#7320=DIRECTION('center_axis',(0.,0.,1.));
#7321=DIRECTION('ref_axis',(1.,0.,0.));
#7322=DIRECTION('center_axis',(0.,0.,-1.));
#7323=DIRECTION('ref_axis',(1.,0.,0.));
#7324=DIRECTION('center_axis',(0.,0.,1.));
#7325=DIRECTION('ref_axis',(1.,0.,0.));
#7326=DIRECTION('',(0.,0.,1.));
#7327=DIRECTION('center_axis',(0.,0.,-1.));
#7328=DIRECTION('ref_axis',(1.,0.,0.));
#7329=DIRECTION('center_axis',(0.,0.,1.));
#7330=DIRECTION('ref_axis',(1.,0.,0.));
#7331=DIRECTION('center_axis',(0.,0.,-1.));
#7332=DIRECTION('ref_axis',(1.,0.,0.));
#7333=DIRECTION('center_axis',(0.,0.,1.));
#7334=DIRECTION('ref_axis',(1.,0.,0.));
#7335=DIRECTION('',(0.,0.,1.));
#7336=DIRECTION('center_axis',(0.,0.,-1.));
#7337=DIRECTION('ref_axis',(1.,0.,0.));
#7338=DIRECTION('center_axis',(0.,0.,1.));
#7339=DIRECTION('ref_axis',(1.,0.,0.));
#7340=DIRECTION('center_axis',(0.,0.,-1.));
#7341=DIRECTION('ref_axis',(1.,0.,0.));
#7342=DIRECTION('center_axis',(0.,0.,1.));
#7343=DIRECTION('ref_axis',(1.,0.,0.));
#7344=DIRECTION('',(0.,0.,1.));
#7345=DIRECTION('center_axis',(0.,0.,-1.));
#7346=DIRECTION('ref_axis',(1.,0.,0.));
#7347=DIRECTION('center_axis',(0.,0.,1.));
#7348=DIRECTION('ref_axis',(1.,0.,0.));
#7349=DIRECTION('center_axis',(0.,0.,-1.));
#7350=DIRECTION('ref_axis',(1.,0.,0.));
#7351=DIRECTION('center_axis',(0.,0.,1.));
#7352=DIRECTION('ref_axis',(1.,0.,0.));
#7353=DIRECTION('',(0.,0.,1.));
#7354=DIRECTION('center_axis',(0.,0.,-1.));
#7355=DIRECTION('ref_axis',(1.,0.,0.));
#7356=DIRECTION('center_axis',(0.,0.,1.));
#7357=DIRECTION('ref_axis',(1.,0.,0.));
#7358=DIRECTION('center_axis',(0.,0.,-1.));
#7359=DIRECTION('ref_axis',(1.,0.,0.));
#7360=DIRECTION('center_axis',(0.,0.,1.));
#7361=DIRECTION('ref_axis',(1.,0.,0.));
#7362=DIRECTION('',(0.,0.,1.));
#7363=DIRECTION('center_axis',(0.,0.,-1.));
#7364=DIRECTION('ref_axis',(1.,0.,0.));
#7365=DIRECTION('center_axis',(0.,0.,1.));
#7366=DIRECTION('ref_axis',(1.,0.,0.));
#7367=DIRECTION('center_axis',(0.,0.,-1.));
#7368=DIRECTION('ref_axis',(1.,0.,0.));
#7369=DIRECTION('center_axis',(0.,0.,1.));
#7370=DIRECTION('ref_axis',(1.,0.,0.));
#7371=DIRECTION('',(0.,0.,1.));
#7372=DIRECTION('center_axis',(0.,0.,-1.));
#7373=DIRECTION('ref_axis',(1.,0.,0.));
#7374=DIRECTION('center_axis',(0.,0.,1.));
#7375=DIRECTION('ref_axis',(1.,0.,0.));
#7376=DIRECTION('center_axis',(0.,0.,-1.));
#7377=DIRECTION('ref_axis',(1.,0.,0.));
#7378=DIRECTION('center_axis',(0.,0.,-1.));
#7379=DIRECTION('ref_axis',(1.,0.,0.));
#7380=DIRECTION('',(0.,0.,-1.));
#7381=DIRECTION('center_axis',(0.,0.,-1.));
#7382=DIRECTION('ref_axis',(1.,0.,0.));
#7383=DIRECTION('center_axis',(0.,0.,1.));
#7384=DIRECTION('ref_axis',(1.,0.,0.));
#7385=DIRECTION('center_axis',(0.,0.,-1.));
#7386=DIRECTION('ref_axis',(1.,0.,0.));
#7387=DIRECTION('center_axis',(0.,0.,-1.));
#7388=DIRECTION('ref_axis',(1.,0.,0.));
#7389=DIRECTION('',(0.,0.,-1.));
#7390=DIRECTION('center_axis',(0.,0.,-1.));
#7391=DIRECTION('ref_axis',(1.,0.,0.));
#7392=DIRECTION('center_axis',(0.,0.,1.));
#7393=DIRECTION('ref_axis',(1.,0.,0.));
#7394=DIRECTION('center_axis',(0.,0.,-1.));
#7395=DIRECTION('ref_axis',(1.,0.,0.));
#7396=DIRECTION('center_axis',(0.,0.,-1.));
#7397=DIRECTION('ref_axis',(1.,0.,0.));
#7398=DIRECTION('',(0.,0.,-1.));
#7399=DIRECTION('center_axis',(0.,0.,-1.));
#7400=DIRECTION('ref_axis',(1.,0.,0.));
#7401=DIRECTION('center_axis',(0.,0.,1.));
#7402=DIRECTION('ref_axis',(1.,0.,0.));
#7403=DIRECTION('center_axis',(0.,0.,-1.));
#7404=DIRECTION('ref_axis',(1.,0.,0.));
#7405=DIRECTION('center_axis',(0.,0.,-1.));
#7406=DIRECTION('ref_axis',(1.,0.,0.));
#7407=DIRECTION('',(0.,0.,-1.));
#7408=DIRECTION('center_axis',(0.,0.,-1.));
#7409=DIRECTION('ref_axis',(1.,0.,0.));
#7410=DIRECTION('center_axis',(0.,0.,1.));
#7411=DIRECTION('ref_axis',(1.,0.,0.));
#7412=DIRECTION('center_axis',(0.,0.,-1.));
#7413=DIRECTION('ref_axis',(1.,0.,0.));
#7414=DIRECTION('center_axis',(0.,0.,-1.));
#7415=DIRECTION('ref_axis',(1.,0.,0.));
#7416=DIRECTION('',(0.,0.,-1.));
#7417=DIRECTION('center_axis',(0.,0.,-1.));
#7418=DIRECTION('ref_axis',(1.,0.,0.));
#7419=DIRECTION('center_axis',(0.,0.,1.));
#7420=DIRECTION('ref_axis',(1.,0.,0.));
#7421=DIRECTION('center_axis',(0.,0.,-1.));
#7422=DIRECTION('ref_axis',(1.,0.,0.));
#7423=DIRECTION('center_axis',(0.,0.,-1.));
#7424=DIRECTION('ref_axis',(1.,0.,0.));
#7425=DIRECTION('',(0.,0.,-1.));
#7426=DIRECTION('center_axis',(0.,0.,-1.));
#7427=DIRECTION('ref_axis',(1.,0.,0.));
#7428=DIRECTION('center_axis',(0.,0.,1.));
#7429=DIRECTION('ref_axis',(1.,0.,0.));
#7430=DIRECTION('center_axis',(0.,0.,-1.));
#7431=DIRECTION('ref_axis',(1.,0.,0.));
#7432=DIRECTION('center_axis',(0.,0.,-1.));
#7433=DIRECTION('ref_axis',(1.,0.,0.));
#7434=DIRECTION('',(0.,0.,-1.));
#7435=DIRECTION('center_axis',(0.,0.,-1.));
#7436=DIRECTION('ref_axis',(1.,0.,0.));
#7437=DIRECTION('center_axis',(0.,0.,1.));
#7438=DIRECTION('ref_axis',(1.,0.,0.));
#7439=DIRECTION('center_axis',(0.,0.,-1.));
#7440=DIRECTION('ref_axis',(1.,0.,0.));
#7441=DIRECTION('center_axis',(0.,0.,-1.));
#7442=DIRECTION('ref_axis',(1.,0.,0.));
#7443=DIRECTION('',(0.,0.,-1.));
#7444=DIRECTION('center_axis',(0.,0.,-1.));
#7445=DIRECTION('ref_axis',(1.,0.,0.));
#7446=DIRECTION('center_axis',(0.,0.,1.));
#7447=DIRECTION('ref_axis',(1.,0.,0.));
#7448=DIRECTION('center_axis',(0.,0.,-1.));
#7449=DIRECTION('ref_axis',(1.,0.,0.));
#7450=DIRECTION('center_axis',(0.,0.,-1.));
#7451=DIRECTION('ref_axis',(1.,0.,0.));
#7452=DIRECTION('',(0.,0.,-1.));
#7453=DIRECTION('center_axis',(0.,0.,-1.));
#7454=DIRECTION('ref_axis',(1.,0.,0.));
#7455=DIRECTION('center_axis',(0.,0.,1.));
#7456=DIRECTION('ref_axis',(1.,0.,0.));
#7457=DIRECTION('center_axis',(0.,0.,-1.));
#7458=DIRECTION('ref_axis',(1.,0.,0.));
#7459=DIRECTION('center_axis',(0.,0.,-1.));
#7460=DIRECTION('ref_axis',(1.,0.,0.));
#7461=DIRECTION('',(0.,0.,-1.));
#7462=DIRECTION('center_axis',(0.,0.,-1.));
#7463=DIRECTION('ref_axis',(1.,0.,0.));
#7464=DIRECTION('center_axis',(0.,0.,1.));
#7465=DIRECTION('ref_axis',(1.,0.,0.));
#7466=DIRECTION('center_axis',(0.,0.,-1.));
#7467=DIRECTION('ref_axis',(1.,0.,0.));
#7468=DIRECTION('center_axis',(0.,0.,-1.));
#7469=DIRECTION('ref_axis',(1.,0.,0.));
#7470=DIRECTION('',(0.,0.,-1.));
#7471=DIRECTION('center_axis',(0.,0.,-1.));
#7472=DIRECTION('ref_axis',(1.,0.,0.));
#7473=DIRECTION('center_axis',(0.,0.,1.));
#7474=DIRECTION('ref_axis',(1.,0.,0.));
#7475=DIRECTION('center_axis',(0.,0.,-1.));
#7476=DIRECTION('ref_axis',(1.,0.,0.));
#7477=DIRECTION('center_axis',(0.,0.,-1.));
#7478=DIRECTION('ref_axis',(1.,0.,0.));
#7479=DIRECTION('',(0.,0.,-1.));
#7480=DIRECTION('center_axis',(0.,0.,-1.));
#7481=DIRECTION('ref_axis',(1.,0.,0.));
#7482=DIRECTION('center_axis',(0.,0.,1.));
#7483=DIRECTION('ref_axis',(1.,0.,0.));
#7484=DIRECTION('center_axis',(0.,0.,-1.));
#7485=DIRECTION('ref_axis',(1.,0.,0.));
#7486=DIRECTION('center_axis',(0.,0.,-1.));
#7487=DIRECTION('ref_axis',(1.,0.,0.));
#7488=DIRECTION('',(0.,0.,-1.));
#7489=DIRECTION('center_axis',(0.,0.,-1.));
#7490=DIRECTION('ref_axis',(1.,0.,0.));
#7491=DIRECTION('center_axis',(0.,0.,1.));
#7492=DIRECTION('ref_axis',(1.,0.,0.));
#7493=DIRECTION('center_axis',(0.306580421620853,0.951844758917535,0.));
#7494=DIRECTION('ref_axis',(0.951844758917535,-0.306580421620853,0.));
#7495=DIRECTION('',(-0.951844758917535,0.306580421620853,0.));
#7496=DIRECTION('',(0.,0.,-1.));
#7497=DIRECTION('',(0.951844758917535,-0.306580421620853,0.));
#7498=DIRECTION('',(0.,0.,-1.));
#7499=DIRECTION('center_axis',(0.,0.,-1.));
#7500=DIRECTION('ref_axis',(-0.306580421620852,0.951844758917535,0.));
#7501=DIRECTION('center_axis',(0.,0.,-1.));
#7502=DIRECTION('ref_axis',(-0.306580421620852,0.951844758917535,0.));
#7503=DIRECTION('center_axis',(0.,0.,1.));
#7504=DIRECTION('ref_axis',(-0.306580421620852,0.951844758917535,0.));
#7505=DIRECTION('',(0.,0.,-1.));
#7506=DIRECTION('center_axis',(0.306580421620853,-0.951844758917535,0.));
#7507=DIRECTION('ref_axis',(-0.951844758917535,-0.306580421620853,0.));
#7508=DIRECTION('',(0.951844758917535,0.306580421620853,0.));
#7509=DIRECTION('',(-0.951844758917535,-0.306580421620853,0.));
#7510=DIRECTION('',(0.,0.,-1.));
#7511=DIRECTION('center_axis',(0.,0.,-1.));
#7512=DIRECTION('ref_axis',(0.306580421620853,0.951844758917535,0.));
#7513=DIRECTION('center_axis',(0.,0.,-1.));
#7514=DIRECTION('ref_axis',(0.306580421620853,0.951844758917535,0.));
#7515=DIRECTION('center_axis',(0.,0.,1.));
#7516=DIRECTION('ref_axis',(0.306580421620853,0.951844758917535,0.));
#7517=DIRECTION('',(0.,0.,-1.));
#7518=DIRECTION('center_axis',(-0.306580421620853,-0.951844758917535,0.));
#7519=DIRECTION('ref_axis',(-0.951844758917535,0.306580421620853,0.));
#7520=DIRECTION('',(0.951844758917535,-0.306580421620853,0.));
#7521=DIRECTION('',(-0.951844758917535,0.306580421620853,0.));
#7522=DIRECTION('',(0.,0.,-1.));
#7523=DIRECTION('center_axis',(0.,0.,-1.));
#7524=DIRECTION('ref_axis',(0.306580421620853,-0.951844758917535,0.));
#7525=DIRECTION('center_axis',(0.,0.,-1.));
#7526=DIRECTION('ref_axis',(0.306580421620853,-0.951844758917535,0.));
#7527=DIRECTION('center_axis',(0.,0.,1.));
#7528=DIRECTION('ref_axis',(0.306580421620853,-0.951844758917535,0.));
#7529=DIRECTION('',(0.,0.,-1.));
#7530=DIRECTION('center_axis',(-0.306580421620853,0.951844758917535,0.));
#7531=DIRECTION('ref_axis',(0.951844758917535,0.306580421620853,0.));
#7532=DIRECTION('',(-0.951844758917535,-0.306580421620853,0.));
#7533=DIRECTION('',(0.951844758917535,0.306580421620853,0.));
#7534=DIRECTION('',(0.,0.,-1.));
#7535=DIRECTION('center_axis',(0.,0.,-1.));
#7536=DIRECTION('ref_axis',(-0.306580421620852,-0.951844758917535,0.));
#7537=DIRECTION('center_axis',(0.,0.,-1.));
#7538=DIRECTION('ref_axis',(-0.306580421620852,-0.951844758917535,0.));
#7539=DIRECTION('center_axis',(0.,0.,1.));
#7540=DIRECTION('ref_axis',(-0.306580421620852,-0.951844758917535,0.));
#7541=DIRECTION('center_axis',(0.306580421620853,-0.951844758917535,0.));
#7542=DIRECTION('ref_axis',(-0.951844758917535,-0.306580421620853,0.));
#7543=DIRECTION('',(0.951844758917535,0.306580421620853,0.));
#7544=DIRECTION('',(0.,0.,-1.));
#7545=DIRECTION('',(-0.951844758917535,-0.306580421620853,0.));
#7546=DIRECTION('',(0.,0.,-1.));
#7547=DIRECTION('center_axis',(0.,0.,-1.));
#7548=DIRECTION('ref_axis',(0.306580421620854,-0.951844758917535,0.));
#7549=DIRECTION('center_axis',(0.,0.,1.));
#7550=DIRECTION('ref_axis',(0.306580421620854,-0.951844758917535,0.));
#7551=DIRECTION('center_axis',(0.,0.,-1.));
#7552=DIRECTION('ref_axis',(0.306580421620854,-0.951844758917535,0.));
#7553=DIRECTION('',(0.,0.,-1.));
#7554=DIRECTION('center_axis',(0.306580421620853,0.951844758917535,0.));
#7555=DIRECTION('ref_axis',(0.951844758917535,-0.306580421620853,0.));
#7556=DIRECTION('',(0.951844758917535,-0.306580421620853,0.));
#7557=DIRECTION('',(0.951844758917535,-0.306580421620853,0.));
#7558=DIRECTION('',(0.,0.,-1.));
#7559=DIRECTION('center_axis',(0.,0.,-1.));
#7560=DIRECTION('ref_axis',(0.306580421620853,0.951844758917535,0.));
#7561=DIRECTION('center_axis',(0.,0.,1.));
#7562=DIRECTION('ref_axis',(0.306580421620853,0.951844758917535,0.));
#7563=DIRECTION('center_axis',(0.,0.,-1.));
#7564=DIRECTION('ref_axis',(0.306580421620853,0.951844758917535,0.));
#7565=DIRECTION('',(0.,0.,-1.));
#7566=DIRECTION('center_axis',(-0.306580421620853,0.951844758917535,0.));
#7567=DIRECTION('ref_axis',(0.951844758917535,0.306580421620853,0.));
#7568=DIRECTION('',(-0.951844758917535,-0.306580421620853,0.));
#7569=DIRECTION('',(0.951844758917535,0.306580421620853,0.));
#7570=DIRECTION('',(0.,0.,-1.));
#7571=DIRECTION('center_axis',(0.,0.,-1.));
#7572=DIRECTION('ref_axis',(-0.306580421620852,0.951844758917535,0.));
#7573=DIRECTION('center_axis',(0.,0.,1.));
#7574=DIRECTION('ref_axis',(-0.306580421620852,0.951844758917535,0.));
#7575=DIRECTION('center_axis',(0.,0.,-1.));
#7576=DIRECTION('ref_axis',(-0.306580421620852,0.951844758917535,0.));
#7577=DIRECTION('',(0.,0.,-1.));
#7578=DIRECTION('center_axis',(-0.306580421620853,-0.951844758917535,0.));
#7579=DIRECTION('ref_axis',(-0.951844758917535,0.306580421620853,0.));
#7580=DIRECTION('',(-0.951844758917535,0.306580421620853,0.));
#7581=DIRECTION('',(-0.951844758917535,0.306580421620853,0.));
#7582=DIRECTION('',(0.,0.,-1.));
#7583=DIRECTION('center_axis',(0.,0.,-1.));
#7584=DIRECTION('ref_axis',(-0.306580421620852,-0.951844758917535,0.));
#7585=DIRECTION('center_axis',(0.,0.,1.));
#7586=DIRECTION('ref_axis',(-0.306580421620852,-0.951844758917535,0.));
#7587=DIRECTION('center_axis',(0.,0.,-1.));
#7588=DIRECTION('ref_axis',(-0.306580421620852,-0.951844758917535,0.));
#7589=DIRECTION('center_axis',(0.,0.,1.));
#7590=DIRECTION('ref_axis',(1.,0.,0.));
#7591=DIRECTION('center_axis',(0.,0.,1.));
#7592=DIRECTION('ref_axis',(1.,0.,0.));
#7593=DIRECTION('center_axis',(0.,0.,-1.));
#7594=DIRECTION('ref_axis',(1.,0.,0.));
#7595=DIRECTION('center_axis',(0.,0.,1.));
#7596=DIRECTION('ref_axis',(1.,0.,0.));
#7597=DIRECTION('',(0.,0.,1.));
#7598=DIRECTION('center_axis',(0.,0.,-1.));
#7599=DIRECTION('ref_axis',(1.,0.,0.));
#7600=DIRECTION('center_axis',(0.,0.,-1.));
#7601=DIRECTION('ref_axis',(-5.32759834994917E-6,0.999999999985808,0.));
#7602=DIRECTION('',(0.,0.,-1.));
#7603=DIRECTION('center_axis',(0.,0.,-1.));
#7604=DIRECTION('ref_axis',(1.,0.,0.));
#7605=DIRECTION('',(0.,0.,1.));
#7606=DIRECTION('center_axis',(0.,0.,1.));
#7607=DIRECTION('ref_axis',(1.,0.,0.));
#7608=DIRECTION('center_axis',(0.,0.,-1.));
#7609=DIRECTION('ref_axis',(-1.83697019872103E-16,-1.,0.));
#7610=DIRECTION('center_axis',(0.,0.,-1.));
#7611=DIRECTION('ref_axis',(1.,0.,0.));
#7612=DIRECTION('center_axis',(0.,0.,1.));
#7613=DIRECTION('ref_axis',(1.,0.,0.));
#7614=DIRECTION('center_axis',(0.,0.,-1.));
#7615=DIRECTION('ref_axis',(1.,0.,0.));
#7616=DIRECTION('center_axis',(0.,0.,1.));
#7617=DIRECTION('ref_axis',(1.,0.,0.));
#7618=DIRECTION('',(0.,0.,1.));
#7619=DIRECTION('center_axis',(0.,0.,-1.));
#7620=DIRECTION('ref_axis',(1.,0.,0.));
#7621=DIRECTION('center_axis',(0.,0.,-1.));
#7622=DIRECTION('ref_axis',(1.,0.,0.));
#7623=DIRECTION('center_axis',(0.,0.,1.));
#7624=DIRECTION('ref_axis',(1.,0.,0.));
#7625=DIRECTION('',(0.,0.,1.));
#7626=DIRECTION('center_axis',(0.,0.,-1.));
#7627=DIRECTION('ref_axis',(1.,0.,0.));
#7628=DIRECTION('center_axis',(0.,0.,-1.));
#7629=DIRECTION('ref_axis',(1.,0.,0.));
#7630=DIRECTION('center_axis',(0.,0.,1.));
#7631=DIRECTION('ref_axis',(1.,0.,0.));
#7632=DIRECTION('',(0.,0.,1.));
#7633=DIRECTION('center_axis',(0.,0.,-1.));
#7634=DIRECTION('ref_axis',(1.,0.,0.));
#7635=DIRECTION('center_axis',(0.,0.,-1.));
#7636=DIRECTION('ref_axis',(1.,0.,0.));
#7637=DIRECTION('center_axis',(0.,0.,1.));
#7638=DIRECTION('ref_axis',(1.,0.,0.));
#7639=DIRECTION('',(0.,0.,1.));
#7640=DIRECTION('center_axis',(0.,0.,-1.));
#7641=DIRECTION('ref_axis',(1.,0.,0.));
#7642=DIRECTION('center_axis',(0.,0.,-1.));
#7643=DIRECTION('ref_axis',(1.,0.,0.));
#7644=DIRECTION('center_axis',(0.,0.,1.));
#7645=DIRECTION('ref_axis',(1.,0.,0.));
#7646=DIRECTION('',(0.,0.,1.));
#7647=DIRECTION('center_axis',(0.,0.,-1.));
#7648=DIRECTION('ref_axis',(1.,0.,0.));
#7649=DIRECTION('center_axis',(0.,0.,-1.));
#7650=DIRECTION('ref_axis',(1.,0.,0.));
#7651=DIRECTION('center_axis',(0.,0.,1.));
#7652=DIRECTION('ref_axis',(1.,0.,0.));
#7653=DIRECTION('',(0.,0.,1.));
#7654=DIRECTION('center_axis',(0.,0.,-1.));
#7655=DIRECTION('ref_axis',(1.,0.,0.));
#7656=DIRECTION('center_axis',(0.,0.,-1.));
#7657=DIRECTION('ref_axis',(1.,0.,0.));
#7658=DIRECTION('center_axis',(0.,0.,1.));
#7659=DIRECTION('ref_axis',(1.,0.,0.));
#7660=DIRECTION('',(0.,0.,1.));
#7661=DIRECTION('center_axis',(0.,0.,-1.));
#7662=DIRECTION('ref_axis',(1.,0.,0.));
#7663=DIRECTION('center_axis',(0.,0.,-1.));
#7664=DIRECTION('ref_axis',(1.,0.,0.));
#7665=DIRECTION('center_axis',(0.,0.,1.));
#7666=DIRECTION('ref_axis',(1.,0.,0.));
#7667=DIRECTION('',(0.,0.,1.));
#7668=DIRECTION('center_axis',(0.,0.,-1.));
#7669=DIRECTION('ref_axis',(1.,0.,0.));
#7670=DIRECTION('center_axis',(0.,0.,-1.));
#7671=DIRECTION('ref_axis',(1.,0.,0.));
#7672=DIRECTION('center_axis',(0.,0.,1.));
#7673=DIRECTION('ref_axis',(1.,0.,0.));
#7674=DIRECTION('',(0.,0.,1.));
#7675=DIRECTION('center_axis',(0.,0.,-1.));
#7676=DIRECTION('ref_axis',(1.,0.,0.));
#7677=DIRECTION('center_axis',(0.,0.,-1.));
#7678=DIRECTION('ref_axis',(1.,0.,0.));
#7679=DIRECTION('center_axis',(0.,0.,1.));
#7680=DIRECTION('ref_axis',(1.,0.,0.));
#7681=DIRECTION('',(0.,0.,1.));
#7682=DIRECTION('center_axis',(0.,0.,-1.));
#7683=DIRECTION('ref_axis',(1.,0.,0.));
#7684=DIRECTION('center_axis',(0.,0.,-1.));
#7685=DIRECTION('ref_axis',(1.,0.,0.));
#7686=DIRECTION('center_axis',(0.,0.,1.));
#7687=DIRECTION('ref_axis',(1.,0.,0.));
#7688=DIRECTION('',(0.,0.,1.));
#7689=DIRECTION('center_axis',(0.,0.,-1.));
#7690=DIRECTION('ref_axis',(1.,0.,0.));
#7691=DIRECTION('center_axis',(0.,0.,-1.));
#7692=DIRECTION('ref_axis',(1.,0.,0.));
#7693=DIRECTION('center_axis',(0.,0.,1.));
#7694=DIRECTION('ref_axis',(1.,0.,0.));
#7695=DIRECTION('',(0.,0.,1.));
#7696=DIRECTION('center_axis',(0.,0.,-1.));
#7697=DIRECTION('ref_axis',(1.,0.,0.));
#7698=DIRECTION('center_axis',(-0.306580421620853,-0.951844758917535,0.));
#7699=DIRECTION('ref_axis',(0.951844758917535,-0.306580421620853,0.));
#7700=DIRECTION('',(-0.951844758917535,0.306580421620853,0.));
#7701=DIRECTION('',(0.,0.,1.));
#7702=DIRECTION('',(0.951844758917535,-0.306580421620853,0.));
#7703=DIRECTION('',(0.,0.,1.));
#7704=DIRECTION('center_axis',(0.,0.,-1.));
#7705=DIRECTION('ref_axis',(-0.306580421620852,0.951844758917535,0.));
#7706=DIRECTION('center_axis',(0.,0.,-1.));
#7707=DIRECTION('ref_axis',(-0.306580421620852,0.951844758917535,0.));
#7708=DIRECTION('',(0.,0.,1.));
#7709=DIRECTION('center_axis',(0.,0.,1.));
#7710=DIRECTION('ref_axis',(-0.306580421620852,0.951844758917535,0.));
#7711=DIRECTION('center_axis',(-0.306580421620853,0.951844758917535,0.));
#7712=DIRECTION('ref_axis',(-0.951844758917535,-0.306580421620853,0.));
#7713=DIRECTION('',(0.951844758917535,0.306580421620853,0.));
#7714=DIRECTION('',(0.,0.,1.));
#7715=DIRECTION('',(-0.951844758917535,-0.306580421620853,0.));
#7716=DIRECTION('center_axis',(0.,0.,-1.));
#7717=DIRECTION('ref_axis',(0.306580421620853,0.951844758917535,0.));
#7718=DIRECTION('center_axis',(0.,0.,-1.));
#7719=DIRECTION('ref_axis',(0.306580421620853,0.951844758917535,0.));
#7720=DIRECTION('',(0.,0.,1.));
#7721=DIRECTION('center_axis',(0.,0.,1.));
#7722=DIRECTION('ref_axis',(0.306580421620853,0.951844758917535,0.));
#7723=DIRECTION('center_axis',(0.306580421620853,0.951844758917535,0.));
#7724=DIRECTION('ref_axis',(-0.951844758917535,0.306580421620853,0.));
#7725=DIRECTION('',(0.951844758917535,-0.306580421620853,0.));
#7726=DIRECTION('',(0.,0.,1.));
#7727=DIRECTION('',(-0.951844758917535,0.306580421620853,0.));
#7728=DIRECTION('center_axis',(0.,0.,-1.));
#7729=DIRECTION('ref_axis',(0.306580421620853,-0.951844758917535,0.));
#7730=DIRECTION('center_axis',(0.,0.,-1.));
#7731=DIRECTION('ref_axis',(0.306580421620853,-0.951844758917535,0.));
#7732=DIRECTION('',(0.,0.,1.));
#7733=DIRECTION('center_axis',(0.,0.,1.));
#7734=DIRECTION('ref_axis',(0.306580421620853,-0.951844758917535,0.));
#7735=DIRECTION('center_axis',(0.306580421620853,-0.951844758917535,0.));
#7736=DIRECTION('ref_axis',(0.951844758917535,0.306580421620853,0.));
#7737=DIRECTION('',(-0.951844758917535,-0.306580421620853,0.));
#7738=DIRECTION('',(0.,0.,1.));
#7739=DIRECTION('',(0.951844758917535,0.306580421620853,0.));
#7740=DIRECTION('center_axis',(0.,0.,-1.));
#7741=DIRECTION('ref_axis',(-0.306580421620852,-0.951844758917535,0.));
#7742=DIRECTION('center_axis',(0.,0.,-1.));
#7743=DIRECTION('ref_axis',(-0.306580421620852,-0.951844758917535,0.));
#7744=DIRECTION('center_axis',(0.,0.,1.));
#7745=DIRECTION('ref_axis',(-0.306580421620852,-0.951844758917535,0.));
#7746=DIRECTION('center_axis',(-0.306580421620853,0.951844758917535,0.));
#7747=DIRECTION('ref_axis',(-0.951844758917535,-0.306580421620853,0.));
#7748=DIRECTION('',(0.951844758917535,0.306580421620853,0.));
#7749=DIRECTION('',(0.,0.,1.));
#7750=DIRECTION('',(-0.951844758917535,-0.306580421620853,0.));
#7751=DIRECTION('',(0.,0.,1.));
#7752=DIRECTION('center_axis',(0.,0.,-1.));
#7753=DIRECTION('ref_axis',(0.306580421620854,-0.951844758917535,0.));
#7754=DIRECTION('center_axis',(0.,0.,1.));
#7755=DIRECTION('ref_axis',(0.306580421620854,-0.951844758917535,0.));
#7756=DIRECTION('',(0.,0.,1.));
#7757=DIRECTION('center_axis',(0.,0.,-1.));
#7758=DIRECTION('ref_axis',(0.306580421620854,-0.951844758917535,0.));
#7759=DIRECTION('center_axis',(-0.306580421620853,-0.951844758917535,0.));
#7760=DIRECTION('ref_axis',(0.951844758917535,-0.306580421620853,0.));
#7761=DIRECTION('',(0.951844758917535,-0.306580421620853,0.));
#7762=DIRECTION('',(0.,0.,1.));
#7763=DIRECTION('',(0.951844758917535,-0.306580421620853,0.));
#7764=DIRECTION('center_axis',(0.,0.,-1.));
#7765=DIRECTION('ref_axis',(0.306580421620853,0.951844758917535,0.));
#7766=DIRECTION('center_axis',(0.,0.,1.));
#7767=DIRECTION('ref_axis',(0.306580421620853,0.951844758917535,0.));
#7768=DIRECTION('',(0.,0.,1.));
#7769=DIRECTION('center_axis',(0.,0.,-1.));
#7770=DIRECTION('ref_axis',(0.306580421620853,0.951844758917535,0.));
#7771=DIRECTION('center_axis',(0.306580421620853,-0.951844758917535,0.));
#7772=DIRECTION('ref_axis',(0.951844758917535,0.306580421620853,0.));
#7773=DIRECTION('',(-0.951844758917535,-0.306580421620853,0.));
#7774=DIRECTION('',(0.,0.,1.));
#7775=DIRECTION('',(0.951844758917535,0.306580421620853,0.));
#7776=DIRECTION('center_axis',(0.,0.,-1.));
#7777=DIRECTION('ref_axis',(-0.306580421620852,0.951844758917535,0.));
#7778=DIRECTION('center_axis',(0.,0.,1.));
#7779=DIRECTION('ref_axis',(-0.306580421620852,0.951844758917535,0.));
#7780=DIRECTION('',(0.,0.,1.));
#7781=DIRECTION('center_axis',(0.,0.,-1.));
#7782=DIRECTION('ref_axis',(-0.306580421620852,0.951844758917535,0.));
#7783=DIRECTION('center_axis',(0.306580421620853,0.951844758917535,0.));
#7784=DIRECTION('ref_axis',(-0.951844758917535,0.306580421620853,0.));
#7785=DIRECTION('',(-0.951844758917535,0.306580421620853,0.));
#7786=DIRECTION('',(0.,0.,1.));
#7787=DIRECTION('',(-0.951844758917535,0.306580421620853,0.));
#7788=DIRECTION('center_axis',(0.,0.,-1.));
#7789=DIRECTION('ref_axis',(-0.306580421620852,-0.951844758917535,0.));
#7790=DIRECTION('center_axis',(0.,0.,1.));
#7791=DIRECTION('ref_axis',(-0.306580421620852,-0.951844758917535,0.));
#7792=DIRECTION('center_axis',(0.,0.,-1.));
#7793=DIRECTION('ref_axis',(-0.306580421620852,-0.951844758917535,0.));
#7794=DIRECTION('center_axis',(0.,0.,1.));
#7795=DIRECTION('ref_axis',(1.,0.,0.));
#7796=DIRECTION('center_axis',(0.,0.,1.));
#7797=DIRECTION('ref_axis',(1.,0.,0.));
#7798=DIRECTION('center_axis',(0.,0.,-1.));
#7799=DIRECTION('ref_axis',(1.,0.,0.));
#7800=DIRECTION('center_axis',(0.,0.,1.));
#7801=DIRECTION('ref_axis',(1.,0.,0.));
#7802=DIRECTION('',(0.,0.,1.));
#7803=DIRECTION('center_axis',(0.,0.,-1.));
#7804=DIRECTION('ref_axis',(1.,0.,0.));
#7805=DIRECTION('center_axis',(0.,0.,-1.));
#7806=DIRECTION('ref_axis',(-5.32759834994917E-6,0.999999999985808,0.));
#7807=DIRECTION('',(0.,0.,-1.));
#7808=DIRECTION('center_axis',(0.,0.,-1.));
#7809=DIRECTION('ref_axis',(1.,0.,0.));
#7810=DIRECTION('',(0.,0.,1.));
#7811=DIRECTION('center_axis',(0.,0.,1.));
#7812=DIRECTION('ref_axis',(1.,0.,0.));
#7813=DIRECTION('center_axis',(0.,0.,-1.));
#7814=DIRECTION('ref_axis',(-1.83697019872103E-16,-1.,0.));
#7815=DIRECTION('center_axis',(0.,0.,-1.));
#7816=DIRECTION('ref_axis',(1.,0.,0.));
#7817=DIRECTION('center_axis',(0.,0.,1.));
#7818=DIRECTION('ref_axis',(1.,0.,0.));
#7819=DIRECTION('center_axis',(0.,0.,-1.));
#7820=DIRECTION('ref_axis',(1.,0.,0.));
#7821=DIRECTION('center_axis',(0.,0.,1.));
#7822=DIRECTION('ref_axis',(1.,0.,0.));
#7823=DIRECTION('',(0.,0.,1.));
#7824=DIRECTION('center_axis',(0.,0.,-1.));
#7825=DIRECTION('ref_axis',(1.,0.,0.));
#7826=DIRECTION('center_axis',(0.,0.,-1.));
#7827=DIRECTION('ref_axis',(1.,0.,0.));
#7828=DIRECTION('center_axis',(0.,0.,1.));
#7829=DIRECTION('ref_axis',(1.,0.,0.));
#7830=DIRECTION('',(0.,0.,1.));
#7831=DIRECTION('center_axis',(0.,0.,-1.));
#7832=DIRECTION('ref_axis',(1.,0.,0.));
#7833=DIRECTION('center_axis',(0.,0.,-1.));
#7834=DIRECTION('ref_axis',(1.,0.,0.));
#7835=DIRECTION('center_axis',(0.,0.,1.));
#7836=DIRECTION('ref_axis',(1.,0.,0.));
#7837=DIRECTION('',(0.,0.,1.));
#7838=DIRECTION('center_axis',(0.,0.,-1.));
#7839=DIRECTION('ref_axis',(1.,0.,0.));
#7840=DIRECTION('center_axis',(0.,0.,-1.));
#7841=DIRECTION('ref_axis',(1.,0.,0.));
#7842=DIRECTION('center_axis',(0.,0.,1.));
#7843=DIRECTION('ref_axis',(1.,0.,0.));
#7844=DIRECTION('',(0.,0.,1.));
#7845=DIRECTION('center_axis',(0.,0.,-1.));
#7846=DIRECTION('ref_axis',(1.,0.,0.));
#7847=DIRECTION('center_axis',(0.,0.,-1.));
#7848=DIRECTION('ref_axis',(1.,0.,0.));
#7849=DIRECTION('center_axis',(0.,0.,1.));
#7850=DIRECTION('ref_axis',(1.,0.,0.));
#7851=DIRECTION('',(0.,0.,1.));
#7852=DIRECTION('center_axis',(0.,0.,-1.));
#7853=DIRECTION('ref_axis',(1.,0.,0.));
#7854=DIRECTION('center_axis',(0.,0.,-1.));
#7855=DIRECTION('ref_axis',(1.,0.,0.));
#7856=DIRECTION('center_axis',(0.,0.,1.));
#7857=DIRECTION('ref_axis',(1.,0.,0.));
#7858=DIRECTION('',(0.,0.,1.));
#7859=DIRECTION('center_axis',(0.,0.,-1.));
#7860=DIRECTION('ref_axis',(1.,0.,0.));
#7861=DIRECTION('center_axis',(0.,0.,-1.));
#7862=DIRECTION('ref_axis',(1.,0.,0.));
#7863=DIRECTION('center_axis',(0.,0.,1.));
#7864=DIRECTION('ref_axis',(1.,0.,0.));
#7865=DIRECTION('',(0.,0.,1.));
#7866=DIRECTION('center_axis',(0.,0.,-1.));
#7867=DIRECTION('ref_axis',(1.,0.,0.));
#7868=DIRECTION('center_axis',(0.,0.,-1.));
#7869=DIRECTION('ref_axis',(1.,0.,0.));
#7870=DIRECTION('center_axis',(0.,0.,1.));
#7871=DIRECTION('ref_axis',(1.,0.,0.));
#7872=DIRECTION('',(0.,0.,1.));
#7873=DIRECTION('center_axis',(0.,0.,-1.));
#7874=DIRECTION('ref_axis',(1.,0.,0.));
#7875=DIRECTION('center_axis',(0.,0.,-1.));
#7876=DIRECTION('ref_axis',(1.,0.,0.));
#7877=DIRECTION('center_axis',(0.,0.,1.));
#7878=DIRECTION('ref_axis',(1.,0.,0.));
#7879=DIRECTION('',(0.,0.,1.));
#7880=DIRECTION('center_axis',(0.,0.,-1.));
#7881=DIRECTION('ref_axis',(1.,0.,0.));
#7882=DIRECTION('center_axis',(0.,0.,-1.));
#7883=DIRECTION('ref_axis',(1.,0.,0.));
#7884=DIRECTION('center_axis',(0.,0.,1.));
#7885=DIRECTION('ref_axis',(1.,0.,0.));
#7886=DIRECTION('',(0.,0.,1.));
#7887=DIRECTION('center_axis',(0.,0.,-1.));
#7888=DIRECTION('ref_axis',(1.,0.,0.));
#7889=DIRECTION('center_axis',(0.,0.,-1.));
#7890=DIRECTION('ref_axis',(1.,0.,0.));
#7891=DIRECTION('center_axis',(0.,0.,1.));
#7892=DIRECTION('ref_axis',(1.,0.,0.));
#7893=DIRECTION('',(0.,0.,1.));
#7894=DIRECTION('center_axis',(0.,0.,-1.));
#7895=DIRECTION('ref_axis',(1.,0.,0.));
#7896=DIRECTION('center_axis',(0.,0.,-1.));
#7897=DIRECTION('ref_axis',(1.,0.,0.));
#7898=DIRECTION('center_axis',(0.,0.,1.));
#7899=DIRECTION('ref_axis',(1.,0.,0.));
#7900=DIRECTION('',(0.,0.,1.));
#7901=DIRECTION('center_axis',(0.,0.,-1.));
#7902=DIRECTION('ref_axis',(1.,0.,0.));
#7903=DIRECTION('center_axis',(-0.306580421620853,-0.951844758917535,0.));
#7904=DIRECTION('ref_axis',(0.951844758917535,-0.306580421620853,0.));
#7905=DIRECTION('',(-0.951844758917535,0.306580421620853,0.));
#7906=DIRECTION('',(0.,0.,1.));
#7907=DIRECTION('',(0.951844758917535,-0.306580421620853,0.));
#7908=DIRECTION('',(0.,0.,1.));
#7909=DIRECTION('center_axis',(0.,0.,-1.));
#7910=DIRECTION('ref_axis',(-0.306580421620852,0.951844758917535,0.));
#7911=DIRECTION('center_axis',(0.,0.,-1.));
#7912=DIRECTION('ref_axis',(-0.306580421620852,0.951844758917535,0.));
#7913=DIRECTION('',(0.,0.,1.));
#7914=DIRECTION('center_axis',(0.,0.,1.));
#7915=DIRECTION('ref_axis',(-0.306580421620852,0.951844758917535,0.));
#7916=DIRECTION('center_axis',(-0.306580421620853,0.951844758917535,0.));
#7917=DIRECTION('ref_axis',(-0.951844758917535,-0.306580421620853,0.));
#7918=DIRECTION('',(0.951844758917535,0.306580421620853,0.));
#7919=DIRECTION('',(0.,0.,1.));
#7920=DIRECTION('',(-0.951844758917535,-0.306580421620853,0.));
#7921=DIRECTION('center_axis',(0.,0.,-1.));
#7922=DIRECTION('ref_axis',(0.306580421620853,0.951844758917535,0.));
#7923=DIRECTION('center_axis',(0.,0.,-1.));
#7924=DIRECTION('ref_axis',(0.306580421620853,0.951844758917535,0.));
#7925=DIRECTION('',(0.,0.,1.));
#7926=DIRECTION('center_axis',(0.,0.,1.));
#7927=DIRECTION('ref_axis',(0.306580421620853,0.951844758917535,0.));
#7928=DIRECTION('center_axis',(0.306580421620853,0.951844758917535,0.));
#7929=DIRECTION('ref_axis',(-0.951844758917535,0.306580421620853,0.));
#7930=DIRECTION('',(0.951844758917535,-0.306580421620853,0.));
#7931=DIRECTION('',(0.,0.,1.));
#7932=DIRECTION('',(-0.951844758917535,0.306580421620853,0.));
#7933=DIRECTION('center_axis',(0.,0.,-1.));
#7934=DIRECTION('ref_axis',(0.306580421620853,-0.951844758917535,0.));
#7935=DIRECTION('center_axis',(0.,0.,-1.));
#7936=DIRECTION('ref_axis',(0.306580421620853,-0.951844758917535,0.));
#7937=DIRECTION('',(0.,0.,1.));
#7938=DIRECTION('center_axis',(0.,0.,1.));
#7939=DIRECTION('ref_axis',(0.306580421620853,-0.951844758917535,0.));
#7940=DIRECTION('center_axis',(0.306580421620853,-0.951844758917535,0.));
#7941=DIRECTION('ref_axis',(0.951844758917535,0.306580421620853,0.));
#7942=DIRECTION('',(-0.951844758917535,-0.306580421620853,0.));
#7943=DIRECTION('',(0.,0.,1.));
#7944=DIRECTION('',(0.951844758917535,0.306580421620853,0.));
#7945=DIRECTION('center_axis',(0.,0.,-1.));
#7946=DIRECTION('ref_axis',(-0.306580421620852,-0.951844758917535,0.));
#7947=DIRECTION('center_axis',(0.,0.,-1.));
#7948=DIRECTION('ref_axis',(-0.306580421620852,-0.951844758917535,0.));
#7949=DIRECTION('center_axis',(0.,0.,1.));
#7950=DIRECTION('ref_axis',(-0.306580421620852,-0.951844758917535,0.));
#7951=DIRECTION('center_axis',(-0.306580421620853,0.951844758917535,0.));
#7952=DIRECTION('ref_axis',(-0.951844758917535,-0.306580421620853,0.));
#7953=DIRECTION('',(0.951844758917535,0.306580421620853,0.));
#7954=DIRECTION('',(0.,0.,1.));
#7955=DIRECTION('',(-0.951844758917535,-0.306580421620853,0.));
#7956=DIRECTION('',(0.,0.,1.));
#7957=DIRECTION('center_axis',(0.,0.,-1.));
#7958=DIRECTION('ref_axis',(0.306580421620854,-0.951844758917535,0.));
#7959=DIRECTION('center_axis',(0.,0.,1.));
#7960=DIRECTION('ref_axis',(0.306580421620854,-0.951844758917535,0.));
#7961=DIRECTION('',(0.,0.,1.));
#7962=DIRECTION('center_axis',(0.,0.,-1.));
#7963=DIRECTION('ref_axis',(0.306580421620854,-0.951844758917535,0.));
#7964=DIRECTION('center_axis',(-0.306580421620853,-0.951844758917535,0.));
#7965=DIRECTION('ref_axis',(0.951844758917535,-0.306580421620853,0.));
#7966=DIRECTION('',(0.951844758917535,-0.306580421620853,0.));
#7967=DIRECTION('',(0.,0.,1.));
#7968=DIRECTION('',(0.951844758917535,-0.306580421620853,0.));
#7969=DIRECTION('center_axis',(0.,0.,-1.));
#7970=DIRECTION('ref_axis',(0.306580421620853,0.951844758917535,0.));
#7971=DIRECTION('center_axis',(0.,0.,1.));
#7972=DIRECTION('ref_axis',(0.306580421620853,0.951844758917535,0.));
#7973=DIRECTION('',(0.,0.,1.));
#7974=DIRECTION('center_axis',(0.,0.,-1.));
#7975=DIRECTION('ref_axis',(0.306580421620853,0.951844758917535,0.));
#7976=DIRECTION('center_axis',(0.306580421620853,-0.951844758917535,0.));
#7977=DIRECTION('ref_axis',(0.951844758917535,0.306580421620853,0.));
#7978=DIRECTION('',(-0.951844758917535,-0.306580421620853,0.));
#7979=DIRECTION('',(0.,0.,1.));
#7980=DIRECTION('',(0.951844758917535,0.306580421620853,0.));
#7981=DIRECTION('center_axis',(0.,0.,-1.));
#7982=DIRECTION('ref_axis',(-0.306580421620852,0.951844758917535,0.));
#7983=DIRECTION('center_axis',(0.,0.,1.));
#7984=DIRECTION('ref_axis',(-0.306580421620852,0.951844758917535,0.));
#7985=DIRECTION('',(0.,0.,1.));
#7986=DIRECTION('center_axis',(0.,0.,-1.));
#7987=DIRECTION('ref_axis',(-0.306580421620852,0.951844758917535,0.));
#7988=DIRECTION('center_axis',(0.306580421620853,0.951844758917535,0.));
#7989=DIRECTION('ref_axis',(-0.951844758917535,0.306580421620853,0.));
#7990=DIRECTION('',(-0.951844758917535,0.306580421620853,0.));
#7991=DIRECTION('',(0.,0.,1.));
#7992=DIRECTION('',(-0.951844758917535,0.306580421620853,0.));
#7993=DIRECTION('center_axis',(0.,0.,-1.));
#7994=DIRECTION('ref_axis',(-0.306580421620852,-0.951844758917535,0.));
#7995=DIRECTION('center_axis',(0.,0.,1.));
#7996=DIRECTION('ref_axis',(-0.306580421620852,-0.951844758917535,0.));
#7997=DIRECTION('center_axis',(0.,0.,-1.));
#7998=DIRECTION('ref_axis',(-0.306580421620852,-0.951844758917535,0.));
#7999=DIRECTION('center_axis',(0.,0.,1.));
#8000=DIRECTION('ref_axis',(1.,0.,0.));
#8001=DIRECTION('center_axis',(0.,0.,1.));
#8002=DIRECTION('ref_axis',(1.,0.,0.));
#8003=DIRECTION('center_axis',(0.,0.,-1.));
#8004=DIRECTION('ref_axis',(1.,0.,0.));
#8005=DIRECTION('center_axis',(0.,0.,1.));
#8006=DIRECTION('ref_axis',(1.,0.,0.));
#8007=DIRECTION('',(0.,0.,1.));
#8008=DIRECTION('center_axis',(0.,0.,-1.));
#8009=DIRECTION('ref_axis',(1.,0.,0.));
#8010=DIRECTION('center_axis',(0.,0.,-1.));
#8011=DIRECTION('ref_axis',(1.,0.,0.));
#8012=DIRECTION('center_axis',(0.,0.,1.));
#8013=DIRECTION('ref_axis',(1.,0.,0.));
#8014=DIRECTION('',(0.,0.,1.));
#8015=DIRECTION('center_axis',(0.,0.,-1.));
#8016=DIRECTION('ref_axis',(1.,0.,0.));
#8017=DIRECTION('center_axis',(0.,0.,1.));
#8018=DIRECTION('ref_axis',(1.,0.,0.));
#8019=DIRECTION('center_axis',(0.,0.,-1.));
#8020=DIRECTION('ref_axis',(1.,0.,0.));
#8021=DIRECTION('center_axis',(0.,0.,1.));
#8022=DIRECTION('ref_axis',(1.,0.,0.));
#8023=DIRECTION('',(0.,0.,1.));
#8024=DIRECTION('center_axis',(0.,0.,-1.));
#8025=DIRECTION('ref_axis',(1.,0.,0.));
#8026=DIRECTION('center_axis',(0.,0.,-1.));
#8027=DIRECTION('ref_axis',(1.,0.,0.));
#8028=DIRECTION('center_axis',(0.,0.,1.));
#8029=DIRECTION('ref_axis',(1.,0.,0.));
#8030=DIRECTION('',(0.,0.,1.));
#8031=DIRECTION('center_axis',(0.,0.,-1.));
#8032=DIRECTION('ref_axis',(1.,0.,0.));
#8033=DIRECTION('center_axis',(0.,0.,1.));
#8034=DIRECTION('ref_axis',(1.,0.,0.));
#8035=DIRECTION('center_axis',(0.,0.,-1.));
#8036=DIRECTION('ref_axis',(1.,0.,0.));
#8037=DIRECTION('center_axis',(0.,0.,1.));
#8038=DIRECTION('ref_axis',(1.,0.,0.));
#8039=DIRECTION('',(0.,0.,1.));
#8040=DIRECTION('center_axis',(0.,0.,-1.));
#8041=DIRECTION('ref_axis',(1.,0.,0.));
#8042=DIRECTION('center_axis',(0.,0.,-1.));
#8043=DIRECTION('ref_axis',(1.,0.,0.));
#8044=DIRECTION('center_axis',(0.,0.,1.));
#8045=DIRECTION('ref_axis',(1.,0.,0.));
#8046=DIRECTION('',(0.,0.,1.));
#8047=DIRECTION('center_axis',(0.,0.,-1.));
#8048=DIRECTION('ref_axis',(1.,0.,0.));
#8049=DIRECTION('center_axis',(0.,0.,1.));
#8050=DIRECTION('ref_axis',(1.,0.,0.));
#8051=DIRECTION('center_axis',(0.,0.,-1.));
#8052=DIRECTION('ref_axis',(1.,0.,0.));
#8053=DIRECTION('center_axis',(0.,0.,1.));
#8054=DIRECTION('ref_axis',(1.,0.,0.));
#8055=DIRECTION('',(0.,0.,1.));
#8056=DIRECTION('center_axis',(0.,0.,-1.));
#8057=DIRECTION('ref_axis',(1.,0.,0.));
#8058=DIRECTION('center_axis',(0.,0.,-1.));
#8059=DIRECTION('ref_axis',(1.,0.,0.));
#8060=DIRECTION('center_axis',(0.,0.,1.));
#8061=DIRECTION('ref_axis',(1.,0.,0.));
#8062=DIRECTION('',(0.,0.,1.));
#8063=DIRECTION('center_axis',(0.,0.,-1.));
#8064=DIRECTION('ref_axis',(1.,0.,0.));
#8065=DIRECTION('center_axis',(0.,0.,1.));
#8066=DIRECTION('ref_axis',(1.,0.,0.));
#8067=DIRECTION('center_axis',(0.,0.,-1.));
#8068=DIRECTION('ref_axis',(1.,0.,0.));
#8069=DIRECTION('center_axis',(0.,0.,1.));
#8070=DIRECTION('ref_axis',(1.,0.,0.));
#8071=DIRECTION('',(0.,0.,1.));
#8072=DIRECTION('center_axis',(0.,0.,-1.));
#8073=DIRECTION('ref_axis',(1.,0.,0.));
#8074=DIRECTION('center_axis',(0.,0.,-1.));
#8075=DIRECTION('ref_axis',(1.,0.,0.));
#8076=DIRECTION('center_axis',(0.,0.,1.));
#8077=DIRECTION('ref_axis',(1.,0.,0.));
#8078=DIRECTION('',(0.,0.,1.));
#8079=DIRECTION('center_axis',(0.,0.,-1.));
#8080=DIRECTION('ref_axis',(1.,0.,0.));
#8081=DIRECTION('center_axis',(0.,0.,1.));
#8082=DIRECTION('ref_axis',(1.,0.,0.));
#8083=DIRECTION('center_axis',(0.,0.,-1.));
#8084=DIRECTION('ref_axis',(1.,0.,0.));
#8085=DIRECTION('center_axis',(0.,0.,1.));
#8086=DIRECTION('ref_axis',(1.,0.,0.));
#8087=DIRECTION('',(0.,0.,1.));
#8088=DIRECTION('center_axis',(0.,0.,-1.));
#8089=DIRECTION('ref_axis',(1.,0.,0.));
#8090=DIRECTION('center_axis',(0.,0.,-1.));
#8091=DIRECTION('ref_axis',(1.,0.,0.));
#8092=DIRECTION('center_axis',(0.,0.,1.));
#8093=DIRECTION('ref_axis',(1.,0.,0.));
#8094=DIRECTION('',(0.,0.,1.));
#8095=DIRECTION('center_axis',(0.,0.,-1.));
#8096=DIRECTION('ref_axis',(1.,0.,0.));
#8097=DIRECTION('center_axis',(0.,0.,1.));
#8098=DIRECTION('ref_axis',(1.,0.,0.));
#8099=DIRECTION('center_axis',(0.,0.,-1.));
#8100=DIRECTION('ref_axis',(1.,0.,0.));
#8101=DIRECTION('center_axis',(0.,0.,1.));
#8102=DIRECTION('ref_axis',(1.,0.,0.));
#8103=DIRECTION('',(0.,0.,1.));
#8104=DIRECTION('center_axis',(0.,0.,-1.));
#8105=DIRECTION('ref_axis',(1.,0.,0.));
#8106=DIRECTION('center_axis',(0.,0.,-1.));
#8107=DIRECTION('ref_axis',(1.,0.,0.));
#8108=DIRECTION('center_axis',(0.,0.,1.));
#8109=DIRECTION('ref_axis',(1.,0.,0.));
#8110=DIRECTION('',(0.,0.,1.));
#8111=DIRECTION('center_axis',(0.,0.,-1.));
#8112=DIRECTION('ref_axis',(1.,0.,0.));
#8113=DIRECTION('center_axis',(0.,0.,1.));
#8114=DIRECTION('ref_axis',(1.,0.,0.));
#8115=DIRECTION('center_axis',(0.,0.,-1.));
#8116=DIRECTION('ref_axis',(1.,0.,0.));
#8117=DIRECTION('center_axis',(0.,0.,1.));
#8118=DIRECTION('ref_axis',(1.,0.,0.));
#8119=DIRECTION('',(0.,0.,1.));
#8120=DIRECTION('center_axis',(0.,0.,-1.));
#8121=DIRECTION('ref_axis',(1.,0.,0.));
#8122=DIRECTION('center_axis',(0.,0.,-1.));
#8123=DIRECTION('ref_axis',(1.,0.,0.));
#8124=DIRECTION('center_axis',(0.,0.,1.));
#8125=DIRECTION('ref_axis',(1.,0.,0.));
#8126=DIRECTION('',(0.,0.,1.));
#8127=DIRECTION('center_axis',(0.,0.,-1.));
#8128=DIRECTION('ref_axis',(1.,0.,0.));
#8129=DIRECTION('center_axis',(0.,0.,1.));
#8130=DIRECTION('ref_axis',(1.,0.,0.));
#8131=DIRECTION('center_axis',(0.,0.,-1.));
#8132=DIRECTION('ref_axis',(1.,0.,0.));
#8133=DIRECTION('center_axis',(0.,0.,1.));
#8134=DIRECTION('ref_axis',(1.,0.,0.));
#8135=DIRECTION('',(0.,0.,1.));
#8136=DIRECTION('center_axis',(0.,0.,-1.));
#8137=DIRECTION('ref_axis',(1.,0.,0.));
#8138=DIRECTION('center_axis',(0.,0.,-1.));
#8139=DIRECTION('ref_axis',(1.,0.,0.));
#8140=DIRECTION('center_axis',(0.,0.,1.));
#8141=DIRECTION('ref_axis',(1.,0.,0.));
#8142=DIRECTION('',(0.,0.,1.));
#8143=DIRECTION('center_axis',(0.,0.,-1.));
#8144=DIRECTION('ref_axis',(1.,0.,0.));
#8145=DIRECTION('center_axis',(0.,0.,1.));
#8146=DIRECTION('ref_axis',(1.,0.,0.));
#8147=DIRECTION('center_axis',(0.,0.,-1.));
#8148=DIRECTION('ref_axis',(1.,0.,0.));
#8149=DIRECTION('center_axis',(0.,0.,1.));
#8150=DIRECTION('ref_axis',(1.,0.,0.));
#8151=DIRECTION('',(0.,0.,1.));
#8152=DIRECTION('center_axis',(0.,0.,-1.));
#8153=DIRECTION('ref_axis',(1.,0.,0.));
#8154=DIRECTION('center_axis',(0.,0.,-1.));
#8155=DIRECTION('ref_axis',(1.,0.,0.));
#8156=DIRECTION('center_axis',(0.,0.,1.));
#8157=DIRECTION('ref_axis',(1.,0.,0.));
#8158=DIRECTION('',(0.,0.,1.));
#8159=DIRECTION('center_axis',(0.,0.,-1.));
#8160=DIRECTION('ref_axis',(1.,0.,0.));
#8161=DIRECTION('center_axis',(0.,0.,1.));
#8162=DIRECTION('ref_axis',(1.,0.,0.));
#8163=DIRECTION('center_axis',(0.,0.,-1.));
#8164=DIRECTION('ref_axis',(1.,0.,0.));
#8165=DIRECTION('center_axis',(0.,0.,1.));
#8166=DIRECTION('ref_axis',(1.,0.,0.));
#8167=DIRECTION('',(0.,0.,1.));
#8168=DIRECTION('center_axis',(0.,0.,-1.));
#8169=DIRECTION('ref_axis',(1.,0.,0.));
#8170=DIRECTION('center_axis',(0.,0.,-1.));
#8171=DIRECTION('ref_axis',(1.,0.,0.));
#8172=DIRECTION('center_axis',(0.,0.,1.));
#8173=DIRECTION('ref_axis',(1.,0.,0.));
#8174=DIRECTION('',(0.,0.,1.));
#8175=DIRECTION('center_axis',(0.,0.,-1.));
#8176=DIRECTION('ref_axis',(1.,0.,0.));
#8177=DIRECTION('center_axis',(0.,0.,1.));
#8178=DIRECTION('ref_axis',(1.,0.,0.));
#8179=DIRECTION('center_axis',(0.,0.,-1.));
#8180=DIRECTION('ref_axis',(1.,0.,0.));
#8181=DIRECTION('center_axis',(0.,0.,1.));
#8182=DIRECTION('ref_axis',(1.,0.,0.));
#8183=DIRECTION('',(0.,0.,1.));
#8184=DIRECTION('center_axis',(0.,0.,-1.));
#8185=DIRECTION('ref_axis',(1.,0.,0.));
#8186=DIRECTION('center_axis',(0.,0.,-1.));
#8187=DIRECTION('ref_axis',(1.,0.,0.));
#8188=DIRECTION('center_axis',(0.,0.,1.));
#8189=DIRECTION('ref_axis',(1.,0.,0.));
#8190=DIRECTION('',(0.,0.,1.));
#8191=DIRECTION('center_axis',(0.,0.,-1.));
#8192=DIRECTION('ref_axis',(1.,0.,0.));
#8193=DIRECTION('center_axis',(0.,0.,1.));
#8194=DIRECTION('ref_axis',(1.,0.,0.));
#8195=DIRECTION('center_axis',(0.,0.,-1.));
#8196=DIRECTION('ref_axis',(1.,0.,0.));
#8197=DIRECTION('center_axis',(0.,0.,1.));
#8198=DIRECTION('ref_axis',(1.,0.,0.));
#8199=DIRECTION('',(0.,0.,1.));
#8200=DIRECTION('center_axis',(0.,0.,-1.));
#8201=DIRECTION('ref_axis',(1.,0.,0.));
#8202=DIRECTION('center_axis',(0.,0.,-1.));
#8203=DIRECTION('ref_axis',(1.,0.,0.));
#8204=DIRECTION('center_axis',(0.,0.,1.));
#8205=DIRECTION('ref_axis',(1.,0.,0.));
#8206=DIRECTION('',(0.,0.,1.));
#8207=DIRECTION('center_axis',(0.,0.,-1.));
#8208=DIRECTION('ref_axis',(1.,0.,0.));
#8209=DIRECTION('center_axis',(0.,0.,1.));
#8210=DIRECTION('ref_axis',(1.,0.,0.));
#8211=DIRECTION('center_axis',(0.,0.,-1.));
#8212=DIRECTION('ref_axis',(1.,0.,0.));
#8213=DIRECTION('center_axis',(0.,0.,1.));
#8214=DIRECTION('ref_axis',(1.,0.,0.));
#8215=DIRECTION('',(0.,0.,1.));
#8216=DIRECTION('center_axis',(0.,0.,-1.));
#8217=DIRECTION('ref_axis',(1.,0.,0.));
#8218=DIRECTION('center_axis',(0.,0.,-1.));
#8219=DIRECTION('ref_axis',(1.,0.,0.));
#8220=DIRECTION('center_axis',(0.,0.,1.));
#8221=DIRECTION('ref_axis',(1.,0.,0.));
#8222=DIRECTION('',(0.,0.,1.));
#8223=DIRECTION('center_axis',(0.,0.,-1.));
#8224=DIRECTION('ref_axis',(1.,0.,0.));
#8225=DIRECTION('center_axis',(0.,0.,1.));
#8226=DIRECTION('ref_axis',(1.,0.,0.));
#8227=DIRECTION('center_axis',(-0.306580421620853,-0.951844758917535,0.));
#8228=DIRECTION('ref_axis',(0.951844758917535,-0.306580421620853,0.));
#8229=DIRECTION('',(-0.951844758917535,0.306580421620853,0.));
#8230=DIRECTION('',(0.,0.,1.));
#8231=DIRECTION('',(0.951844758917535,-0.306580421620853,0.));
#8232=DIRECTION('',(0.,0.,1.));
#8233=DIRECTION('center_axis',(0.,0.,-1.));
#8234=DIRECTION('ref_axis',(-0.306580421620852,0.951844758917535,0.));
#8235=DIRECTION('center_axis',(0.,0.,-1.));
#8236=DIRECTION('ref_axis',(-0.306580421620852,0.951844758917535,0.));
#8237=DIRECTION('',(0.,0.,1.));
#8238=DIRECTION('center_axis',(0.,0.,1.));
#8239=DIRECTION('ref_axis',(-0.306580421620852,0.951844758917535,0.));
#8240=DIRECTION('center_axis',(-0.306580421620853,0.951844758917535,0.));
#8241=DIRECTION('ref_axis',(-0.951844758917535,-0.306580421620853,0.));
#8242=DIRECTION('',(0.951844758917535,0.306580421620853,0.));
#8243=DIRECTION('',(0.,0.,1.));
#8244=DIRECTION('',(-0.951844758917535,-0.306580421620853,0.));
#8245=DIRECTION('center_axis',(0.,0.,-1.));
#8246=DIRECTION('ref_axis',(0.306580421620853,0.951844758917535,0.));
#8247=DIRECTION('center_axis',(0.,0.,-1.));
#8248=DIRECTION('ref_axis',(0.306580421620853,0.951844758917535,0.));
#8249=DIRECTION('',(0.,0.,1.));
#8250=DIRECTION('center_axis',(0.,0.,1.));
#8251=DIRECTION('ref_axis',(0.306580421620853,0.951844758917535,0.));
#8252=DIRECTION('center_axis',(0.306580421620853,0.951844758917535,0.));
#8253=DIRECTION('ref_axis',(-0.951844758917535,0.306580421620853,0.));
#8254=DIRECTION('',(0.951844758917535,-0.306580421620853,0.));
#8255=DIRECTION('',(0.,0.,1.));
#8256=DIRECTION('',(-0.951844758917535,0.306580421620853,0.));
#8257=DIRECTION('center_axis',(0.,0.,-1.));
#8258=DIRECTION('ref_axis',(0.306580421620853,-0.951844758917535,0.));
#8259=DIRECTION('center_axis',(0.,0.,-1.));
#8260=DIRECTION('ref_axis',(0.306580421620853,-0.951844758917535,0.));
#8261=DIRECTION('',(0.,0.,1.));
#8262=DIRECTION('center_axis',(0.,0.,1.));
#8263=DIRECTION('ref_axis',(0.306580421620853,-0.951844758917535,0.));
#8264=DIRECTION('center_axis',(0.306580421620853,-0.951844758917535,0.));
#8265=DIRECTION('ref_axis',(0.951844758917535,0.306580421620853,0.));
#8266=DIRECTION('',(-0.951844758917535,-0.306580421620853,0.));
#8267=DIRECTION('',(0.,0.,1.));
#8268=DIRECTION('',(0.951844758917535,0.306580421620853,0.));
#8269=DIRECTION('center_axis',(0.,0.,-1.));
#8270=DIRECTION('ref_axis',(-0.306580421620852,-0.951844758917535,0.));
#8271=DIRECTION('center_axis',(0.,0.,-1.));
#8272=DIRECTION('ref_axis',(-0.306580421620852,-0.951844758917535,0.));
#8273=DIRECTION('center_axis',(0.,0.,1.));
#8274=DIRECTION('ref_axis',(-0.306580421620852,-0.951844758917535,0.));
#8275=DIRECTION('center_axis',(-0.306580421620853,0.951844758917535,0.));
#8276=DIRECTION('ref_axis',(-0.951844758917535,-0.306580421620853,0.));
#8277=DIRECTION('',(0.951844758917535,0.306580421620853,0.));
#8278=DIRECTION('',(0.,0.,1.));
#8279=DIRECTION('',(-0.951844758917535,-0.306580421620853,0.));
#8280=DIRECTION('',(0.,0.,1.));
#8281=DIRECTION('center_axis',(0.,0.,-1.));
#8282=DIRECTION('ref_axis',(0.306580421620854,-0.951844758917535,0.));
#8283=DIRECTION('center_axis',(0.,0.,1.));
#8284=DIRECTION('ref_axis',(0.306580421620854,-0.951844758917535,0.));
#8285=DIRECTION('',(0.,0.,1.));
#8286=DIRECTION('center_axis',(0.,0.,-1.));
#8287=DIRECTION('ref_axis',(0.306580421620854,-0.951844758917535,0.));
#8288=DIRECTION('center_axis',(-0.306580421620853,-0.951844758917535,0.));
#8289=DIRECTION('ref_axis',(0.951844758917535,-0.306580421620853,0.));
#8290=DIRECTION('',(0.951844758917535,-0.306580421620853,0.));
#8291=DIRECTION('',(0.,0.,1.));
#8292=DIRECTION('',(0.951844758917535,-0.306580421620853,0.));
#8293=DIRECTION('center_axis',(0.,0.,-1.));
#8294=DIRECTION('ref_axis',(0.306580421620853,0.951844758917535,0.));
#8295=DIRECTION('center_axis',(0.,0.,1.));
#8296=DIRECTION('ref_axis',(0.306580421620853,0.951844758917535,0.));
#8297=DIRECTION('',(0.,0.,1.));
#8298=DIRECTION('center_axis',(0.,0.,-1.));
#8299=DIRECTION('ref_axis',(0.306580421620853,0.951844758917535,0.));
#8300=DIRECTION('center_axis',(0.306580421620853,-0.951844758917535,0.));
#8301=DIRECTION('ref_axis',(0.951844758917535,0.306580421620853,0.));
#8302=DIRECTION('',(-0.951844758917535,-0.306580421620853,0.));
#8303=DIRECTION('',(0.,0.,1.));
#8304=DIRECTION('',(0.951844758917535,0.306580421620853,0.));
#8305=DIRECTION('center_axis',(0.,0.,-1.));
#8306=DIRECTION('ref_axis',(-0.306580421620852,0.951844758917535,0.));
#8307=DIRECTION('center_axis',(0.,0.,1.));
#8308=DIRECTION('ref_axis',(-0.306580421620852,0.951844758917535,0.));
#8309=DIRECTION('',(0.,0.,1.));
#8310=DIRECTION('center_axis',(0.,0.,-1.));
#8311=DIRECTION('ref_axis',(-0.306580421620852,0.951844758917535,0.));
#8312=DIRECTION('center_axis',(0.306580421620853,0.951844758917535,0.));
#8313=DIRECTION('ref_axis',(-0.951844758917535,0.306580421620853,0.));
#8314=DIRECTION('',(-0.951844758917535,0.306580421620853,0.));
#8315=DIRECTION('',(0.,0.,1.));
#8316=DIRECTION('',(-0.951844758917535,0.306580421620853,0.));
#8317=DIRECTION('center_axis',(0.,0.,-1.));
#8318=DIRECTION('ref_axis',(-0.306580421620852,-0.951844758917535,0.));
#8319=DIRECTION('center_axis',(0.,0.,1.));
#8320=DIRECTION('ref_axis',(-0.306580421620852,-0.951844758917535,0.));
#8321=DIRECTION('center_axis',(0.,0.,-1.));
#8322=DIRECTION('ref_axis',(-0.306580421620852,-0.951844758917535,0.));
#8323=DIRECTION('center_axis',(0.,0.,1.));
#8324=DIRECTION('ref_axis',(1.,0.,0.));
#8325=DIRECTION('center_axis',(0.,0.,1.));
#8326=DIRECTION('ref_axis',(1.,0.,0.));
#8327=CARTESIAN_POINT('',(0.,0.,0.));
#8328=CARTESIAN_POINT('Origin',(-225.999999999997,1.7048314773227E-5,3.));
#8329=CARTESIAN_POINT('',(-224.400000000088,4.88498130835069E-14,0.));
#8330=CARTESIAN_POINT('',(-224.400000000088,4.88498130835069E-14,-3.));
#8331=CARTESIAN_POINT('',(-224.400000000088,4.88498130835069E-14,3.));
#8332=CARTESIAN_POINT('',(-227.599999999997,-1.70483146753314E-5,0.));
#8333=CARTESIAN_POINT('Origin',(-225.999999999997,1.7048314773227E-5,0.));
#8334=CARTESIAN_POINT('',(-227.599999999997,-1.70483146757233E-5,-3.));
#8335=CARTESIAN_POINT('',(-227.599999999906,4.88498130835069E-14,3.));
#8336=CARTESIAN_POINT('Origin',(-225.999999999997,1.7048314773227E-5,-3.));
#8337=CARTESIAN_POINT('Origin',(-225.999999999997,-1.70483146755274E-5,
3.));
#8338=CARTESIAN_POINT('Origin',(-225.999999999997,-1.70483146755274E-5,
0.));
#8339=CARTESIAN_POINT('Origin',(-225.999999999997,-1.70483146755274E-5,
-3.));
#8340=CARTESIAN_POINT('Origin',(226.,1.33226762955019E-14,3.));
#8341=CARTESIAN_POINT('',(224.4,1.35186197833655E-14,0.));
#8342=CARTESIAN_POINT('Origin',(226.,1.33226762955019E-14,0.));
#8343=CARTESIAN_POINT('',(224.4,1.31267328076383E-14,-3.));
#8344=CARTESIAN_POINT('',(224.4,1.35186197833655E-14,3.));
#8345=CARTESIAN_POINT('Origin',(226.,1.33226762955019E-14,-3.));
#8346=CARTESIAN_POINT('Origin',(178.499753351947,48.8104239841916,3.));
#8347=CARTESIAN_POINT('',(176.899753351947,48.8104239841916,0.));
#8348=CARTESIAN_POINT('Origin',(178.499753351947,48.8104239841916,0.));
#8349=CARTESIAN_POINT('',(176.899753351947,48.8104239841916,-3.));
#8350=CARTESIAN_POINT('',(176.899753351947,48.8104239841916,3.));
#8351=CARTESIAN_POINT('Origin',(178.499753351947,48.8104239841916,-3.));
#8352=CARTESIAN_POINT('Origin',(-178.499737124598,48.8104292108711,3.));
#8353=CARTESIAN_POINT('',(-180.099737124598,48.8104292108711,0.));
#8354=CARTESIAN_POINT('Origin',(-178.499737124598,48.8104292108711,0.));
#8355=CARTESIAN_POINT('',(-180.099737124598,48.8104292108711,-3.));
#8356=CARTESIAN_POINT('',(-180.099737124598,48.8104292108711,3.));
#8357=CARTESIAN_POINT('Origin',(-178.499737124598,48.8104292108711,-3.));
#8358=CARTESIAN_POINT('Origin',(-107.762985932173,71.5940846352341,3.));
#8359=CARTESIAN_POINT('',(-109.362985932173,71.5940846352341,0.));
#8360=CARTESIAN_POINT('Origin',(-107.762985932173,71.5940846352341,0.));
#8361=CARTESIAN_POINT('',(-109.362985932173,71.5940846352341,-3.));
#8362=CARTESIAN_POINT('',(-109.362985932173,71.5940846352341,3.));
#8363=CARTESIAN_POINT('Origin',(-107.762985932173,71.5940846352341,-3.));
#8364=CARTESIAN_POINT('Origin',(-36.8481840164802,93.7639774541506,3.));
#8365=CARTESIAN_POINT('',(-38.4481840164802,93.7639774541506,0.));
#8366=CARTESIAN_POINT('Origin',(-36.8481840164802,93.7639774541506,0.));
#8367=CARTESIAN_POINT('',(-38.4481840164802,93.7639774541506,-3.));
#8368=CARTESIAN_POINT('',(-38.4481840164802,93.7639774541506,3.));
#8369=CARTESIAN_POINT('Origin',(-36.8481840164802,93.7639774541506,-3.));
#8370=CARTESIAN_POINT('Origin',(36.8482006394717,93.7639736698158,3.));
#8371=CARTESIAN_POINT('',(35.2482006394717,93.7639736698158,0.));
#8372=CARTESIAN_POINT('Origin',(36.8482006394717,93.7639736698158,0.));
#8373=CARTESIAN_POINT('',(35.2482006394717,93.7639736698158,-3.));
#8374=CARTESIAN_POINT('',(35.2482006394717,93.7639736698158,3.));
#8375=CARTESIAN_POINT('Origin',(36.8482006394717,93.7639736698158,-3.));
#8376=CARTESIAN_POINT('Origin',(107.763002159522,71.5940794085545,3.));
#8377=CARTESIAN_POINT('',(106.163002159522,71.5940794085545,0.));
#8378=CARTESIAN_POINT('Origin',(107.763002159522,71.5940794085545,0.));
#8379=CARTESIAN_POINT('',(106.163002159522,71.5940794085545,-3.));
#8380=CARTESIAN_POINT('',(106.163002159522,71.5940794085545,3.));
#8381=CARTESIAN_POINT('Origin',(107.763002159522,71.5940794085545,-3.));
#8382=CARTESIAN_POINT('Origin',(178.499753351947,-48.8104239841916,3.));
#8383=CARTESIAN_POINT('',(176.899753351947,-48.8104239841916,0.));
#8384=CARTESIAN_POINT('Origin',(178.499753351947,-48.8104239841916,0.));
#8385=CARTESIAN_POINT('',(176.899753351947,-48.8104239841916,-3.));
#8386=CARTESIAN_POINT('',(176.899753351947,-48.8104239841916,3.));
#8387=CARTESIAN_POINT('Origin',(178.499753351947,-48.8104239841916,-3.));
#8388=CARTESIAN_POINT('Origin',(107.763002159522,-71.5940794085545,3.));
#8389=CARTESIAN_POINT('',(106.163002159522,-71.5940794085545,0.));
#8390=CARTESIAN_POINT('Origin',(107.763002159522,-71.5940794085545,0.));
#8391=CARTESIAN_POINT('',(106.163002159522,-71.5940794085545,-3.));
#8392=CARTESIAN_POINT('',(106.163002159522,-71.5940794085545,3.));
#8393=CARTESIAN_POINT('Origin',(107.763002159522,-71.5940794085545,-3.));
#8394=CARTESIAN_POINT('Origin',(36.8482006394715,-93.7639736698158,3.));
#8395=CARTESIAN_POINT('',(35.2482006394715,-93.7639736698158,0.));
#8396=CARTESIAN_POINT('Origin',(36.8482006394715,-93.7639736698158,0.));
#8397=CARTESIAN_POINT('',(35.2482006394715,-93.7639736698158,-3.));
#8398=CARTESIAN_POINT('',(35.2482006394715,-93.7639736698158,3.));
#8399=CARTESIAN_POINT('Origin',(36.8482006394715,-93.7639736698158,-3.));
#8400=CARTESIAN_POINT('Origin',(-36.8481840164802,-93.7639774541505,3.));
#8401=CARTESIAN_POINT('',(-38.4481840164802,-93.7639774541505,0.));
#8402=CARTESIAN_POINT('Origin',(-36.8481840164802,-93.7639774541505,0.));
#8403=CARTESIAN_POINT('',(-38.4481840164802,-93.7639774541505,-3.));
#8404=CARTESIAN_POINT('',(-38.4481840164802,-93.7639774541505,3.));
#8405=CARTESIAN_POINT('Origin',(-36.8481840164802,-93.7639774541505,-3.));
#8406=CARTESIAN_POINT('Origin',(-107.762985932173,-71.594084635234,3.));
#8407=CARTESIAN_POINT('',(-109.362985932173,-71.594084635234,0.));
#8408=CARTESIAN_POINT('Origin',(-107.762985932173,-71.594084635234,0.));
#8409=CARTESIAN_POINT('',(-109.362985932173,-71.594084635234,-3.));
#8410=CARTESIAN_POINT('',(-109.362985932173,-71.594084635234,3.));
#8411=CARTESIAN_POINT('Origin',(-107.762985932173,-71.594084635234,-3.));
#8412=CARTESIAN_POINT('Origin',(-178.499737124598,-48.810429210871,3.));
#8413=CARTESIAN_POINT('',(-180.099737124598,-48.810429210871,0.));
#8414=CARTESIAN_POINT('Origin',(-178.499737124598,-48.810429210871,0.));
#8415=CARTESIAN_POINT('',(-180.099737124598,-48.810429210871,-3.));
#8416=CARTESIAN_POINT('',(-180.099737124598,-48.810429210871,3.));
#8417=CARTESIAN_POINT('Origin',(-178.499737124598,-48.810429210871,-3.));
#8418=CARTESIAN_POINT('Origin',(-192.263216864834,-38.0737903567013,0.));
#8419=CARTESIAN_POINT('',(-49.0528674593364,-84.2005236184758,0.));
#8420=CARTESIAN_POINT('',(-192.263216864834,-38.0737903567014,0.));
#8421=CARTESIAN_POINT('',(-49.0528674593364,-84.2005236184758,0.));
#8422=CARTESIAN_POINT('',(-49.0528674593364,-84.2005236184758,-3.));
#8423=CARTESIAN_POINT('',(-49.0528674593364,-84.2005236184758,0.));
#8424=CARTESIAN_POINT('',(-192.263216864834,-38.0737903567014,-3.));
#8425=CARTESIAN_POINT('',(-49.0528674593364,-84.2005236184758,-3.));
#8426=CARTESIAN_POINT('',(-192.263216864834,-38.0737903567014,0.));
#8427=CARTESIAN_POINT('Origin',(-180.,4.44089209850063E-14,0.));
#8428=CARTESIAN_POINT('',(-192.263216864834,38.0737903567014,0.));
#8429=CARTESIAN_POINT('Origin',(-180.,4.44089209850063E-14,0.));
#8430=CARTESIAN_POINT('',(-192.263216864834,38.0737903567015,-3.));
#8431=CARTESIAN_POINT('Origin',(-180.,4.44089209850063E-14,-3.));
#8432=CARTESIAN_POINT('',(-192.263216864834,38.0737903567014,0.));
#8433=CARTESIAN_POINT('Origin',(-49.0528674593365,84.2005236184758,0.));
#8434=CARTESIAN_POINT('',(-49.0528674593365,84.2005236184758,0.));
#8435=CARTESIAN_POINT('',(-49.0528674593365,84.2005236184758,0.));
#8436=CARTESIAN_POINT('',(-49.0528674593365,84.2005236184758,-3.));
#8437=CARTESIAN_POINT('',(-49.0528674593365,84.2005236184758,-3.));
#8438=CARTESIAN_POINT('',(-49.0528674593365,84.2005236184758,0.));
#8439=CARTESIAN_POINT('Origin',(0.,-68.0946378083287,0.));
#8440=CARTESIAN_POINT('',(49.0528674593363,84.2005236184759,0.));
#8441=CARTESIAN_POINT('Origin',(0.,-68.0946378083287,0.));
#8442=CARTESIAN_POINT('',(49.0528674593363,84.2005236184759,-3.));
#8443=CARTESIAN_POINT('Origin',(0.,-68.0946378083287,-3.));
#8444=CARTESIAN_POINT('',(49.0528674593363,84.2005236184759,0.));
#8445=CARTESIAN_POINT('Origin',(192.263216864834,38.0737903567014,0.));
#8446=CARTESIAN_POINT('',(192.263216864834,38.0737903567014,0.));
#8447=CARTESIAN_POINT('',(49.0528674593362,84.2005236184759,0.));
#8448=CARTESIAN_POINT('',(192.263216864834,38.0737903567014,-3.));
#8449=CARTESIAN_POINT('',(49.0528674593362,84.2005236184759,-3.));
#8450=CARTESIAN_POINT('',(192.263216864834,38.0737903567014,0.));
#8451=CARTESIAN_POINT('Origin',(180.,0.,0.));
#8452=CARTESIAN_POINT('',(192.263216864834,-38.0737903567014,0.));
#8453=CARTESIAN_POINT('Origin',(180.,0.,0.));
#8454=CARTESIAN_POINT('',(192.263216864834,-38.0737903567014,-3.));
#8455=CARTESIAN_POINT('Origin',(180.,0.,-3.));
#8456=CARTESIAN_POINT('',(192.263216864834,-38.0737903567014,0.));
#8457=CARTESIAN_POINT('Origin',(49.0528674593365,-84.2005236184758,0.));
#8458=CARTESIAN_POINT('',(49.0528674593365,-84.2005236184758,0.));
#8459=CARTESIAN_POINT('',(49.0528674593365,-84.2005236184758,0.));
#8460=CARTESIAN_POINT('',(49.0528674593365,-84.2005236184758,-3.));
#8461=CARTESIAN_POINT('',(49.0528674593365,-84.2005236184758,-3.));
#8462=CARTESIAN_POINT('',(49.0528674593365,-84.2005236184758,0.));
#8463=CARTESIAN_POINT('Origin',(1.77635683940025E-14,68.09463780833,0.));
#8464=CARTESIAN_POINT('Origin',(1.77635683940025E-14,68.09463780833,0.));
#8465=CARTESIAN_POINT('Origin',(1.77635683940025E-14,68.09463780833,-3.));
#8466=CARTESIAN_POINT('Origin',(195.942181924284,-49.4959274637118,0.));
#8467=CARTESIAN_POINT('',(52.7318325187866,-95.6226607254863,0.));
#8468=CARTESIAN_POINT('',(195.942181924284,-49.4959274637118,0.));
#8469=CARTESIAN_POINT('',(52.7318325187866,-95.6226607254863,0.));
#8470=CARTESIAN_POINT('',(52.7318325187866,-95.6226607254863,-3.));
#8471=CARTESIAN_POINT('',(52.7318325187866,-95.6226607254863,0.));
#8472=CARTESIAN_POINT('',(195.942181924284,-49.4959274637118,-3.));
#8473=CARTESIAN_POINT('',(52.7318325187866,-95.6226607254863,-3.));
#8474=CARTESIAN_POINT('',(195.942181924284,-49.4959274637118,0.));
#8475=CARTESIAN_POINT('Origin',(180.,0.,0.));
#8476=CARTESIAN_POINT('',(195.942181924284,49.4959274637118,0.));
#8477=CARTESIAN_POINT('Origin',(180.,0.,0.));
#8478=CARTESIAN_POINT('',(195.942181924284,49.4959274637118,-3.));
#8479=CARTESIAN_POINT('Origin',(180.,0.,-3.));
#8480=CARTESIAN_POINT('',(195.942181924284,49.4959274637118,0.));
#8481=CARTESIAN_POINT('Origin',(52.7318325187865,95.6226607254863,0.));
#8482=CARTESIAN_POINT('',(52.7318325187865,95.6226607254864,0.));
#8483=CARTESIAN_POINT('',(52.7318325187865,95.6226607254863,0.));
#8484=CARTESIAN_POINT('',(52.7318325187865,95.6226607254864,-3.));
#8485=CARTESIAN_POINT('',(52.7318325187865,95.6226607254863,-3.));
#8486=CARTESIAN_POINT('',(52.7318325187865,95.6226607254864,0.));
#8487=CARTESIAN_POINT('Origin',(0.,-68.0946378083287,0.));
#8488=CARTESIAN_POINT('',(-52.7318325187868,95.6226607254862,0.));
#8489=CARTESIAN_POINT('Origin',(0.,-68.0946378083287,0.));
#8490=CARTESIAN_POINT('',(-52.7318325187868,95.6226607254862,-3.));
#8491=CARTESIAN_POINT('Origin',(0.,-68.0946378083287,-3.));
#8492=CARTESIAN_POINT('',(-52.7318325187868,95.6226607254862,0.));
#8493=CARTESIAN_POINT('Origin',(-195.942181924284,49.4959274637119,0.));
#8494=CARTESIAN_POINT('',(-195.942181924284,49.4959274637119,0.));
#8495=CARTESIAN_POINT('',(-52.7318325187868,95.6226607254862,0.));
#8496=CARTESIAN_POINT('',(-195.942181924284,49.4959274637119,-3.));
#8497=CARTESIAN_POINT('',(-52.7318325187868,95.6226607254862,-3.));
#8498=CARTESIAN_POINT('',(-195.942181924284,49.4959274637119,0.));
#8499=CARTESIAN_POINT('Origin',(-180.,4.44089209850063E-14,0.));
#8500=CARTESIAN_POINT('',(-195.942181924284,-49.4959274637118,0.));
#8501=CARTESIAN_POINT('Origin',(-180.,4.44089209850063E-14,0.));
#8502=CARTESIAN_POINT('',(-195.942181924284,-49.4959274637118,-3.));
#8503=CARTESIAN_POINT('Origin',(-180.,4.44089209850063E-14,-3.));
#8504=CARTESIAN_POINT('',(-195.942181924284,-49.4959274637118,0.));
#8505=CARTESIAN_POINT('Origin',(-52.7318325187866,-95.6226607254863,0.));
#8506=CARTESIAN_POINT('',(-52.7318325187866,-95.6226607254863,0.));
#8507=CARTESIAN_POINT('',(-52.7318325187866,-95.6226607254863,0.));
#8508=CARTESIAN_POINT('',(-52.7318325187866,-95.6226607254863,-3.));
#8509=CARTESIAN_POINT('',(-52.7318325187866,-95.6226607254863,-3.));
#8510=CARTESIAN_POINT('',(-52.7318325187866,-95.6226607254863,0.));
#8511=CARTESIAN_POINT('Origin',(1.77635683940025E-14,68.09463780833,0.));
#8512=CARTESIAN_POINT('Origin',(1.77635683940025E-14,68.09463780833,0.));
#8513=CARTESIAN_POINT('Origin',(1.77635683940025E-14,68.09463780833,-3.));
#8514=CARTESIAN_POINT('Origin',(-3.5527136788005E-14,1.77635683940025E-14,
0.));
#8515=CARTESIAN_POINT('Origin',(-3.5527136788005E-14,1.77635683940025E-14,
-3.));
#8516=CARTESIAN_POINT('Origin',(-225.999999999997,1.7048314773227E-5,3.));
#8517=CARTESIAN_POINT('',(-224.400000000088,4.88498130835069E-14,-3.));
#8518=CARTESIAN_POINT('',(-224.400000000088,4.88498130835069E-14,-6.));
#8519=CARTESIAN_POINT('',(-224.400000000088,4.88498130835069E-14,3.));
#8520=CARTESIAN_POINT('',(-227.599999999997,-1.70483146753314E-5,-3.));
#8521=CARTESIAN_POINT('Origin',(-225.999999999997,1.7048314773227E-5,-3.));
#8522=CARTESIAN_POINT('',(-227.599999999997,-1.70483146757233E-5,-6.));
#8523=CARTESIAN_POINT('',(-227.599999999906,4.88498130835069E-14,3.));
#8524=CARTESIAN_POINT('Origin',(-225.999999999997,1.7048314773227E-5,-6.));
#8525=CARTESIAN_POINT('Origin',(-225.999999999997,-1.70483146755274E-5,
3.));
#8526=CARTESIAN_POINT('Origin',(-225.999999999997,-1.70483146755274E-5,
-3.));
#8527=CARTESIAN_POINT('Origin',(-225.999999999997,-1.70483146755274E-5,
-6.));
#8528=CARTESIAN_POINT('Origin',(178.499753351947,-48.8104239841916,3.));
#8529=CARTESIAN_POINT('',(176.899753351947,-48.8104239841916,-3.));
#8530=CARTESIAN_POINT('Origin',(178.499753351947,-48.8104239841916,-3.));
#8531=CARTESIAN_POINT('',(176.899753351947,-48.8104239841916,-6.));
#8532=CARTESIAN_POINT('',(176.899753351947,-48.8104239841916,3.));
#8533=CARTESIAN_POINT('Origin',(178.499753351947,-48.8104239841916,-6.));
#8534=CARTESIAN_POINT('Origin',(-178.499737124598,48.8104292108711,3.));
#8535=CARTESIAN_POINT('',(-180.099737124598,48.8104292108711,-3.));
#8536=CARTESIAN_POINT('Origin',(-178.499737124598,48.8104292108711,-3.));
#8537=CARTESIAN_POINT('',(-180.099737124598,48.8104292108711,-6.));
#8538=CARTESIAN_POINT('',(-180.099737124598,48.8104292108711,3.));
#8539=CARTESIAN_POINT('Origin',(-178.499737124598,48.8104292108711,-6.));
#8540=CARTESIAN_POINT('Origin',(-107.762985932173,71.5940846352341,3.));
#8541=CARTESIAN_POINT('',(-109.362985932173,71.5940846352341,-3.));
#8542=CARTESIAN_POINT('Origin',(-107.762985932173,71.5940846352341,-3.));
#8543=CARTESIAN_POINT('',(-109.362985932173,71.5940846352341,-6.));
#8544=CARTESIAN_POINT('',(-109.362985932173,71.5940846352341,3.));
#8545=CARTESIAN_POINT('Origin',(-107.762985932173,71.5940846352341,-6.));
#8546=CARTESIAN_POINT('Origin',(-36.8481840164802,93.7639774541506,3.));
#8547=CARTESIAN_POINT('',(-38.4481840164802,93.7639774541506,-3.));
#8548=CARTESIAN_POINT('Origin',(-36.8481840164802,93.7639774541506,-3.));
#8549=CARTESIAN_POINT('',(-38.4481840164802,93.7639774541506,-6.));
#8550=CARTESIAN_POINT('',(-38.4481840164802,93.7639774541506,3.));
#8551=CARTESIAN_POINT('Origin',(-36.8481840164802,93.7639774541506,-6.));
#8552=CARTESIAN_POINT('Origin',(36.8482006394717,93.7639736698158,3.));
#8553=CARTESIAN_POINT('',(35.2482006394717,93.7639736698158,-3.));
#8554=CARTESIAN_POINT('Origin',(36.8482006394717,93.7639736698158,-3.));
#8555=CARTESIAN_POINT('',(35.2482006394717,93.7639736698158,-6.));
#8556=CARTESIAN_POINT('',(35.2482006394717,93.7639736698158,3.));
#8557=CARTESIAN_POINT('Origin',(36.8482006394717,93.7639736698158,-6.));
#8558=CARTESIAN_POINT('Origin',(107.763002159522,71.5940794085545,3.));
#8559=CARTESIAN_POINT('',(106.163002159522,71.5940794085545,-3.));
#8560=CARTESIAN_POINT('Origin',(107.763002159522,71.5940794085545,-3.));
#8561=CARTESIAN_POINT('',(106.163002159522,71.5940794085545,-6.));
#8562=CARTESIAN_POINT('',(106.163002159522,71.5940794085545,3.));
#8563=CARTESIAN_POINT('Origin',(107.763002159522,71.5940794085545,-6.));
#8564=CARTESIAN_POINT('Origin',(178.499753351947,48.8104239841916,3.));
#8565=CARTESIAN_POINT('',(176.899753351947,48.8104239841916,-3.));
#8566=CARTESIAN_POINT('Origin',(178.499753351947,48.8104239841916,-3.));
#8567=CARTESIAN_POINT('',(176.899753351947,48.8104239841916,-6.));
#8568=CARTESIAN_POINT('',(176.899753351947,48.8104239841916,3.));
#8569=CARTESIAN_POINT('Origin',(178.499753351947,48.8104239841916,-6.));
#8570=CARTESIAN_POINT('Origin',(226.,1.33226762955019E-14,3.));
#8571=CARTESIAN_POINT('',(224.4,1.35186197833655E-14,-3.));
#8572=CARTESIAN_POINT('Origin',(226.,1.33226762955019E-14,-3.));
#8573=CARTESIAN_POINT('',(224.4,1.31267328076383E-14,-6.));
#8574=CARTESIAN_POINT('',(224.4,1.35186197833655E-14,3.));
#8575=CARTESIAN_POINT('Origin',(226.,1.33226762955019E-14,-6.));
#8576=CARTESIAN_POINT('Origin',(107.763002159522,-71.5940794085545,3.));
#8577=CARTESIAN_POINT('',(106.163002159522,-71.5940794085545,-3.));
#8578=CARTESIAN_POINT('Origin',(107.763002159522,-71.5940794085545,-3.));
#8579=CARTESIAN_POINT('',(106.163002159522,-71.5940794085545,-6.));
#8580=CARTESIAN_POINT('',(106.163002159522,-71.5940794085545,3.));
#8581=CARTESIAN_POINT('Origin',(107.763002159522,-71.5940794085545,-6.));
#8582=CARTESIAN_POINT('Origin',(36.8482006394715,-93.7639736698158,3.));
#8583=CARTESIAN_POINT('',(35.2482006394715,-93.7639736698158,-3.));
#8584=CARTESIAN_POINT('Origin',(36.8482006394715,-93.7639736698158,-3.));
#8585=CARTESIAN_POINT('',(35.2482006394715,-93.7639736698158,-6.));
#8586=CARTESIAN_POINT('',(35.2482006394715,-93.7639736698158,3.));
#8587=CARTESIAN_POINT('Origin',(36.8482006394715,-93.7639736698158,-6.));
#8588=CARTESIAN_POINT('Origin',(-36.8481840164802,-93.7639774541505,3.));
#8589=CARTESIAN_POINT('',(-38.4481840164802,-93.7639774541505,-3.));
#8590=CARTESIAN_POINT('Origin',(-36.8481840164802,-93.7639774541505,-3.));
#8591=CARTESIAN_POINT('',(-38.4481840164802,-93.7639774541505,-6.));
#8592=CARTESIAN_POINT('',(-38.4481840164802,-93.7639774541505,3.));
#8593=CARTESIAN_POINT('Origin',(-36.8481840164802,-93.7639774541505,-6.));
#8594=CARTESIAN_POINT('Origin',(-107.762985932173,-71.594084635234,3.));
#8595=CARTESIAN_POINT('',(-109.362985932173,-71.594084635234,-3.));
#8596=CARTESIAN_POINT('Origin',(-107.762985932173,-71.594084635234,-3.));
#8597=CARTESIAN_POINT('',(-109.362985932173,-71.594084635234,-6.));
#8598=CARTESIAN_POINT('',(-109.362985932173,-71.594084635234,3.));
#8599=CARTESIAN_POINT('Origin',(-107.762985932173,-71.594084635234,-6.));
#8600=CARTESIAN_POINT('Origin',(-178.499737124598,-48.810429210871,3.));
#8601=CARTESIAN_POINT('',(-180.099737124598,-48.810429210871,-3.));
#8602=CARTESIAN_POINT('Origin',(-178.499737124598,-48.810429210871,-3.));
#8603=CARTESIAN_POINT('',(-180.099737124598,-48.810429210871,-6.));
#8604=CARTESIAN_POINT('',(-180.099737124598,-48.810429210871,3.));
#8605=CARTESIAN_POINT('Origin',(-178.499737124598,-48.810429210871,-6.));
#8606=CARTESIAN_POINT('Origin',(-192.263216864834,-38.0737903567013,-3.));
#8607=CARTESIAN_POINT('',(-49.0528674593364,-84.2005236184758,-3.));
#8608=CARTESIAN_POINT('',(-192.263216864834,-38.0737903567014,-3.));
#8609=CARTESIAN_POINT('',(-49.0528674593364,-84.2005236184758,-3.));
#8610=CARTESIAN_POINT('',(-49.0528674593364,-84.2005236184758,-6.));
#8611=CARTESIAN_POINT('',(-49.0528674593364,-84.2005236184758,-3.));
#8612=CARTESIAN_POINT('',(-192.263216864834,-38.0737903567014,-6.));
#8613=CARTESIAN_POINT('',(-49.0528674593364,-84.2005236184758,-6.));
#8614=CARTESIAN_POINT('',(-192.263216864834,-38.0737903567014,-3.));
#8615=CARTESIAN_POINT('Origin',(-180.,4.44089209850063E-14,-3.));
#8616=CARTESIAN_POINT('',(-192.263216864834,38.0737903567014,-3.));
#8617=CARTESIAN_POINT('Origin',(-180.,4.44089209850063E-14,-3.));
#8618=CARTESIAN_POINT('',(-192.263216864834,38.0737903567015,-6.));
#8619=CARTESIAN_POINT('Origin',(-180.,4.44089209850063E-14,-6.));
#8620=CARTESIAN_POINT('',(-192.263216864834,38.0737903567014,-3.));
#8621=CARTESIAN_POINT('Origin',(-49.0528674593365,84.2005236184758,-3.));
#8622=CARTESIAN_POINT('',(-49.0528674593365,84.2005236184758,-3.));
#8623=CARTESIAN_POINT('',(-49.0528674593365,84.2005236184758,-3.));
#8624=CARTESIAN_POINT('',(-49.0528674593365,84.2005236184758,-6.));
#8625=CARTESIAN_POINT('',(-49.0528674593365,84.2005236184758,-6.));
#8626=CARTESIAN_POINT('',(-49.0528674593365,84.2005236184758,-3.));
#8627=CARTESIAN_POINT('Origin',(0.,-68.0946378083287,-3.));
#8628=CARTESIAN_POINT('',(49.0528674593363,84.2005236184759,-3.));
#8629=CARTESIAN_POINT('Origin',(0.,-68.0946378083287,-3.));
#8630=CARTESIAN_POINT('',(49.0528674593363,84.2005236184759,-6.));
#8631=CARTESIAN_POINT('Origin',(0.,-68.0946378083287,-6.));
#8632=CARTESIAN_POINT('',(49.0528674593363,84.2005236184759,-3.));
#8633=CARTESIAN_POINT('Origin',(192.263216864834,38.0737903567014,-3.));
#8634=CARTESIAN_POINT('',(192.263216864834,38.0737903567014,-3.));
#8635=CARTESIAN_POINT('',(49.0528674593362,84.2005236184759,-3.));
#8636=CARTESIAN_POINT('',(192.263216864834,38.0737903567014,-6.));
#8637=CARTESIAN_POINT('',(49.0528674593362,84.2005236184759,-6.));
#8638=CARTESIAN_POINT('',(192.263216864834,38.0737903567014,-3.));
#8639=CARTESIAN_POINT('Origin',(180.,0.,-3.));
#8640=CARTESIAN_POINT('',(192.263216864834,-38.0737903567014,-3.));
#8641=CARTESIAN_POINT('Origin',(180.,0.,-3.));
#8642=CARTESIAN_POINT('',(192.263216864834,-38.0737903567014,-6.));
#8643=CARTESIAN_POINT('Origin',(180.,0.,-6.));
#8644=CARTESIAN_POINT('',(192.263216864834,-38.0737903567014,-3.));
#8645=CARTESIAN_POINT('Origin',(49.0528674593365,-84.2005236184758,-3.));
#8646=CARTESIAN_POINT('',(49.0528674593365,-84.2005236184758,-3.));
#8647=CARTESIAN_POINT('',(49.0528674593365,-84.2005236184758,-3.));
#8648=CARTESIAN_POINT('',(49.0528674593365,-84.2005236184758,-6.));
#8649=CARTESIAN_POINT('',(49.0528674593365,-84.2005236184758,-6.));
#8650=CARTESIAN_POINT('',(49.0528674593365,-84.2005236184758,-3.));
#8651=CARTESIAN_POINT('Origin',(1.77635683940025E-14,68.09463780833,-3.));
#8652=CARTESIAN_POINT('Origin',(1.77635683940025E-14,68.09463780833,-3.));
#8653=CARTESIAN_POINT('Origin',(1.77635683940025E-14,68.09463780833,-6.));
#8654=CARTESIAN_POINT('Origin',(195.942181924284,-49.4959274637118,-3.));
#8655=CARTESIAN_POINT('',(52.7318325187866,-95.6226607254863,-3.));
#8656=CARTESIAN_POINT('',(195.942181924284,-49.4959274637118,-3.));
#8657=CARTESIAN_POINT('',(52.7318325187866,-95.6226607254863,-3.));
#8658=CARTESIAN_POINT('',(52.7318325187866,-95.6226607254863,-6.));
#8659=CARTESIAN_POINT('',(52.7318325187866,-95.6226607254863,-3.));
#8660=CARTESIAN_POINT('',(195.942181924284,-49.4959274637118,-6.));
#8661=CARTESIAN_POINT('',(52.7318325187866,-95.6226607254863,-6.));
#8662=CARTESIAN_POINT('',(195.942181924284,-49.4959274637118,-3.));
#8663=CARTESIAN_POINT('Origin',(180.,0.,-3.));
#8664=CARTESIAN_POINT('',(195.942181924284,49.4959274637118,-3.));
#8665=CARTESIAN_POINT('Origin',(180.,0.,-3.));
#8666=CARTESIAN_POINT('',(195.942181924284,49.4959274637118,-6.));
#8667=CARTESIAN_POINT('Origin',(180.,0.,-6.));
#8668=CARTESIAN_POINT('',(195.942181924284,49.4959274637118,-3.));
#8669=CARTESIAN_POINT('Origin',(52.7318325187865,95.6226607254863,-3.));
#8670=CARTESIAN_POINT('',(52.7318325187865,95.6226607254864,-3.));
#8671=CARTESIAN_POINT('',(52.7318325187865,95.6226607254863,-3.));
#8672=CARTESIAN_POINT('',(52.7318325187865,95.6226607254864,-6.));
#8673=CARTESIAN_POINT('',(52.7318325187865,95.6226607254863,-6.));
#8674=CARTESIAN_POINT('',(52.7318325187865,95.6226607254864,-3.));
#8675=CARTESIAN_POINT('Origin',(0.,-68.0946378083287,-3.));
#8676=CARTESIAN_POINT('',(-52.7318325187868,95.6226607254862,-3.));
#8677=CARTESIAN_POINT('Origin',(0.,-68.0946378083287,-3.));
#8678=CARTESIAN_POINT('',(-52.7318325187868,95.6226607254862,-6.));
#8679=CARTESIAN_POINT('Origin',(0.,-68.0946378083287,-6.));
#8680=CARTESIAN_POINT('',(-52.7318325187868,95.6226607254862,-3.));
#8681=CARTESIAN_POINT('Origin',(-195.942181924284,49.4959274637119,-3.));
#8682=CARTESIAN_POINT('',(-195.942181924284,49.4959274637119,-3.));
#8683=CARTESIAN_POINT('',(-52.7318325187868,95.6226607254862,-3.));
#8684=CARTESIAN_POINT('',(-195.942181924284,49.4959274637119,-6.));
#8685=CARTESIAN_POINT('',(-52.7318325187868,95.6226607254862,-6.));
#8686=CARTESIAN_POINT('',(-195.942181924284,49.4959274637119,-3.));
#8687=CARTESIAN_POINT('Origin',(-180.,4.44089209850063E-14,-3.));
#8688=CARTESIAN_POINT('',(-195.942181924284,-49.4959274637118,-3.));
#8689=CARTESIAN_POINT('Origin',(-180.,4.44089209850063E-14,-3.));
#8690=CARTESIAN_POINT('',(-195.942181924284,-49.4959274637118,-6.));
#8691=CARTESIAN_POINT('Origin',(-180.,4.44089209850063E-14,-6.));
#8692=CARTESIAN_POINT('',(-195.942181924284,-49.4959274637118,-3.));
#8693=CARTESIAN_POINT('Origin',(-52.7318325187866,-95.6226607254863,-3.));
#8694=CARTESIAN_POINT('',(-52.7318325187866,-95.6226607254863,-3.));
#8695=CARTESIAN_POINT('',(-52.7318325187866,-95.6226607254863,-3.));
#8696=CARTESIAN_POINT('',(-52.7318325187866,-95.6226607254863,-6.));
#8697=CARTESIAN_POINT('',(-52.7318325187866,-95.6226607254863,-6.));
#8698=CARTESIAN_POINT('',(-52.7318325187866,-95.6226607254863,-3.));
#8699=CARTESIAN_POINT('Origin',(1.77635683940025E-14,68.09463780833,-3.));
#8700=CARTESIAN_POINT('Origin',(1.77635683940025E-14,68.09463780833,-3.));
#8701=CARTESIAN_POINT('Origin',(1.77635683940025E-14,68.09463780833,-6.));
#8702=CARTESIAN_POINT('Origin',(-3.5527136788005E-14,1.77635683940025E-14,
-3.));
#8703=CARTESIAN_POINT('Origin',(-3.5527136788005E-14,1.77635683940025E-14,
-6.));
#8704=CARTESIAN_POINT('Origin',(226.,1.33226762955019E-14,3.));
#8705=CARTESIAN_POINT('',(224.4,1.31267328076383E-14,3.));
#8706=CARTESIAN_POINT('Origin',(226.,1.33226762955019E-14,3.));
#8707=CARTESIAN_POINT('',(224.4,1.31267328076383E-14,0.));
#8708=CARTESIAN_POINT('',(224.4,1.35186197833655E-14,3.));
#8709=CARTESIAN_POINT('Origin',(226.,1.33226762955019E-14,0.));
#8710=CARTESIAN_POINT('Origin',(226.,1.33226762955019E-14,10.));
#8711=CARTESIAN_POINT('',(222.999999955295,1.29552822502828E-14,10.));
#8712=CARTESIAN_POINT('Origin',(226.,1.33226762955019E-14,10.));
#8713=CARTESIAN_POINT('',(222.999999955295,1.29552822502828E-14,3.));
#8714=CARTESIAN_POINT('',(222.999999955295,1.36900703407209E-14,10.));
#8715=CARTESIAN_POINT('Origin',(226.,1.33226762955019E-14,3.));
#8716=CARTESIAN_POINT('Origin',(226.,1.33226762955019E-14,3.));
#8717=CARTESIAN_POINT('Origin',(-178.499737124598,48.8104292108711,3.));
#8718=CARTESIAN_POINT('',(-180.099737124598,48.8104292108711,3.));
#8719=CARTESIAN_POINT('Origin',(-178.499737124598,48.8104292108711,3.));
#8720=CARTESIAN_POINT('',(-180.099737124598,48.8104292108711,0.));
#8721=CARTESIAN_POINT('',(-180.099737124598,48.8104292108711,3.));
#8722=CARTESIAN_POINT('Origin',(-178.499737124598,48.8104292108711,0.));
#8723=CARTESIAN_POINT('Origin',(-178.499737124598,48.8104292108711,10.));
#8724=CARTESIAN_POINT('',(-181.499737169303,48.8104292108711,10.));
#8725=CARTESIAN_POINT('Origin',(-178.499737124598,48.8104292108711,10.));
#8726=CARTESIAN_POINT('',(-181.499737169303,48.8104292108711,3.));
#8727=CARTESIAN_POINT('',(-181.499737169303,48.8104292108711,10.));
#8728=CARTESIAN_POINT('Origin',(-178.499737124598,48.8104292108711,3.));
#8729=CARTESIAN_POINT('Origin',(-178.499737124598,48.8104292108711,3.));
#8730=CARTESIAN_POINT('Origin',(-225.999999999997,-1.70483146755274E-5,
3.));
#8731=CARTESIAN_POINT('',(-227.599999999997,-1.70483146757233E-5,3.));
#8732=CARTESIAN_POINT('Origin',(-225.999999999997,-1.70483146755274E-5,
3.));
#8733=CARTESIAN_POINT('',(-227.599999999997,-1.70483146757233E-5,0.));
#8734=CARTESIAN_POINT('',(-227.599999999997,-1.70483146753314E-5,3.));
#8735=CARTESIAN_POINT('Origin',(-225.999999999997,-1.70483146755274E-5,
0.));
#8736=CARTESIAN_POINT('Origin',(-225.999999999997,-1.70483146755274E-5,
10.));
#8737=CARTESIAN_POINT('',(-229.000000044702,-1.70483146758948E-5,10.));
#8738=CARTESIAN_POINT('Origin',(-225.999999999997,-1.70483146755274E-5,
10.));
#8739=CARTESIAN_POINT('',(-229.000000044702,-1.70483146758948E-5,3.));
#8740=CARTESIAN_POINT('',(-229.000000044702,-1.704831467516E-5,10.));
#8741=CARTESIAN_POINT('Origin',(-225.999999999997,-1.70483146755274E-5,
3.));
#8742=CARTESIAN_POINT('Origin',(-225.999999999997,-1.70483146755274E-5,
3.));
#8743=CARTESIAN_POINT('Origin',(-107.762985932173,-71.594084635234,3.));
#8744=CARTESIAN_POINT('',(-109.362985932173,-71.594084635234,3.));
#8745=CARTESIAN_POINT('Origin',(-107.762985932173,-71.594084635234,3.));
#8746=CARTESIAN_POINT('',(-109.362985932173,-71.594084635234,0.));
#8747=CARTESIAN_POINT('',(-109.362985932173,-71.594084635234,3.));
#8748=CARTESIAN_POINT('Origin',(-107.762985932173,-71.594084635234,0.));
#8749=CARTESIAN_POINT('Origin',(-107.762985932173,-71.594084635234,10.));
#8750=CARTESIAN_POINT('',(-110.762985976878,-71.594084635234,10.));
#8751=CARTESIAN_POINT('Origin',(-107.762985932173,-71.594084635234,10.));
#8752=CARTESIAN_POINT('',(-110.762985976878,-71.594084635234,3.));
#8753=CARTESIAN_POINT('',(-110.762985976878,-71.594084635234,10.));
#8754=CARTESIAN_POINT('Origin',(-107.762985932173,-71.594084635234,3.));
#8755=CARTESIAN_POINT('Origin',(-107.762985932173,-71.594084635234,3.));
#8756=CARTESIAN_POINT('Origin',(-107.762985932173,71.5940846352341,3.));
#8757=CARTESIAN_POINT('',(-109.362985932173,71.5940846352341,3.));
#8758=CARTESIAN_POINT('Origin',(-107.762985932173,71.5940846352341,3.));
#8759=CARTESIAN_POINT('',(-109.362985932173,71.5940846352341,0.));
#8760=CARTESIAN_POINT('',(-109.362985932173,71.5940846352341,3.));
#8761=CARTESIAN_POINT('Origin',(-107.762985932173,71.5940846352341,0.));
#8762=CARTESIAN_POINT('Origin',(-107.762985932173,71.5940846352341,10.));
#8763=CARTESIAN_POINT('',(-110.762985976878,71.5940846352341,10.));
#8764=CARTESIAN_POINT('Origin',(-107.762985932173,71.5940846352341,10.));
#8765=CARTESIAN_POINT('',(-110.762985976878,71.5940846352341,3.));
#8766=CARTESIAN_POINT('',(-110.762985976878,71.5940846352341,10.));
#8767=CARTESIAN_POINT('Origin',(-107.762985932173,71.5940846352341,3.));
#8768=CARTESIAN_POINT('Origin',(-107.762985932173,71.5940846352341,3.));
#8769=CARTESIAN_POINT('Origin',(-36.8481840164802,93.7639774541506,3.));
#8770=CARTESIAN_POINT('',(-38.4481840164802,93.7639774541506,3.));
#8771=CARTESIAN_POINT('Origin',(-36.8481840164802,93.7639774541506,3.));
#8772=CARTESIAN_POINT('',(-38.4481840164802,93.7639774541506,0.));
#8773=CARTESIAN_POINT('',(-38.4481840164802,93.7639774541506,3.));
#8774=CARTESIAN_POINT('Origin',(-36.8481840164802,93.7639774541506,0.));
#8775=CARTESIAN_POINT('Origin',(-36.8481840164802,93.7639774541506,10.));
#8776=CARTESIAN_POINT('',(-39.8481840611856,93.7639774541506,10.));
#8777=CARTESIAN_POINT('Origin',(-36.8481840164802,93.7639774541506,10.));
#8778=CARTESIAN_POINT('',(-39.8481840611856,93.7639774541506,3.));
#8779=CARTESIAN_POINT('',(-39.8481840611856,93.7639774541506,10.));
#8780=CARTESIAN_POINT('Origin',(-36.8481840164802,93.7639774541506,3.));
#8781=CARTESIAN_POINT('Origin',(-36.8481840164802,93.7639774541506,3.));
#8782=CARTESIAN_POINT('Origin',(-36.8481840164802,-93.7639774541505,3.));
#8783=CARTESIAN_POINT('',(-38.4481840164802,-93.7639774541505,3.));
#8784=CARTESIAN_POINT('Origin',(-36.8481840164802,-93.7639774541505,3.));
#8785=CARTESIAN_POINT('',(-38.4481840164802,-93.7639774541505,0.));
#8786=CARTESIAN_POINT('',(-38.4481840164802,-93.7639774541505,3.));
#8787=CARTESIAN_POINT('Origin',(-36.8481840164802,-93.7639774541505,0.));
#8788=CARTESIAN_POINT('Origin',(-36.8481840164802,-93.7639774541505,10.));
#8789=CARTESIAN_POINT('',(-39.8481840611856,-93.7639774541505,10.));
#8790=CARTESIAN_POINT('Origin',(-36.8481840164802,-93.7639774541505,10.));
#8791=CARTESIAN_POINT('',(-39.8481840611856,-93.7639774541505,3.));
#8792=CARTESIAN_POINT('',(-39.8481840611856,-93.7639774541505,10.));
#8793=CARTESIAN_POINT('Origin',(-36.8481840164802,-93.7639774541505,3.));
#8794=CARTESIAN_POINT('Origin',(-36.8481840164802,-93.7639774541505,3.));
#8795=CARTESIAN_POINT('Origin',(36.8482006394717,93.7639736698158,3.));
#8796=CARTESIAN_POINT('',(35.2482006394717,93.7639736698158,3.));
#8797=CARTESIAN_POINT('Origin',(36.8482006394717,93.7639736698158,3.));
#8798=CARTESIAN_POINT('',(35.2482006394717,93.7639736698158,0.));
#8799=CARTESIAN_POINT('',(35.2482006394717,93.7639736698158,3.));
#8800=CARTESIAN_POINT('Origin',(36.8482006394717,93.7639736698158,0.));
#8801=CARTESIAN_POINT('Origin',(36.8482006394717,93.7639736698158,10.));
#8802=CARTESIAN_POINT('',(33.8482005947663,93.7639736698158,10.));
#8803=CARTESIAN_POINT('Origin',(36.8482006394717,93.7639736698158,10.));
#8804=CARTESIAN_POINT('',(33.8482005947663,93.7639736698158,3.));
#8805=CARTESIAN_POINT('',(33.8482005947663,93.7639736698158,10.));
#8806=CARTESIAN_POINT('Origin',(36.8482006394717,93.7639736698158,3.));
#8807=CARTESIAN_POINT('Origin',(36.8482006394717,93.7639736698158,3.));
#8808=CARTESIAN_POINT('Origin',(178.499753351947,48.8104239841916,3.));
#8809=CARTESIAN_POINT('',(176.899753351947,48.8104239841916,3.));
#8810=CARTESIAN_POINT('Origin',(178.499753351947,48.8104239841916,3.));
#8811=CARTESIAN_POINT('',(176.899753351947,48.8104239841916,0.));
#8812=CARTESIAN_POINT('',(176.899753351947,48.8104239841916,3.));
#8813=CARTESIAN_POINT('Origin',(178.499753351947,48.8104239841916,0.));
#8814=CARTESIAN_POINT('Origin',(178.499753351947,48.8104239841916,10.));
#8815=CARTESIAN_POINT('',(175.499753307241,48.8104239841916,10.));
#8816=CARTESIAN_POINT('Origin',(178.499753351947,48.8104239841916,10.));
#8817=CARTESIAN_POINT('',(175.499753307241,48.8104239841916,3.));
#8818=CARTESIAN_POINT('',(175.499753307241,48.8104239841916,10.));
#8819=CARTESIAN_POINT('Origin',(178.499753351947,48.8104239841916,3.));
#8820=CARTESIAN_POINT('Origin',(178.499753351947,48.8104239841916,3.));
#8821=CARTESIAN_POINT('Origin',(107.763002159522,-71.5940794085545,3.));
#8822=CARTESIAN_POINT('',(106.163002159522,-71.5940794085545,3.));
#8823=CARTESIAN_POINT('Origin',(107.763002159522,-71.5940794085545,3.));
#8824=CARTESIAN_POINT('',(106.163002159522,-71.5940794085545,0.));
#8825=CARTESIAN_POINT('',(106.163002159522,-71.5940794085545,3.));
#8826=CARTESIAN_POINT('Origin',(107.763002159522,-71.5940794085545,0.));
#8827=CARTESIAN_POINT('Origin',(107.763002159522,-71.5940794085545,10.));
#8828=CARTESIAN_POINT('',(104.763002114817,-71.5940794085545,10.));
#8829=CARTESIAN_POINT('Origin',(107.763002159522,-71.5940794085545,10.));
#8830=CARTESIAN_POINT('',(104.763002114817,-71.5940794085545,3.));
#8831=CARTESIAN_POINT('',(104.763002114817,-71.5940794085545,10.));
#8832=CARTESIAN_POINT('Origin',(107.763002159522,-71.5940794085545,3.));
#8833=CARTESIAN_POINT('Origin',(107.763002159522,-71.5940794085545,3.));
#8834=CARTESIAN_POINT('Origin',(-178.499737124598,-48.810429210871,3.));
#8835=CARTESIAN_POINT('',(-180.099737124598,-48.810429210871,3.));
#8836=CARTESIAN_POINT('Origin',(-178.499737124598,-48.810429210871,3.));
#8837=CARTESIAN_POINT('',(-180.099737124598,-48.810429210871,0.));
#8838=CARTESIAN_POINT('',(-180.099737124598,-48.810429210871,3.));
#8839=CARTESIAN_POINT('Origin',(-178.499737124598,-48.810429210871,0.));
#8840=CARTESIAN_POINT('Origin',(-178.499737124598,-48.810429210871,10.));
#8841=CARTESIAN_POINT('',(-181.499737169303,-48.810429210871,10.));
#8842=CARTESIAN_POINT('Origin',(-178.499737124598,-48.810429210871,10.));
#8843=CARTESIAN_POINT('',(-181.499737169303,-48.810429210871,3.));
#8844=CARTESIAN_POINT('',(-181.499737169303,-48.810429210871,10.));
#8845=CARTESIAN_POINT('Origin',(-178.499737124598,-48.810429210871,3.));
#8846=CARTESIAN_POINT('Origin',(-178.499737124598,-48.810429210871,3.));
#8847=CARTESIAN_POINT('Origin',(107.763002159522,71.5940794085545,3.));
#8848=CARTESIAN_POINT('',(106.163002159522,71.5940794085545,3.));
#8849=CARTESIAN_POINT('Origin',(107.763002159522,71.5940794085545,3.));
#8850=CARTESIAN_POINT('',(106.163002159522,71.5940794085545,0.));
#8851=CARTESIAN_POINT('',(106.163002159522,71.5940794085545,3.));
#8852=CARTESIAN_POINT('Origin',(107.763002159522,71.5940794085545,0.));
#8853=CARTESIAN_POINT('Origin',(107.763002159522,71.5940794085545,10.));
#8854=CARTESIAN_POINT('',(104.763002114817,71.5940794085545,10.));
#8855=CARTESIAN_POINT('Origin',(107.763002159522,71.5940794085545,10.));
#8856=CARTESIAN_POINT('',(104.763002114817,71.5940794085545,3.));
#8857=CARTESIAN_POINT('',(104.763002114817,71.5940794085545,10.));
#8858=CARTESIAN_POINT('Origin',(107.763002159522,71.5940794085545,3.));
#8859=CARTESIAN_POINT('Origin',(107.763002159522,71.5940794085545,3.));
#8860=CARTESIAN_POINT('Origin',(36.8482006394715,-93.7639736698158,3.));
#8861=CARTESIAN_POINT('',(35.2482006394715,-93.7639736698158,3.));
#8862=CARTESIAN_POINT('Origin',(36.8482006394715,-93.7639736698158,3.));
#8863=CARTESIAN_POINT('',(35.2482006394715,-93.7639736698158,0.));
#8864=CARTESIAN_POINT('',(35.2482006394715,-93.7639736698158,3.));
#8865=CARTESIAN_POINT('Origin',(36.8482006394715,-93.7639736698158,0.));
#8866=CARTESIAN_POINT('Origin',(36.8482006394715,-93.7639736698158,10.));
#8867=CARTESIAN_POINT('',(33.8482005947661,-93.7639736698158,10.));
#8868=CARTESIAN_POINT('Origin',(36.8482006394715,-93.7639736698158,10.));
#8869=CARTESIAN_POINT('',(33.8482005947661,-93.7639736698158,3.));
#8870=CARTESIAN_POINT('',(33.8482005947661,-93.7639736698158,10.));
#8871=CARTESIAN_POINT('Origin',(36.8482006394715,-93.7639736698158,3.));
#8872=CARTESIAN_POINT('Origin',(36.8482006394715,-93.7639736698158,3.));
#8873=CARTESIAN_POINT('Origin',(178.499753351947,-48.8104239841916,3.));
#8874=CARTESIAN_POINT('',(176.899753351947,-48.8104239841916,3.));
#8875=CARTESIAN_POINT('Origin',(178.499753351947,-48.8104239841916,3.));
#8876=CARTESIAN_POINT('',(176.899753351947,-48.8104239841916,0.));
#8877=CARTESIAN_POINT('',(176.899753351947,-48.8104239841916,3.));
#8878=CARTESIAN_POINT('Origin',(178.499753351947,-48.8104239841916,0.));
#8879=CARTESIAN_POINT('Origin',(178.499753351947,-48.8104239841916,10.));
#8880=CARTESIAN_POINT('',(175.499753307241,-48.8104239841916,10.));
#8881=CARTESIAN_POINT('Origin',(178.499753351947,-48.8104239841916,10.));
#8882=CARTESIAN_POINT('',(175.499753307241,-48.8104239841916,3.));
#8883=CARTESIAN_POINT('',(175.499753307241,-48.8104239841916,10.));
#8884=CARTESIAN_POINT('Origin',(178.499753351947,-48.8104239841916,3.));
#8885=CARTESIAN_POINT('Origin',(178.499753351947,-48.8104239841916,3.));
#8886=CARTESIAN_POINT('Origin',(-192.263216864834,-38.0737903567013,10.));
#8887=CARTESIAN_POINT('',(-49.0528674593364,-84.2005236184758,10.));
#8888=CARTESIAN_POINT('',(-192.263216864834,-38.0737903567014,10.));
#8889=CARTESIAN_POINT('',(-49.0528674593364,-84.2005236184758,10.));
#8890=CARTESIAN_POINT('',(-49.0528674593364,-84.2005236184758,0.));
#8891=CARTESIAN_POINT('',(-49.0528674593364,-84.2005236184758,10.));
#8892=CARTESIAN_POINT('',(-192.263216864834,-38.0737903567014,0.));
#8893=CARTESIAN_POINT('',(-49.0528674593364,-84.2005236184758,0.));
#8894=CARTESIAN_POINT('',(-192.263216864834,-38.0737903567014,10.));
#8895=CARTESIAN_POINT('Origin',(-180.,4.44089209850063E-14,10.));
#8896=CARTESIAN_POINT('',(-192.263216864834,38.0737903567014,10.));
#8897=CARTESIAN_POINT('Origin',(-180.,4.44089209850063E-14,10.));
#8898=CARTESIAN_POINT('',(-192.263216864834,38.0737903567015,0.));
#8899=CARTESIAN_POINT('Origin',(-180.,4.44089209850063E-14,0.));
#8900=CARTESIAN_POINT('',(-192.263216864834,38.0737903567014,10.));
#8901=CARTESIAN_POINT('Origin',(-49.0528674593365,84.2005236184758,10.));
#8902=CARTESIAN_POINT('',(-49.0528674593365,84.2005236184758,10.));
#8903=CARTESIAN_POINT('',(-49.0528674593365,84.2005236184758,10.));
#8904=CARTESIAN_POINT('',(-49.0528674593365,84.2005236184758,0.));
#8905=CARTESIAN_POINT('',(-49.0528674593365,84.2005236184758,0.));
#8906=CARTESIAN_POINT('',(-49.0528674593365,84.2005236184758,10.));
#8907=CARTESIAN_POINT('Origin',(0.,-68.0946378083287,10.));
#8908=CARTESIAN_POINT('',(49.0528674593363,84.2005236184759,10.));
#8909=CARTESIAN_POINT('Origin',(0.,-68.0946378083287,10.));
#8910=CARTESIAN_POINT('',(49.0528674593363,84.2005236184759,0.));
#8911=CARTESIAN_POINT('Origin',(0.,-68.0946378083287,0.));
#8912=CARTESIAN_POINT('',(49.0528674593363,84.2005236184759,10.));
#8913=CARTESIAN_POINT('Origin',(192.263216864834,38.0737903567014,10.));
#8914=CARTESIAN_POINT('',(192.263216864834,38.0737903567014,10.));
#8915=CARTESIAN_POINT('',(49.0528674593362,84.2005236184759,10.));
#8916=CARTESIAN_POINT('',(192.263216864834,38.0737903567014,0.));
#8917=CARTESIAN_POINT('',(49.0528674593362,84.2005236184759,0.));
#8918=CARTESIAN_POINT('',(192.263216864834,38.0737903567014,10.));
#8919=CARTESIAN_POINT('Origin',(180.,0.,10.));
#8920=CARTESIAN_POINT('',(192.263216864834,-38.0737903567014,10.));
#8921=CARTESIAN_POINT('Origin',(180.,0.,10.));
#8922=CARTESIAN_POINT('',(192.263216864834,-38.0737903567014,0.));
#8923=CARTESIAN_POINT('Origin',(180.,0.,0.));
#8924=CARTESIAN_POINT('',(192.263216864834,-38.0737903567014,10.));
#8925=CARTESIAN_POINT('Origin',(49.0528674593365,-84.2005236184758,10.));
#8926=CARTESIAN_POINT('',(49.0528674593365,-84.2005236184758,10.));
#8927=CARTESIAN_POINT('',(49.0528674593365,-84.2005236184758,10.));
#8928=CARTESIAN_POINT('',(49.0528674593365,-84.2005236184758,0.));
#8929=CARTESIAN_POINT('',(49.0528674593365,-84.2005236184758,0.));
#8930=CARTESIAN_POINT('',(49.0528674593365,-84.2005236184758,10.));
#8931=CARTESIAN_POINT('Origin',(1.77635683940025E-14,68.09463780833,10.));
#8932=CARTESIAN_POINT('Origin',(1.77635683940025E-14,68.09463780833,10.));
#8933=CARTESIAN_POINT('Origin',(1.77635683940025E-14,68.09463780833,0.));
#8934=CARTESIAN_POINT('Origin',(195.942181924284,-49.4959274637118,10.));
#8935=CARTESIAN_POINT('',(52.7318325187866,-95.6226607254863,10.));
#8936=CARTESIAN_POINT('',(195.942181924284,-49.4959274637118,10.));
#8937=CARTESIAN_POINT('',(52.7318325187866,-95.6226607254863,10.));
#8938=CARTESIAN_POINT('',(52.7318325187866,-95.6226607254863,0.));
#8939=CARTESIAN_POINT('',(52.7318325187866,-95.6226607254863,10.));
#8940=CARTESIAN_POINT('',(195.942181924284,-49.4959274637118,0.));
#8941=CARTESIAN_POINT('',(52.7318325187866,-95.6226607254863,0.));
#8942=CARTESIAN_POINT('',(195.942181924284,-49.4959274637118,10.));
#8943=CARTESIAN_POINT('Origin',(180.,0.,10.));
#8944=CARTESIAN_POINT('',(195.942181924284,49.4959274637118,10.));
#8945=CARTESIAN_POINT('Origin',(180.,0.,10.));
#8946=CARTESIAN_POINT('',(195.942181924284,49.4959274637118,0.));
#8947=CARTESIAN_POINT('Origin',(180.,0.,0.));
#8948=CARTESIAN_POINT('',(195.942181924284,49.4959274637118,10.));
#8949=CARTESIAN_POINT('Origin',(52.7318325187865,95.6226607254863,10.));
#8950=CARTESIAN_POINT('',(52.7318325187865,95.6226607254864,10.));
#8951=CARTESIAN_POINT('',(52.7318325187865,95.6226607254863,10.));
#8952=CARTESIAN_POINT('',(52.7318325187865,95.6226607254864,0.));
#8953=CARTESIAN_POINT('',(52.7318325187865,95.6226607254863,0.));
#8954=CARTESIAN_POINT('',(52.7318325187865,95.6226607254864,10.));
#8955=CARTESIAN_POINT('Origin',(0.,-68.0946378083287,10.));
#8956=CARTESIAN_POINT('',(-52.7318325187868,95.6226607254862,10.));
#8957=CARTESIAN_POINT('Origin',(0.,-68.0946378083287,10.));
#8958=CARTESIAN_POINT('',(-52.7318325187868,95.6226607254862,0.));
#8959=CARTESIAN_POINT('Origin',(0.,-68.0946378083287,0.));
#8960=CARTESIAN_POINT('',(-52.7318325187868,95.6226607254862,10.));
#8961=CARTESIAN_POINT('Origin',(-195.942181924284,49.4959274637119,10.));
#8962=CARTESIAN_POINT('',(-195.942181924284,49.4959274637119,10.));
#8963=CARTESIAN_POINT('',(-52.7318325187868,95.6226607254862,10.));
#8964=CARTESIAN_POINT('',(-195.942181924284,49.4959274637119,0.));
#8965=CARTESIAN_POINT('',(-52.7318325187868,95.6226607254862,0.));
#8966=CARTESIAN_POINT('',(-195.942181924284,49.4959274637119,10.));
#8967=CARTESIAN_POINT('Origin',(-180.,4.44089209850063E-14,10.));
#8968=CARTESIAN_POINT('',(-195.942181924284,-49.4959274637118,10.));
#8969=CARTESIAN_POINT('Origin',(-180.,4.44089209850063E-14,10.));
#8970=CARTESIAN_POINT('',(-195.942181924284,-49.4959274637118,0.));
#8971=CARTESIAN_POINT('Origin',(-180.,4.44089209850063E-14,0.));
#8972=CARTESIAN_POINT('',(-195.942181924284,-49.4959274637118,10.));
#8973=CARTESIAN_POINT('Origin',(-52.7318325187866,-95.6226607254863,10.));
#8974=CARTESIAN_POINT('',(-52.7318325187866,-95.6226607254863,10.));
#8975=CARTESIAN_POINT('',(-52.7318325187866,-95.6226607254863,10.));
#8976=CARTESIAN_POINT('',(-52.7318325187866,-95.6226607254863,0.));
#8977=CARTESIAN_POINT('',(-52.7318325187866,-95.6226607254863,0.));
#8978=CARTESIAN_POINT('',(-52.7318325187866,-95.6226607254863,10.));
#8979=CARTESIAN_POINT('Origin',(1.77635683940025E-14,68.09463780833,10.));
#8980=CARTESIAN_POINT('Origin',(1.77635683940025E-14,68.09463780833,10.));
#8981=CARTESIAN_POINT('Origin',(1.77635683940025E-14,68.09463780833,0.));
#8982=CARTESIAN_POINT('Origin',(-3.5527136788005E-14,1.77635683940025E-14,
10.));
#8983=CARTESIAN_POINT('Origin',(-3.5527136788005E-14,1.77635683940025E-14,
0.));
#8984=CARTESIAN_POINT('Origin',(226.,1.33226762955019E-14,-26.0000004768372));
#8985=CARTESIAN_POINT('',(223.45,1.30103913617193E-14,-26.0000004768372));
#8986=CARTESIAN_POINT('Origin',(226.,1.33226762955019E-14,-26.));
#8987=CARTESIAN_POINT('',(223.45,1.30103913617193E-14,-19.0000004768372));
#8988=CARTESIAN_POINT('',(223.45,1.36349612292845E-14,-26.0000004768372));
#8989=CARTESIAN_POINT('Origin',(226.,1.33226762955019E-14,-19.0000004768372));
#8990=CARTESIAN_POINT('Origin',(226.,1.33226762955019E-14,-19.0000004768372));
#8991=CARTESIAN_POINT('Origin',(226.,1.33226762955019E-14,-6.));
#8992=CARTESIAN_POINT('',(223.45,1.30103913617193E-14,-6.));
#8993=CARTESIAN_POINT('Origin',(226.,1.33226762955019E-14,-6.));
#8994=CARTESIAN_POINT('',(223.45,1.30103913617193E-14,-13.));
#8995=CARTESIAN_POINT('',(223.45,1.36349612292845E-14,-6.));
#8996=CARTESIAN_POINT('Origin',(226.,1.33226762955019E-14,-13.));
#8997=CARTESIAN_POINT('Origin',(226.,1.33226762955019E-14,-13.));
#8998=CARTESIAN_POINT('Origin',(-225.999999999997,-1.70483146755274E-5,
-26.0000004768372));
#8999=CARTESIAN_POINT('',(-228.549999999997,-1.70483146758396E-5,-26.0000004768372));
#9000=CARTESIAN_POINT('Origin',(-225.999999999997,-1.70483146755274E-5,
-26.));
#9001=CARTESIAN_POINT('',(-228.549999999997,-1.70483146758396E-5,-19.0000004768372));
#9002=CARTESIAN_POINT('',(-228.549999999997,-1.70483146752151E-5,-26.0000004768372));
#9003=CARTESIAN_POINT('Origin',(-225.999999999997,-1.70483146755274E-5,
-19.0000004768372));
#9004=CARTESIAN_POINT('Origin',(-225.999999999997,-1.70483146755274E-5,
-19.0000004768372));
#9005=CARTESIAN_POINT('Origin',(-178.499737124598,48.8104292108711,-26.0000004768372));
#9006=CARTESIAN_POINT('',(-181.049737124598,48.8104292108711,-26.0000004768372));
#9007=CARTESIAN_POINT('Origin',(-178.499737124598,48.8104292108711,-26.));
#9008=CARTESIAN_POINT('',(-181.049737124598,48.8104292108711,-19.0000004768372));
#9009=CARTESIAN_POINT('',(-181.049737124598,48.8104292108711,-26.0000004768372));
#9010=CARTESIAN_POINT('Origin',(-178.499737124598,48.8104292108711,-19.0000004768372));
#9011=CARTESIAN_POINT('Origin',(-178.499737124598,48.8104292108711,-19.0000004768372));
#9012=CARTESIAN_POINT('Origin',(-178.499737124598,-48.810429210871,-26.0000004768372));
#9013=CARTESIAN_POINT('',(-181.049737124598,-48.810429210871,-26.0000004768372));
#9014=CARTESIAN_POINT('Origin',(-178.499737124598,-48.810429210871,-26.));
#9015=CARTESIAN_POINT('',(-181.049737124598,-48.810429210871,-19.0000004768372));
#9016=CARTESIAN_POINT('',(-181.049737124598,-48.810429210871,-26.0000004768372));
#9017=CARTESIAN_POINT('Origin',(-178.499737124598,-48.810429210871,-19.0000004768372));
#9018=CARTESIAN_POINT('Origin',(-178.499737124598,-48.810429210871,-19.0000004768372));
#9019=CARTESIAN_POINT('Origin',(-107.762985932173,71.5940846352341,-26.0000004768372));
#9020=CARTESIAN_POINT('',(-110.312985932173,71.5940846352341,-26.0000004768372));
#9021=CARTESIAN_POINT('Origin',(-107.762985932173,71.5940846352341,-26.));
#9022=CARTESIAN_POINT('',(-110.312985932173,71.5940846352341,-19.0000004768372));
#9023=CARTESIAN_POINT('',(-110.312985932173,71.5940846352341,-26.0000004768372));
#9024=CARTESIAN_POINT('Origin',(-107.762985932173,71.5940846352341,-19.0000004768372));
#9025=CARTESIAN_POINT('Origin',(-107.762985932173,71.5940846352341,-19.0000004768372));
#9026=CARTESIAN_POINT('Origin',(-107.762985932173,-71.594084635234,-26.0000004768372));
#9027=CARTESIAN_POINT('',(-110.312985932173,-71.594084635234,-26.0000004768372));
#9028=CARTESIAN_POINT('Origin',(-107.762985932173,-71.594084635234,-26.));
#9029=CARTESIAN_POINT('',(-110.312985932173,-71.594084635234,-19.0000004768372));
#9030=CARTESIAN_POINT('',(-110.312985932173,-71.594084635234,-26.0000004768372));
#9031=CARTESIAN_POINT('Origin',(-107.762985932173,-71.594084635234,-19.0000004768372));
#9032=CARTESIAN_POINT('Origin',(-107.762985932173,-71.594084635234,-19.0000004768372));
#9033=CARTESIAN_POINT('Origin',(-36.8481840164802,93.7639774541506,-26.0000004768372));
#9034=CARTESIAN_POINT('',(-39.3981840164802,93.7639774541506,-26.0000004768372));
#9035=CARTESIAN_POINT('Origin',(-36.8481840164802,93.7639774541506,-26.));
#9036=CARTESIAN_POINT('',(-39.3981840164802,93.7639774541506,-19.0000004768372));
#9037=CARTESIAN_POINT('',(-39.3981840164802,93.7639774541506,-26.0000004768372));
#9038=CARTESIAN_POINT('Origin',(-36.8481840164802,93.7639774541506,-19.0000004768372));
#9039=CARTESIAN_POINT('Origin',(-36.8481840164802,93.7639774541506,-19.0000004768372));
#9040=CARTESIAN_POINT('Origin',(-36.8481840164802,-93.7639774541505,-26.0000004768372));
#9041=CARTESIAN_POINT('',(-39.3981840164803,-93.7639774541505,-26.0000004768372));
#9042=CARTESIAN_POINT('Origin',(-36.8481840164802,-93.7639774541505,-26.));
#9043=CARTESIAN_POINT('',(-39.3981840164803,-93.7639774541505,-19.0000004768372));
#9044=CARTESIAN_POINT('',(-39.3981840164803,-93.7639774541505,-26.0000004768372));
#9045=CARTESIAN_POINT('Origin',(-36.8481840164802,-93.7639774541505,-19.0000004768372));
#9046=CARTESIAN_POINT('Origin',(-36.8481840164802,-93.7639774541505,-19.0000004768372));
#9047=CARTESIAN_POINT('Origin',(36.8482006394717,93.7639736698158,-26.0000004768372));
#9048=CARTESIAN_POINT('',(34.2982006394717,93.7639736698158,-26.0000004768372));
#9049=CARTESIAN_POINT('Origin',(36.8482006394717,93.7639736698158,-26.));
#9050=CARTESIAN_POINT('',(34.2982006394717,93.7639736698158,-19.0000004768372));
#9051=CARTESIAN_POINT('',(34.2982006394717,93.7639736698158,-26.0000004768372));
#9052=CARTESIAN_POINT('Origin',(36.8482006394717,93.7639736698158,-19.0000004768372));
#9053=CARTESIAN_POINT('Origin',(36.8482006394717,93.7639736698158,-19.0000004768372));
#9054=CARTESIAN_POINT('Origin',(36.8482006394715,-93.7639736698158,-26.0000004768372));
#9055=CARTESIAN_POINT('',(34.2982006394715,-93.7639736698158,-26.0000004768372));
#9056=CARTESIAN_POINT('Origin',(36.8482006394715,-93.7639736698158,-26.));
#9057=CARTESIAN_POINT('',(34.2982006394715,-93.7639736698158,-19.0000004768372));
#9058=CARTESIAN_POINT('',(34.2982006394715,-93.7639736698158,-26.0000004768372));
#9059=CARTESIAN_POINT('Origin',(36.8482006394715,-93.7639736698158,-19.0000004768372));
#9060=CARTESIAN_POINT('Origin',(36.8482006394715,-93.7639736698158,-19.0000004768372));
#9061=CARTESIAN_POINT('Origin',(107.763002159522,71.5940794085545,-26.0000004768372));
#9062=CARTESIAN_POINT('',(105.213002159522,71.5940794085545,-26.0000004768372));
#9063=CARTESIAN_POINT('Origin',(107.763002159522,71.5940794085545,-26.));
#9064=CARTESIAN_POINT('',(105.213002159522,71.5940794085545,-19.0000004768372));
#9065=CARTESIAN_POINT('',(105.213002159522,71.5940794085545,-26.0000004768372));
#9066=CARTESIAN_POINT('Origin',(107.763002159522,71.5940794085545,-19.0000004768372));
#9067=CARTESIAN_POINT('Origin',(107.763002159522,71.5940794085545,-19.0000004768372));
#9068=CARTESIAN_POINT('Origin',(107.763002159522,-71.5940794085545,-26.0000004768372));
#9069=CARTESIAN_POINT('',(105.213002159522,-71.5940794085545,-26.0000004768372));
#9070=CARTESIAN_POINT('Origin',(107.763002159522,-71.5940794085545,-26.));
#9071=CARTESIAN_POINT('',(105.213002159522,-71.5940794085545,-19.0000004768372));
#9072=CARTESIAN_POINT('',(105.213002159522,-71.5940794085545,-26.0000004768372));
#9073=CARTESIAN_POINT('Origin',(107.763002159522,-71.5940794085545,-19.0000004768372));
#9074=CARTESIAN_POINT('Origin',(107.763002159522,-71.5940794085545,-19.0000004768372));
#9075=CARTESIAN_POINT('Origin',(178.499753351947,48.8104239841916,-26.0000004768372));
#9076=CARTESIAN_POINT('',(175.949753351947,48.8104239841916,-26.0000004768372));
#9077=CARTESIAN_POINT('Origin',(178.499753351947,48.8104239841916,-26.));
#9078=CARTESIAN_POINT('',(175.949753351947,48.8104239841916,-19.0000004768372));
#9079=CARTESIAN_POINT('',(175.949753351947,48.8104239841916,-26.0000004768372));
#9080=CARTESIAN_POINT('Origin',(178.499753351947,48.8104239841916,-19.0000004768372));
#9081=CARTESIAN_POINT('Origin',(178.499753351947,48.8104239841916,-19.0000004768372));
#9082=CARTESIAN_POINT('Origin',(178.499753351947,-48.8104239841916,-26.0000004768372));
#9083=CARTESIAN_POINT('',(175.949753351947,-48.8104239841916,-26.0000004768372));
#9084=CARTESIAN_POINT('Origin',(178.499753351947,-48.8104239841916,-26.));
#9085=CARTESIAN_POINT('',(175.949753351947,-48.8104239841916,-19.0000004768372));
#9086=CARTESIAN_POINT('',(175.949753351947,-48.8104239841916,-26.0000004768372));
#9087=CARTESIAN_POINT('Origin',(178.499753351947,-48.8104239841916,-19.0000004768372));
#9088=CARTESIAN_POINT('Origin',(178.499753351947,-48.8104239841916,-19.0000004768372));
#9089=CARTESIAN_POINT('Origin',(-107.762985932173,71.5940846352341,-6.));
#9090=CARTESIAN_POINT('',(-110.312985932173,71.5940846352341,-6.));
#9091=CARTESIAN_POINT('Origin',(-107.762985932173,71.5940846352341,-6.));
#9092=CARTESIAN_POINT('',(-110.312985932173,71.5940846352341,-13.));
#9093=CARTESIAN_POINT('',(-110.312985932173,71.5940846352341,-6.));
#9094=CARTESIAN_POINT('Origin',(-107.762985932173,71.5940846352341,-13.));
#9095=CARTESIAN_POINT('Origin',(-107.762985932173,71.5940846352341,-13.));
#9096=CARTESIAN_POINT('Origin',(-36.8481840164802,93.7639774541506,-6.));
#9097=CARTESIAN_POINT('',(-39.3981840164802,93.7639774541506,-6.));
#9098=CARTESIAN_POINT('Origin',(-36.8481840164802,93.7639774541506,-6.));
#9099=CARTESIAN_POINT('',(-39.3981840164802,93.7639774541506,-13.));
#9100=CARTESIAN_POINT('',(-39.3981840164802,93.7639774541506,-6.));
#9101=CARTESIAN_POINT('Origin',(-36.8481840164802,93.7639774541506,-13.));
#9102=CARTESIAN_POINT('Origin',(-36.8481840164802,93.7639774541506,-13.));
#9103=CARTESIAN_POINT('Origin',(178.499753351947,-48.8104239841916,-6.));
#9104=CARTESIAN_POINT('',(175.949753351947,-48.8104239841916,-6.));
#9105=CARTESIAN_POINT('Origin',(178.499753351947,-48.8104239841916,-6.));
#9106=CARTESIAN_POINT('',(175.949753351947,-48.8104239841916,-13.));
#9107=CARTESIAN_POINT('',(175.949753351947,-48.8104239841916,-6.));
#9108=CARTESIAN_POINT('Origin',(178.499753351947,-48.8104239841916,-13.));
#9109=CARTESIAN_POINT('Origin',(178.499753351947,-48.8104239841916,-13.));
#9110=CARTESIAN_POINT('Origin',(-36.8481840164802,-93.7639774541505,-6.));
#9111=CARTESIAN_POINT('',(-39.3981840164803,-93.7639774541505,-6.));
#9112=CARTESIAN_POINT('Origin',(-36.8481840164802,-93.7639774541505,-6.));
#9113=CARTESIAN_POINT('',(-39.3981840164803,-93.7639774541505,-13.));
#9114=CARTESIAN_POINT('',(-39.3981840164803,-93.7639774541505,-6.));
#9115=CARTESIAN_POINT('Origin',(-36.8481840164802,-93.7639774541505,-13.));
#9116=CARTESIAN_POINT('Origin',(-36.8481840164802,-93.7639774541505,-13.));
#9117=CARTESIAN_POINT('Origin',(36.8482006394717,93.7639736698158,-6.));
#9118=CARTESIAN_POINT('',(34.2982006394717,93.7639736698158,-6.));
#9119=CARTESIAN_POINT('Origin',(36.8482006394717,93.7639736698158,-6.));
#9120=CARTESIAN_POINT('',(34.2982006394717,93.7639736698158,-13.));
#9121=CARTESIAN_POINT('',(34.2982006394717,93.7639736698158,-6.));
#9122=CARTESIAN_POINT('Origin',(36.8482006394717,93.7639736698158,-13.));
#9123=CARTESIAN_POINT('Origin',(36.8482006394717,93.7639736698158,-13.));
#9124=CARTESIAN_POINT('Origin',(107.763002159522,-71.5940794085545,-6.));
#9125=CARTESIAN_POINT('',(105.213002159522,-71.5940794085545,-6.));
#9126=CARTESIAN_POINT('Origin',(107.763002159522,-71.5940794085545,-6.));
#9127=CARTESIAN_POINT('',(105.213002159522,-71.5940794085545,-13.));
#9128=CARTESIAN_POINT('',(105.213002159522,-71.5940794085545,-6.));
#9129=CARTESIAN_POINT('Origin',(107.763002159522,-71.5940794085545,-13.));
#9130=CARTESIAN_POINT('Origin',(107.763002159522,-71.5940794085545,-13.));
#9131=CARTESIAN_POINT('Origin',(178.499753351947,48.8104239841916,-6.));
#9132=CARTESIAN_POINT('',(175.949753351947,48.8104239841916,-6.));
#9133=CARTESIAN_POINT('Origin',(178.499753351947,48.8104239841916,-6.));
#9134=CARTESIAN_POINT('',(175.949753351947,48.8104239841916,-13.));
#9135=CARTESIAN_POINT('',(175.949753351947,48.8104239841916,-6.));
#9136=CARTESIAN_POINT('Origin',(178.499753351947,48.8104239841916,-13.));
#9137=CARTESIAN_POINT('Origin',(178.499753351947,48.8104239841916,-13.));
#9138=CARTESIAN_POINT('Origin',(-178.499737124598,-48.810429210871,-6.));
#9139=CARTESIAN_POINT('',(-181.049737124598,-48.810429210871,-6.));
#9140=CARTESIAN_POINT('Origin',(-178.499737124598,-48.810429210871,-6.));
#9141=CARTESIAN_POINT('',(-181.049737124598,-48.810429210871,-13.));
#9142=CARTESIAN_POINT('',(-181.049737124598,-48.810429210871,-6.));
#9143=CARTESIAN_POINT('Origin',(-178.499737124598,-48.810429210871,-13.));
#9144=CARTESIAN_POINT('Origin',(-178.499737124598,-48.810429210871,-13.));
#9145=CARTESIAN_POINT('Origin',(107.763002159522,71.5940794085545,-6.));
#9146=CARTESIAN_POINT('',(105.213002159522,71.5940794085545,-6.));
#9147=CARTESIAN_POINT('Origin',(107.763002159522,71.5940794085545,-6.));
#9148=CARTESIAN_POINT('',(105.213002159522,71.5940794085545,-13.));
#9149=CARTESIAN_POINT('',(105.213002159522,71.5940794085545,-6.));
#9150=CARTESIAN_POINT('Origin',(107.763002159522,71.5940794085545,-13.));
#9151=CARTESIAN_POINT('Origin',(107.763002159522,71.5940794085545,-13.));
#9152=CARTESIAN_POINT('Origin',(-178.499737124598,48.8104292108711,-6.));
#9153=CARTESIAN_POINT('',(-181.049737124598,48.8104292108711,-6.));
#9154=CARTESIAN_POINT('Origin',(-178.499737124598,48.8104292108711,-6.));
#9155=CARTESIAN_POINT('',(-181.049737124598,48.8104292108711,-13.));
#9156=CARTESIAN_POINT('',(-181.049737124598,48.8104292108711,-6.));
#9157=CARTESIAN_POINT('Origin',(-178.499737124598,48.8104292108711,-13.));
#9158=CARTESIAN_POINT('Origin',(-178.499737124598,48.8104292108711,-13.));
#9159=CARTESIAN_POINT('Origin',(-107.762985932173,-71.594084635234,-6.));
#9160=CARTESIAN_POINT('',(-110.312985932173,-71.594084635234,-6.));
#9161=CARTESIAN_POINT('Origin',(-107.762985932173,-71.594084635234,-6.));
#9162=CARTESIAN_POINT('',(-110.312985932173,-71.594084635234,-13.));
#9163=CARTESIAN_POINT('',(-110.312985932173,-71.594084635234,-6.));
#9164=CARTESIAN_POINT('Origin',(-107.762985932173,-71.594084635234,-13.));
#9165=CARTESIAN_POINT('Origin',(-107.762985932173,-71.594084635234,-13.));
#9166=CARTESIAN_POINT('Origin',(36.8482006394715,-93.7639736698158,-6.));
#9167=CARTESIAN_POINT('',(34.2982006394715,-93.7639736698158,-6.));
#9168=CARTESIAN_POINT('Origin',(36.8482006394715,-93.7639736698158,-6.));
#9169=CARTESIAN_POINT('',(34.2982006394715,-93.7639736698158,-13.));
#9170=CARTESIAN_POINT('',(34.2982006394715,-93.7639736698158,-6.));
#9171=CARTESIAN_POINT('Origin',(36.8482006394715,-93.7639736698158,-13.));
#9172=CARTESIAN_POINT('Origin',(36.8482006394715,-93.7639736698158,-13.));
#9173=CARTESIAN_POINT('Origin',(-225.999999999997,1.7048314773227E-5,-6.));
#9174=CARTESIAN_POINT('',(-228.549999999997,1.70483147729147E-5,-6.));
#9175=CARTESIAN_POINT('Origin',(-225.999999999997,1.7048314773227E-5,-6.));
#9176=CARTESIAN_POINT('',(-228.549999999997,1.70483147729147E-5,-13.));
#9177=CARTESIAN_POINT('',(-228.549999999997,1.70483147735393E-5,-6.));
#9178=CARTESIAN_POINT('Origin',(-225.999999999997,1.7048314773227E-5,-13.));
#9179=CARTESIAN_POINT('Origin',(-225.999999999997,1.7048314773227E-5,-13.));
#9180=CARTESIAN_POINT('Origin',(-192.263216864834,-38.0737903567013,-6.));
#9181=CARTESIAN_POINT('',(-49.0528674593364,-84.2005236184758,-6.));
#9182=CARTESIAN_POINT('',(-192.263216864834,-38.0737903567014,-6.));
#9183=CARTESIAN_POINT('',(-49.0528674593364,-84.2005236184758,-6.));
#9184=CARTESIAN_POINT('',(-49.0528674593364,-84.2005236184758,-26.));
#9185=CARTESIAN_POINT('',(-49.0528674593364,-84.2005236184758,-6.));
#9186=CARTESIAN_POINT('',(-192.263216864834,-38.0737903567014,-26.));
#9187=CARTESIAN_POINT('',(-49.0528674593364,-84.2005236184758,-26.));
#9188=CARTESIAN_POINT('',(-192.263216864834,-38.0737903567014,-6.));
#9189=CARTESIAN_POINT('Origin',(-180.,5.32907051820075E-14,-6.));
#9190=CARTESIAN_POINT('',(-192.263216864834,38.0737903567015,-6.));
#9191=CARTESIAN_POINT('Origin',(-180.,5.32907051820075E-14,-6.));
#9192=CARTESIAN_POINT('',(-192.263216864834,38.0737903567015,-26.));
#9193=CARTESIAN_POINT('Origin',(-180.,5.32907051820075E-14,-26.));
#9194=CARTESIAN_POINT('',(-192.263216864834,38.0737903567015,-6.));
#9195=CARTESIAN_POINT('Origin',(-49.0528674593366,84.2005236184758,-6.));
#9196=CARTESIAN_POINT('',(-49.0528674593366,84.2005236184758,-6.));
#9197=CARTESIAN_POINT('',(-49.0528674593366,84.2005236184758,-6.));
#9198=CARTESIAN_POINT('',(-49.0528674593366,84.2005236184758,-26.));
#9199=CARTESIAN_POINT('',(-49.0528674593366,84.2005236184758,-26.));
#9200=CARTESIAN_POINT('',(-49.0528674593366,84.2005236184758,-6.));
#9201=CARTESIAN_POINT('Origin',(-3.5527136788005E-14,-68.0946378083287,
-6.));
#9202=CARTESIAN_POINT('',(49.0528674593362,84.2005236184759,-6.));
#9203=CARTESIAN_POINT('Origin',(-3.5527136788005E-14,-68.0946378083287,
-6.));
#9204=CARTESIAN_POINT('',(49.0528674593362,84.2005236184759,-26.));
#9205=CARTESIAN_POINT('Origin',(-3.5527136788005E-14,-68.0946378083287,
-26.));
#9206=CARTESIAN_POINT('',(49.0528674593362,84.2005236184759,-6.));
#9207=CARTESIAN_POINT('Origin',(192.263216864834,38.0737903567014,-6.));
#9208=CARTESIAN_POINT('',(192.263216864834,38.0737903567014,-6.));
#9209=CARTESIAN_POINT('',(49.0528674593362,84.2005236184759,-6.));
#9210=CARTESIAN_POINT('',(192.263216864834,38.0737903567014,-26.));
#9211=CARTESIAN_POINT('',(49.0528674593362,84.2005236184759,-26.));
#9212=CARTESIAN_POINT('',(192.263216864834,38.0737903567014,-6.));
#9213=CARTESIAN_POINT('Origin',(180.,8.88178419700125E-15,-6.));
#9214=CARTESIAN_POINT('',(192.263216864834,-38.0737903567014,-6.));
#9215=CARTESIAN_POINT('Origin',(180.,8.88178419700125E-15,-6.));
#9216=CARTESIAN_POINT('',(192.263216864834,-38.0737903567014,-26.));
#9217=CARTESIAN_POINT('Origin',(180.,8.88178419700125E-15,-26.));
#9218=CARTESIAN_POINT('',(192.263216864834,-38.0737903567014,-6.));
#9219=CARTESIAN_POINT('Origin',(49.0528674593364,-84.2005236184758,-6.));
#9220=CARTESIAN_POINT('',(49.0528674593364,-84.2005236184758,-6.));
#9221=CARTESIAN_POINT('',(49.0528674593364,-84.2005236184758,-6.));
#9222=CARTESIAN_POINT('',(49.0528674593364,-84.2005236184758,-26.));
#9223=CARTESIAN_POINT('',(49.0528674593364,-84.2005236184758,-26.));
#9224=CARTESIAN_POINT('',(49.0528674593364,-84.2005236184758,-6.));
#9225=CARTESIAN_POINT('Origin',(-1.77635683940025E-14,68.09463780833,-6.));
#9226=CARTESIAN_POINT('Origin',(-1.77635683940025E-14,68.09463780833,-6.));
#9227=CARTESIAN_POINT('Origin',(-1.77635683940025E-14,68.09463780833,-26.));
#9228=CARTESIAN_POINT('Origin',(195.942181924284,-49.4959274637118,-6.));
#9229=CARTESIAN_POINT('',(52.7318325187866,-95.6226607254863,-6.));
#9230=CARTESIAN_POINT('',(195.942181924284,-49.4959274637118,-6.));
#9231=CARTESIAN_POINT('',(52.7318325187866,-95.6226607254863,-6.));
#9232=CARTESIAN_POINT('',(52.7318325187866,-95.6226607254863,-26.));
#9233=CARTESIAN_POINT('',(52.7318325187866,-95.6226607254863,-6.));
#9234=CARTESIAN_POINT('',(195.942181924284,-49.4959274637118,-26.));
#9235=CARTESIAN_POINT('',(52.7318325187866,-95.6226607254863,-26.));
#9236=CARTESIAN_POINT('',(195.942181924284,-49.4959274637118,-6.));
#9237=CARTESIAN_POINT('Origin',(180.,8.88178419700125E-15,-6.));
#9238=CARTESIAN_POINT('',(195.942181924284,49.4959274637118,-6.));
#9239=CARTESIAN_POINT('Origin',(180.,8.88178419700125E-15,-6.));
#9240=CARTESIAN_POINT('',(195.942181924284,49.4959274637118,-26.));
#9241=CARTESIAN_POINT('Origin',(180.,8.88178419700125E-15,-26.));
#9242=CARTESIAN_POINT('',(195.942181924284,49.4959274637118,-6.));
#9243=CARTESIAN_POINT('Origin',(52.7318325187864,95.6226607254863,-6.));
#9244=CARTESIAN_POINT('',(52.7318325187865,95.6226607254864,-6.));
#9245=CARTESIAN_POINT('',(52.7318325187864,95.6226607254863,-6.));
#9246=CARTESIAN_POINT('',(52.7318325187865,95.6226607254864,-26.));
#9247=CARTESIAN_POINT('',(52.7318325187864,95.6226607254863,-26.));
#9248=CARTESIAN_POINT('',(52.7318325187865,95.6226607254864,-6.));
#9249=CARTESIAN_POINT('Origin',(-3.5527136788005E-14,-68.0946378083287,
-6.));
#9250=CARTESIAN_POINT('',(-52.7318325187869,95.6226607254862,-6.));
#9251=CARTESIAN_POINT('Origin',(-3.5527136788005E-14,-68.0946378083287,
-6.));
#9252=CARTESIAN_POINT('',(-52.7318325187869,95.6226607254862,-26.));
#9253=CARTESIAN_POINT('Origin',(-3.5527136788005E-14,-68.0946378083287,
-26.));
#9254=CARTESIAN_POINT('',(-52.7318325187869,95.6226607254862,-6.));
#9255=CARTESIAN_POINT('Origin',(-195.942181924284,49.4959274637119,-6.));
#9256=CARTESIAN_POINT('',(-195.942181924284,49.4959274637119,-6.));
#9257=CARTESIAN_POINT('',(-52.7318325187869,95.6226607254862,-6.));
#9258=CARTESIAN_POINT('',(-195.942181924284,49.4959274637119,-26.));
#9259=CARTESIAN_POINT('',(-52.7318325187869,95.6226607254862,-26.));
#9260=CARTESIAN_POINT('',(-195.942181924284,49.4959274637119,-6.));
#9261=CARTESIAN_POINT('Origin',(-180.,5.32907051820075E-14,-6.));
#9262=CARTESIAN_POINT('',(-195.942181924284,-49.4959274637118,-6.));
#9263=CARTESIAN_POINT('Origin',(-180.,5.32907051820075E-14,-6.));
#9264=CARTESIAN_POINT('',(-195.942181924284,-49.4959274637118,-26.));
#9265=CARTESIAN_POINT('Origin',(-180.,5.32907051820075E-14,-26.));
#9266=CARTESIAN_POINT('',(-195.942181924284,-49.4959274637118,-6.));
#9267=CARTESIAN_POINT('Origin',(-52.7318325187867,-95.6226607254863,-6.));
#9268=CARTESIAN_POINT('',(-52.7318325187867,-95.6226607254863,-6.));
#9269=CARTESIAN_POINT('',(-52.7318325187867,-95.6226607254863,-6.));
#9270=CARTESIAN_POINT('',(-52.7318325187867,-95.6226607254863,-26.));
#9271=CARTESIAN_POINT('',(-52.7318325187867,-95.6226607254863,-26.));
#9272=CARTESIAN_POINT('',(-52.7318325187867,-95.6226607254863,-6.));
#9273=CARTESIAN_POINT('Origin',(-1.77635683940025E-14,68.09463780833,-6.));
#9274=CARTESIAN_POINT('Origin',(-1.77635683940025E-14,68.09463780833,-6.));
#9275=CARTESIAN_POINT('Origin',(-1.77635683940025E-14,68.09463780833,-26.));
#9276=CARTESIAN_POINT('Origin',(-7.105427357601E-14,2.66453525910038E-14,
-6.));
#9277=CARTESIAN_POINT('Origin',(-7.105427357601E-14,2.66453525910038E-14,
-26.));
#9278=CARTESIAN_POINT('Origin',(226.,1.33226762955019E-14,-35.0000004768372));
#9279=CARTESIAN_POINT('',(224.4,1.31267328076383E-14,-32.0000004768372));
#9280=CARTESIAN_POINT('Origin',(226.,1.33226762955019E-14,-32.0000004768372));
#9281=CARTESIAN_POINT('',(224.4,1.35186197833655E-14,-29.0000004768372));
#9282=CARTESIAN_POINT('',(224.4,1.35186197833655E-14,-35.0000004768372));
#9283=CARTESIAN_POINT('Origin',(226.,1.33226762955019E-14,-29.0000004768372));
#9284=CARTESIAN_POINT('Origin',(-225.999999999997,1.7048314773227E-5,-35.0000004768372));
#9285=CARTESIAN_POINT('',(-224.400000000088,4.88498130835069E-14,-29.0000004768372));
#9286=CARTESIAN_POINT('',(-224.400000000088,4.88498130835069E-14,-32.0000004768372));
#9287=CARTESIAN_POINT('',(-224.400000000088,4.88498130835069E-14,-35.0000004768372));
#9288=CARTESIAN_POINT('',(-227.599999999997,-1.70483146753314E-5,-29.0000004768372));
#9289=CARTESIAN_POINT('Origin',(-225.999999999997,1.7048314773227E-5,-29.0000004768372));
#9290=CARTESIAN_POINT('',(-227.599999999997,-1.70483146757233E-5,-32.0000004768372));
#9291=CARTESIAN_POINT('',(-227.599999999906,4.88498130835069E-14,-35.0000004768372));
#9292=CARTESIAN_POINT('Origin',(-225.999999999997,1.7048314773227E-5,-32.0000004768372));
#9293=CARTESIAN_POINT('Origin',(-225.999999999997,-1.70483146755274E-5,
-35.0000004768372));
#9294=CARTESIAN_POINT('Origin',(-225.999999999997,-1.70483146755274E-5,
-29.0000004768372));
#9295=CARTESIAN_POINT('Origin',(-225.999999999997,-1.70483146755274E-5,
-32.0000004768372));
#9296=CARTESIAN_POINT('Origin',(-178.499737124598,48.8104292108711,-35.0000004768372));
#9297=CARTESIAN_POINT('',(-180.099737124598,48.8104292108711,-32.0000004768372));
#9298=CARTESIAN_POINT('Origin',(-178.499737124598,48.8104292108711,-32.0000004768372));
#9299=CARTESIAN_POINT('',(-180.099737124598,48.8104292108711,-29.0000004768372));
#9300=CARTESIAN_POINT('',(-180.099737124598,48.8104292108711,-35.0000004768372));
#9301=CARTESIAN_POINT('Origin',(-178.499737124598,48.8104292108711,-29.0000004768372));
#9302=CARTESIAN_POINT('Origin',(-178.499737124598,-48.810429210871,-35.0000004768372));
#9303=CARTESIAN_POINT('',(-180.099737124598,-48.810429210871,-32.0000004768372));
#9304=CARTESIAN_POINT('Origin',(-178.499737124598,-48.810429210871,-32.0000004768372));
#9305=CARTESIAN_POINT('',(-180.099737124598,-48.810429210871,-29.0000004768372));
#9306=CARTESIAN_POINT('',(-180.099737124598,-48.810429210871,-35.0000004768372));
#9307=CARTESIAN_POINT('Origin',(-178.499737124598,-48.810429210871,-29.0000004768372));
#9308=CARTESIAN_POINT('Origin',(-107.762985932173,-71.594084635234,-35.0000004768372));
#9309=CARTESIAN_POINT('',(-109.362985932173,-71.594084635234,-32.0000004768372));
#9310=CARTESIAN_POINT('Origin',(-107.762985932173,-71.594084635234,-32.0000004768372));
#9311=CARTESIAN_POINT('',(-109.362985932173,-71.594084635234,-29.0000004768372));
#9312=CARTESIAN_POINT('',(-109.362985932173,-71.594084635234,-35.0000004768372));
#9313=CARTESIAN_POINT('Origin',(-107.762985932173,-71.594084635234,-29.0000004768372));
#9314=CARTESIAN_POINT('Origin',(36.8482006394717,93.7639736698158,-35.0000004768372));
#9315=CARTESIAN_POINT('',(35.2482006394717,93.7639736698158,-32.0000004768372));
#9316=CARTESIAN_POINT('Origin',(36.8482006394717,93.7639736698158,-32.0000004768372));
#9317=CARTESIAN_POINT('',(35.2482006394717,93.7639736698158,-29.0000004768372));
#9318=CARTESIAN_POINT('',(35.2482006394717,93.7639736698158,-35.0000004768372));
#9319=CARTESIAN_POINT('Origin',(36.8482006394717,93.7639736698158,-29.0000004768372));
#9320=CARTESIAN_POINT('Origin',(107.763002159522,71.5940794085545,-35.0000004768372));
#9321=CARTESIAN_POINT('',(106.163002159522,71.5940794085545,-32.0000004768372));
#9322=CARTESIAN_POINT('Origin',(107.763002159522,71.5940794085545,-32.0000004768372));
#9323=CARTESIAN_POINT('',(106.163002159522,71.5940794085545,-29.0000004768372));
#9324=CARTESIAN_POINT('',(106.163002159522,71.5940794085545,-35.0000004768372));
#9325=CARTESIAN_POINT('Origin',(107.763002159522,71.5940794085545,-29.0000004768372));
#9326=CARTESIAN_POINT('Origin',(107.763002159522,-71.5940794085545,-35.0000004768372));
#9327=CARTESIAN_POINT('',(106.163002159522,-71.5940794085545,-32.0000004768372));
#9328=CARTESIAN_POINT('Origin',(107.763002159522,-71.5940794085545,-32.0000004768372));
#9329=CARTESIAN_POINT('',(106.163002159522,-71.5940794085545,-29.0000004768372));
#9330=CARTESIAN_POINT('',(106.163002159522,-71.5940794085545,-35.0000004768372));
#9331=CARTESIAN_POINT('Origin',(107.763002159522,-71.5940794085545,-29.0000004768372));
#9332=CARTESIAN_POINT('Origin',(-36.8481840164802,93.7639774541506,-35.0000004768372));
#9333=CARTESIAN_POINT('',(-38.4481840164802,93.7639774541506,-32.0000004768372));
#9334=CARTESIAN_POINT('Origin',(-36.8481840164802,93.7639774541506,-32.0000004768372));
#9335=CARTESIAN_POINT('',(-38.4481840164802,93.7639774541506,-29.0000004768372));
#9336=CARTESIAN_POINT('',(-38.4481840164802,93.7639774541506,-35.0000004768372));
#9337=CARTESIAN_POINT('Origin',(-36.8481840164802,93.7639774541506,-29.0000004768372));
#9338=CARTESIAN_POINT('Origin',(-36.8481840164802,-93.7639774541505,-35.0000004768372));
#9339=CARTESIAN_POINT('',(-38.4481840164802,-93.7639774541505,-32.0000004768372));
#9340=CARTESIAN_POINT('Origin',(-36.8481840164802,-93.7639774541505,-32.0000004768372));
#9341=CARTESIAN_POINT('',(-38.4481840164802,-93.7639774541505,-29.0000004768372));
#9342=CARTESIAN_POINT('',(-38.4481840164802,-93.7639774541505,-35.0000004768372));
#9343=CARTESIAN_POINT('Origin',(-36.8481840164802,-93.7639774541505,-29.0000004768372));
#9344=CARTESIAN_POINT('Origin',(36.8482006394715,-93.7639736698158,-35.0000004768372));
#9345=CARTESIAN_POINT('',(35.2482006394715,-93.7639736698158,-32.0000004768372));
#9346=CARTESIAN_POINT('Origin',(36.8482006394715,-93.7639736698158,-32.0000004768372));
#9347=CARTESIAN_POINT('',(35.2482006394715,-93.7639736698158,-29.0000004768372));
#9348=CARTESIAN_POINT('',(35.2482006394715,-93.7639736698158,-35.0000004768372));
#9349=CARTESIAN_POINT('Origin',(36.8482006394715,-93.7639736698158,-29.0000004768372));
#9350=CARTESIAN_POINT('Origin',(178.499753351947,48.8104239841916,-35.0000004768372));
#9351=CARTESIAN_POINT('',(176.899753351947,48.8104239841916,-32.0000004768372));
#9352=CARTESIAN_POINT('Origin',(178.499753351947,48.8104239841916,-32.0000004768372));
#9353=CARTESIAN_POINT('',(176.899753351947,48.8104239841916,-29.0000004768372));
#9354=CARTESIAN_POINT('',(176.899753351947,48.8104239841916,-35.0000004768372));
#9355=CARTESIAN_POINT('Origin',(178.499753351947,48.8104239841916,-29.0000004768372));
#9356=CARTESIAN_POINT('Origin',(-107.762985932173,71.5940846352341,-35.0000004768372));
#9357=CARTESIAN_POINT('',(-109.362985932173,71.5940846352341,-32.0000004768372));
#9358=CARTESIAN_POINT('Origin',(-107.762985932173,71.5940846352341,-32.0000004768372));
#9359=CARTESIAN_POINT('',(-109.362985932173,71.5940846352341,-29.0000004768372));
#9360=CARTESIAN_POINT('',(-109.362985932173,71.5940846352341,-35.0000004768372));
#9361=CARTESIAN_POINT('Origin',(-107.762985932173,71.5940846352341,-29.0000004768372));
#9362=CARTESIAN_POINT('Origin',(178.499753351947,-48.8104239841916,-35.0000004768372));
#9363=CARTESIAN_POINT('',(176.899753351947,-48.8104239841916,-32.0000004768372));
#9364=CARTESIAN_POINT('Origin',(178.499753351947,-48.8104239841916,-32.0000004768372));
#9365=CARTESIAN_POINT('',(176.899753351947,-48.8104239841916,-29.0000004768372));
#9366=CARTESIAN_POINT('',(176.899753351947,-48.8104239841916,-35.0000004768372));
#9367=CARTESIAN_POINT('Origin',(178.499753351947,-48.8104239841916,-29.0000004768372));
#9368=CARTESIAN_POINT('Origin',(-192.263216864834,-38.0737903567013,-32.0000004768372));
#9369=CARTESIAN_POINT('',(-49.0528674593364,-84.2005236184758,-32.0000004768372));
#9370=CARTESIAN_POINT('',(-192.263216864834,-38.0737903567014,-32.0000004768372));
#9371=CARTESIAN_POINT('',(-49.0528674593364,-84.2005236184758,-32.0000004768372));
#9372=CARTESIAN_POINT('',(-192.263216864834,-38.0737903567014,-29.0000004768372));
#9373=CARTESIAN_POINT('',(-192.263216864834,-38.0737903567014,-32.0000004768372));
#9374=CARTESIAN_POINT('',(-49.0528674593364,-84.2005236184758,-29.0000004768372));
#9375=CARTESIAN_POINT('',(-49.0528674593364,-84.2005236184758,-29.0000004768372));
#9376=CARTESIAN_POINT('',(-49.0528674593364,-84.2005236184758,-32.0000004768372));
#9377=CARTESIAN_POINT('Origin',(-180.,4.44089209850063E-14,-32.0000004768372));
#9378=CARTESIAN_POINT('',(-192.263216864834,38.0737903567014,-32.0000004768372));
#9379=CARTESIAN_POINT('Origin',(-180.,4.44089209850063E-14,-32.0000004768372));
#9380=CARTESIAN_POINT('',(-192.263216864834,38.0737903567015,-29.0000004768372));
#9381=CARTESIAN_POINT('',(-192.263216864834,38.0737903567014,-32.0000004768372));
#9382=CARTESIAN_POINT('Origin',(-180.,4.44089209850063E-14,-29.0000004768372));
#9383=CARTESIAN_POINT('Origin',(-49.0528674593365,84.2005236184758,-32.0000004768372));
#9384=CARTESIAN_POINT('',(-49.0528674593365,84.2005236184758,-32.0000004768372));
#9385=CARTESIAN_POINT('',(-49.0528674593365,84.2005236184758,-32.0000004768372));
#9386=CARTESIAN_POINT('',(-49.0528674593365,84.2005236184758,-29.0000004768372));
#9387=CARTESIAN_POINT('',(-49.0528674593365,84.2005236184758,-32.0000004768372));
#9388=CARTESIAN_POINT('',(-49.0528674593365,84.2005236184758,-29.0000004768372));
#9389=CARTESIAN_POINT('Origin',(0.,-68.0946378083287,-32.0000004768372));
#9390=CARTESIAN_POINT('',(49.0528674593363,84.2005236184759,-32.0000004768372));
#9391=CARTESIAN_POINT('Origin',(0.,-68.0946378083287,-32.0000004768372));
#9392=CARTESIAN_POINT('',(49.0528674593363,84.2005236184759,-29.0000004768372));
#9393=CARTESIAN_POINT('',(49.0528674593363,84.2005236184759,-32.0000004768372));
#9394=CARTESIAN_POINT('Origin',(0.,-68.0946378083287,-29.0000004768372));
#9395=CARTESIAN_POINT('Origin',(192.263216864834,38.0737903567014,-32.0000004768372));
#9396=CARTESIAN_POINT('',(192.263216864834,38.0737903567014,-32.0000004768372));
#9397=CARTESIAN_POINT('',(49.0528674593362,84.2005236184759,-32.0000004768372));
#9398=CARTESIAN_POINT('',(192.263216864834,38.0737903567014,-29.0000004768372));
#9399=CARTESIAN_POINT('',(192.263216864834,38.0737903567014,-32.0000004768372));
#9400=CARTESIAN_POINT('',(49.0528674593362,84.2005236184759,-29.0000004768372));
#9401=CARTESIAN_POINT('Origin',(180.,0.,-32.0000004768372));
#9402=CARTESIAN_POINT('',(192.263216864834,-38.0737903567014,-32.0000004768372));
#9403=CARTESIAN_POINT('Origin',(180.,0.,-32.0000004768372));
#9404=CARTESIAN_POINT('',(192.263216864834,-38.0737903567014,-29.0000004768372));
#9405=CARTESIAN_POINT('',(192.263216864834,-38.0737903567014,-32.0000004768372));
#9406=CARTESIAN_POINT('Origin',(180.,0.,-29.0000004768372));
#9407=CARTESIAN_POINT('Origin',(49.0528674593365,-84.2005236184758,-32.0000004768372));
#9408=CARTESIAN_POINT('',(49.0528674593365,-84.2005236184758,-32.0000004768372));
#9409=CARTESIAN_POINT('',(49.0528674593365,-84.2005236184758,-32.0000004768372));
#9410=CARTESIAN_POINT('',(49.0528674593365,-84.2005236184758,-29.0000004768372));
#9411=CARTESIAN_POINT('',(49.0528674593365,-84.2005236184758,-32.0000004768372));
#9412=CARTESIAN_POINT('',(49.0528674593365,-84.2005236184758,-29.0000004768372));
#9413=CARTESIAN_POINT('Origin',(1.77635683940025E-14,68.09463780833,-32.0000004768372));
#9414=CARTESIAN_POINT('Origin',(1.77635683940025E-14,68.09463780833,-32.0000004768372));
#9415=CARTESIAN_POINT('Origin',(1.77635683940025E-14,68.09463780833,-29.0000004768372));
#9416=CARTESIAN_POINT('Origin',(195.942181924284,-49.4959274637118,-32.0000004768372));
#9417=CARTESIAN_POINT('',(52.7318325187866,-95.6226607254863,-32.0000004768372));
#9418=CARTESIAN_POINT('',(195.942181924284,-49.4959274637118,-32.0000004768372));
#9419=CARTESIAN_POINT('',(52.7318325187866,-95.6226607254863,-32.0000004768372));
#9420=CARTESIAN_POINT('',(195.942181924284,-49.4959274637118,-29.0000004768372));
#9421=CARTESIAN_POINT('',(195.942181924284,-49.4959274637118,-32.0000004768372));
#9422=CARTESIAN_POINT('',(52.7318325187866,-95.6226607254863,-29.0000004768372));
#9423=CARTESIAN_POINT('',(52.7318325187866,-95.6226607254863,-29.0000004768372));
#9424=CARTESIAN_POINT('',(52.7318325187866,-95.6226607254863,-32.0000004768372));
#9425=CARTESIAN_POINT('Origin',(180.,0.,-32.0000004768372));
#9426=CARTESIAN_POINT('',(195.942181924284,49.4959274637118,-32.0000004768372));
#9427=CARTESIAN_POINT('Origin',(180.,0.,-32.0000004768372));
#9428=CARTESIAN_POINT('',(195.942181924284,49.4959274637118,-29.0000004768372));
#9429=CARTESIAN_POINT('',(195.942181924284,49.4959274637118,-32.0000004768372));
#9430=CARTESIAN_POINT('Origin',(180.,0.,-29.0000004768372));
#9431=CARTESIAN_POINT('Origin',(52.7318325187865,95.6226607254863,-32.0000004768372));
#9432=CARTESIAN_POINT('',(52.7318325187865,95.6226607254864,-32.0000004768372));
#9433=CARTESIAN_POINT('',(52.7318325187865,95.6226607254863,-32.0000004768372));
#9434=CARTESIAN_POINT('',(52.7318325187865,95.6226607254864,-29.0000004768372));
#9435=CARTESIAN_POINT('',(52.7318325187865,95.6226607254864,-32.0000004768372));
#9436=CARTESIAN_POINT('',(52.7318325187865,95.6226607254863,-29.0000004768372));
#9437=CARTESIAN_POINT('Origin',(0.,-68.0946378083287,-32.0000004768372));
#9438=CARTESIAN_POINT('',(-52.7318325187868,95.6226607254862,-32.0000004768372));
#9439=CARTESIAN_POINT('Origin',(0.,-68.0946378083287,-32.0000004768372));
#9440=CARTESIAN_POINT('',(-52.7318325187868,95.6226607254862,-29.0000004768372));
#9441=CARTESIAN_POINT('',(-52.7318325187868,95.6226607254862,-32.0000004768372));
#9442=CARTESIAN_POINT('Origin',(0.,-68.0946378083287,-29.0000004768372));
#9443=CARTESIAN_POINT('Origin',(-195.942181924284,49.4959274637119,-32.0000004768372));
#9444=CARTESIAN_POINT('',(-195.942181924284,49.4959274637119,-32.0000004768372));
#9445=CARTESIAN_POINT('',(-52.7318325187868,95.6226607254862,-32.0000004768372));
#9446=CARTESIAN_POINT('',(-195.942181924284,49.4959274637119,-29.0000004768372));
#9447=CARTESIAN_POINT('',(-195.942181924284,49.4959274637119,-32.0000004768372));
#9448=CARTESIAN_POINT('',(-52.7318325187868,95.6226607254862,-29.0000004768372));
#9449=CARTESIAN_POINT('Origin',(-180.,4.44089209850063E-14,-32.0000004768372));
#9450=CARTESIAN_POINT('',(-195.942181924284,-49.4959274637118,-32.0000004768372));
#9451=CARTESIAN_POINT('Origin',(-180.,4.44089209850063E-14,-32.0000004768372));
#9452=CARTESIAN_POINT('',(-195.942181924284,-49.4959274637118,-29.0000004768372));
#9453=CARTESIAN_POINT('',(-195.942181924284,-49.4959274637118,-32.0000004768372));
#9454=CARTESIAN_POINT('Origin',(-180.,4.44089209850063E-14,-29.0000004768372));
#9455=CARTESIAN_POINT('Origin',(-52.7318325187866,-95.6226607254863,-32.0000004768372));
#9456=CARTESIAN_POINT('',(-52.7318325187866,-95.6226607254863,-32.0000004768372));
#9457=CARTESIAN_POINT('',(-52.7318325187866,-95.6226607254863,-32.0000004768372));
#9458=CARTESIAN_POINT('',(-52.7318325187866,-95.6226607254863,-29.0000004768372));
#9459=CARTESIAN_POINT('',(-52.7318325187866,-95.6226607254863,-32.0000004768372));
#9460=CARTESIAN_POINT('',(-52.7318325187866,-95.6226607254863,-29.0000004768372));
#9461=CARTESIAN_POINT('Origin',(1.77635683940025E-14,68.09463780833,-32.0000004768372));
#9462=CARTESIAN_POINT('Origin',(1.77635683940025E-14,68.09463780833,-32.0000004768372));
#9463=CARTESIAN_POINT('Origin',(1.77635683940025E-14,68.09463780833,-29.0000004768372));
#9464=CARTESIAN_POINT('Origin',(-3.5527136788005E-14,1.77635683940025E-14,
-32.0000004768372));
#9465=CARTESIAN_POINT('Origin',(-3.5527136788005E-14,1.77635683940025E-14,
-29.0000004768372));
#9466=CARTESIAN_POINT('Origin',(226.,1.33226762955019E-14,-35.0000004768372));
#9467=CARTESIAN_POINT('',(224.4,1.31267328076383E-14,-29.0000004768372));
#9468=CARTESIAN_POINT('Origin',(226.,1.33226762955019E-14,-29.0000004768372));
#9469=CARTESIAN_POINT('',(224.4,1.35186197833655E-14,-26.0000004768372));
#9470=CARTESIAN_POINT('',(224.4,1.35186197833655E-14,-35.0000004768372));
#9471=CARTESIAN_POINT('Origin',(226.,1.33226762955019E-14,-26.0000004768372));
#9472=CARTESIAN_POINT('Origin',(-225.999999999997,1.7048314773227E-5,-35.0000004768372));
#9473=CARTESIAN_POINT('',(-224.400000000088,4.88498130835069E-14,-26.0000004768372));
#9474=CARTESIAN_POINT('',(-224.400000000088,4.88498130835069E-14,-29.0000004768372));
#9475=CARTESIAN_POINT('',(-224.400000000088,4.88498130835069E-14,-35.0000004768372));
#9476=CARTESIAN_POINT('',(-227.599999999997,-1.70483146753314E-5,-26.0000004768372));
#9477=CARTESIAN_POINT('Origin',(-225.999999999997,1.7048314773227E-5,-26.0000004768372));
#9478=CARTESIAN_POINT('',(-227.599999999997,-1.70483146757233E-5,-29.0000004768372));
#9479=CARTESIAN_POINT('',(-227.599999999906,4.88498130835069E-14,-35.0000004768372));
#9480=CARTESIAN_POINT('Origin',(-225.999999999997,1.7048314773227E-5,-29.0000004768372));
#9481=CARTESIAN_POINT('Origin',(-225.999999999997,-1.70483146755274E-5,
-35.0000004768372));
#9482=CARTESIAN_POINT('Origin',(-225.999999999997,-1.70483146755274E-5,
-26.0000004768372));
#9483=CARTESIAN_POINT('Origin',(-225.999999999997,-1.70483146755274E-5,
-29.0000004768372));
#9484=CARTESIAN_POINT('Origin',(-178.499737124598,48.8104292108711,-35.0000004768372));
#9485=CARTESIAN_POINT('',(-180.099737124598,48.8104292108711,-29.0000004768372));
#9486=CARTESIAN_POINT('Origin',(-178.499737124598,48.8104292108711,-29.0000004768372));
#9487=CARTESIAN_POINT('',(-180.099737124598,48.8104292108711,-26.0000004768372));
#9488=CARTESIAN_POINT('',(-180.099737124598,48.8104292108711,-35.0000004768372));
#9489=CARTESIAN_POINT('Origin',(-178.499737124598,48.8104292108711,-26.0000004768372));
#9490=CARTESIAN_POINT('Origin',(-178.499737124598,-48.810429210871,-35.0000004768372));
#9491=CARTESIAN_POINT('',(-180.099737124598,-48.810429210871,-29.0000004768372));
#9492=CARTESIAN_POINT('Origin',(-178.499737124598,-48.810429210871,-29.0000004768372));
#9493=CARTESIAN_POINT('',(-180.099737124598,-48.810429210871,-26.0000004768372));
#9494=CARTESIAN_POINT('',(-180.099737124598,-48.810429210871,-35.0000004768372));
#9495=CARTESIAN_POINT('Origin',(-178.499737124598,-48.810429210871,-26.0000004768372));
#9496=CARTESIAN_POINT('Origin',(-107.762985932173,-71.594084635234,-35.0000004768372));
#9497=CARTESIAN_POINT('',(-109.362985932173,-71.594084635234,-29.0000004768372));
#9498=CARTESIAN_POINT('Origin',(-107.762985932173,-71.594084635234,-29.0000004768372));
#9499=CARTESIAN_POINT('',(-109.362985932173,-71.594084635234,-26.0000004768372));
#9500=CARTESIAN_POINT('',(-109.362985932173,-71.594084635234,-35.0000004768372));
#9501=CARTESIAN_POINT('Origin',(-107.762985932173,-71.594084635234,-26.0000004768372));
#9502=CARTESIAN_POINT('Origin',(36.8482006394717,93.7639736698158,-35.0000004768372));
#9503=CARTESIAN_POINT('',(35.2482006394717,93.7639736698158,-29.0000004768372));
#9504=CARTESIAN_POINT('Origin',(36.8482006394717,93.7639736698158,-29.0000004768372));
#9505=CARTESIAN_POINT('',(35.2482006394717,93.7639736698158,-26.0000004768372));
#9506=CARTESIAN_POINT('',(35.2482006394717,93.7639736698158,-35.0000004768372));
#9507=CARTESIAN_POINT('Origin',(36.8482006394717,93.7639736698158,-26.0000004768372));
#9508=CARTESIAN_POINT('Origin',(107.763002159522,71.5940794085545,-35.0000004768372));
#9509=CARTESIAN_POINT('',(106.163002159522,71.5940794085545,-29.0000004768372));
#9510=CARTESIAN_POINT('Origin',(107.763002159522,71.5940794085545,-29.0000004768372));
#9511=CARTESIAN_POINT('',(106.163002159522,71.5940794085545,-26.0000004768372));
#9512=CARTESIAN_POINT('',(106.163002159522,71.5940794085545,-35.0000004768372));
#9513=CARTESIAN_POINT('Origin',(107.763002159522,71.5940794085545,-26.0000004768372));
#9514=CARTESIAN_POINT('Origin',(107.763002159522,-71.5940794085545,-35.0000004768372));
#9515=CARTESIAN_POINT('',(106.163002159522,-71.5940794085545,-29.0000004768372));
#9516=CARTESIAN_POINT('Origin',(107.763002159522,-71.5940794085545,-29.0000004768372));
#9517=CARTESIAN_POINT('',(106.163002159522,-71.5940794085545,-26.0000004768372));
#9518=CARTESIAN_POINT('',(106.163002159522,-71.5940794085545,-35.0000004768372));
#9519=CARTESIAN_POINT('Origin',(107.763002159522,-71.5940794085545,-26.0000004768372));
#9520=CARTESIAN_POINT('Origin',(-36.8481840164802,93.7639774541506,-35.0000004768372));
#9521=CARTESIAN_POINT('',(-38.4481840164802,93.7639774541506,-29.0000004768372));
#9522=CARTESIAN_POINT('Origin',(-36.8481840164802,93.7639774541506,-29.0000004768372));
#9523=CARTESIAN_POINT('',(-38.4481840164802,93.7639774541506,-26.0000004768372));
#9524=CARTESIAN_POINT('',(-38.4481840164802,93.7639774541506,-35.0000004768372));
#9525=CARTESIAN_POINT('Origin',(-36.8481840164802,93.7639774541506,-26.0000004768372));
#9526=CARTESIAN_POINT('Origin',(-36.8481840164802,-93.7639774541505,-35.0000004768372));
#9527=CARTESIAN_POINT('',(-38.4481840164802,-93.7639774541505,-29.0000004768372));
#9528=CARTESIAN_POINT('Origin',(-36.8481840164802,-93.7639774541505,-29.0000004768372));
#9529=CARTESIAN_POINT('',(-38.4481840164802,-93.7639774541505,-26.0000004768372));
#9530=CARTESIAN_POINT('',(-38.4481840164802,-93.7639774541505,-35.0000004768372));
#9531=CARTESIAN_POINT('Origin',(-36.8481840164802,-93.7639774541505,-26.0000004768372));
#9532=CARTESIAN_POINT('Origin',(36.8482006394715,-93.7639736698158,-35.0000004768372));
#9533=CARTESIAN_POINT('',(35.2482006394715,-93.7639736698158,-29.0000004768372));
#9534=CARTESIAN_POINT('Origin',(36.8482006394715,-93.7639736698158,-29.0000004768372));
#9535=CARTESIAN_POINT('',(35.2482006394715,-93.7639736698158,-26.0000004768372));
#9536=CARTESIAN_POINT('',(35.2482006394715,-93.7639736698158,-35.0000004768372));
#9537=CARTESIAN_POINT('Origin',(36.8482006394715,-93.7639736698158,-26.0000004768372));
#9538=CARTESIAN_POINT('Origin',(178.499753351947,48.8104239841916,-35.0000004768372));
#9539=CARTESIAN_POINT('',(176.899753351947,48.8104239841916,-29.0000004768372));
#9540=CARTESIAN_POINT('Origin',(178.499753351947,48.8104239841916,-29.0000004768372));
#9541=CARTESIAN_POINT('',(176.899753351947,48.8104239841916,-26.0000004768372));
#9542=CARTESIAN_POINT('',(176.899753351947,48.8104239841916,-35.0000004768372));
#9543=CARTESIAN_POINT('Origin',(178.499753351947,48.8104239841916,-26.0000004768372));
#9544=CARTESIAN_POINT('Origin',(-107.762985932173,71.5940846352341,-35.0000004768372));
#9545=CARTESIAN_POINT('',(-109.362985932173,71.5940846352341,-29.0000004768372));
#9546=CARTESIAN_POINT('Origin',(-107.762985932173,71.5940846352341,-29.0000004768372));
#9547=CARTESIAN_POINT('',(-109.362985932173,71.5940846352341,-26.0000004768372));
#9548=CARTESIAN_POINT('',(-109.362985932173,71.5940846352341,-35.0000004768372));
#9549=CARTESIAN_POINT('Origin',(-107.762985932173,71.5940846352341,-26.0000004768372));
#9550=CARTESIAN_POINT('Origin',(178.499753351947,-48.8104239841916,-35.0000004768372));
#9551=CARTESIAN_POINT('',(176.899753351947,-48.8104239841916,-29.0000004768372));
#9552=CARTESIAN_POINT('Origin',(178.499753351947,-48.8104239841916,-29.0000004768372));
#9553=CARTESIAN_POINT('',(176.899753351947,-48.8104239841916,-26.0000004768372));
#9554=CARTESIAN_POINT('',(176.899753351947,-48.8104239841916,-35.0000004768372));
#9555=CARTESIAN_POINT('Origin',(178.499753351947,-48.8104239841916,-26.0000004768372));
#9556=CARTESIAN_POINT('Origin',(-192.263216864834,-38.0737903567013,-29.0000004768372));
#9557=CARTESIAN_POINT('',(-49.0528674593364,-84.2005236184758,-29.0000004768372));
#9558=CARTESIAN_POINT('',(-192.263216864834,-38.0737903567014,-29.0000004768372));
#9559=CARTESIAN_POINT('',(-49.0528674593364,-84.2005236184758,-29.0000004768372));
#9560=CARTESIAN_POINT('',(-192.263216864834,-38.0737903567014,-26.0000004768372));
#9561=CARTESIAN_POINT('',(-192.263216864834,-38.0737903567014,-29.0000004768372));
#9562=CARTESIAN_POINT('',(-49.0528674593364,-84.2005236184758,-26.0000004768372));
#9563=CARTESIAN_POINT('',(-49.0528674593364,-84.2005236184758,-26.0000004768372));
#9564=CARTESIAN_POINT('',(-49.0528674593364,-84.2005236184758,-29.0000004768372));
#9565=CARTESIAN_POINT('Origin',(-180.,4.44089209850063E-14,-29.0000004768372));
#9566=CARTESIAN_POINT('',(-192.263216864834,38.0737903567014,-29.0000004768372));
#9567=CARTESIAN_POINT('Origin',(-180.,4.44089209850063E-14,-29.0000004768372));
#9568=CARTESIAN_POINT('',(-192.263216864834,38.0737903567015,-26.0000004768372));
#9569=CARTESIAN_POINT('',(-192.263216864834,38.0737903567014,-29.0000004768372));
#9570=CARTESIAN_POINT('Origin',(-180.,4.44089209850063E-14,-26.0000004768372));
#9571=CARTESIAN_POINT('Origin',(-49.0528674593365,84.2005236184758,-29.0000004768372));
#9572=CARTESIAN_POINT('',(-49.0528674593365,84.2005236184758,-29.0000004768372));
#9573=CARTESIAN_POINT('',(-49.0528674593365,84.2005236184758,-29.0000004768372));
#9574=CARTESIAN_POINT('',(-49.0528674593365,84.2005236184758,-26.0000004768372));
#9575=CARTESIAN_POINT('',(-49.0528674593365,84.2005236184758,-29.0000004768372));
#9576=CARTESIAN_POINT('',(-49.0528674593365,84.2005236184758,-26.0000004768372));
#9577=CARTESIAN_POINT('Origin',(0.,-68.0946378083287,-29.0000004768372));
#9578=CARTESIAN_POINT('',(49.0528674593363,84.2005236184759,-29.0000004768372));
#9579=CARTESIAN_POINT('Origin',(0.,-68.0946378083287,-29.0000004768372));
#9580=CARTESIAN_POINT('',(49.0528674593363,84.2005236184759,-26.0000004768372));
#9581=CARTESIAN_POINT('',(49.0528674593363,84.2005236184759,-29.0000004768372));
#9582=CARTESIAN_POINT('Origin',(0.,-68.0946378083287,-26.0000004768372));
#9583=CARTESIAN_POINT('Origin',(192.263216864834,38.0737903567014,-29.0000004768372));
#9584=CARTESIAN_POINT('',(192.263216864834,38.0737903567014,-29.0000004768372));
#9585=CARTESIAN_POINT('',(49.0528674593362,84.2005236184759,-29.0000004768372));
#9586=CARTESIAN_POINT('',(192.263216864834,38.0737903567014,-26.0000004768372));
#9587=CARTESIAN_POINT('',(192.263216864834,38.0737903567014,-29.0000004768372));
#9588=CARTESIAN_POINT('',(49.0528674593362,84.2005236184759,-26.0000004768372));
#9589=CARTESIAN_POINT('Origin',(180.,0.,-29.0000004768372));
#9590=CARTESIAN_POINT('',(192.263216864834,-38.0737903567014,-29.0000004768372));
#9591=CARTESIAN_POINT('Origin',(180.,0.,-29.0000004768372));
#9592=CARTESIAN_POINT('',(192.263216864834,-38.0737903567014,-26.0000004768372));
#9593=CARTESIAN_POINT('',(192.263216864834,-38.0737903567014,-29.0000004768372));
#9594=CARTESIAN_POINT('Origin',(180.,0.,-26.0000004768372));
#9595=CARTESIAN_POINT('Origin',(49.0528674593365,-84.2005236184758,-29.0000004768372));
#9596=CARTESIAN_POINT('',(49.0528674593365,-84.2005236184758,-29.0000004768372));
#9597=CARTESIAN_POINT('',(49.0528674593365,-84.2005236184758,-29.0000004768372));
#9598=CARTESIAN_POINT('',(49.0528674593365,-84.2005236184758,-26.0000004768372));
#9599=CARTESIAN_POINT('',(49.0528674593365,-84.2005236184758,-29.0000004768372));
#9600=CARTESIAN_POINT('',(49.0528674593365,-84.2005236184758,-26.0000004768372));
#9601=CARTESIAN_POINT('Origin',(1.77635683940025E-14,68.09463780833,-29.0000004768372));
#9602=CARTESIAN_POINT('Origin',(1.77635683940025E-14,68.09463780833,-29.0000004768372));
#9603=CARTESIAN_POINT('Origin',(1.77635683940025E-14,68.09463780833,-26.0000004768372));
#9604=CARTESIAN_POINT('Origin',(195.942181924284,-49.4959274637118,-29.0000004768372));
#9605=CARTESIAN_POINT('',(52.7318325187866,-95.6226607254863,-29.0000004768372));
#9606=CARTESIAN_POINT('',(195.942181924284,-49.4959274637118,-29.0000004768372));
#9607=CARTESIAN_POINT('',(52.7318325187866,-95.6226607254863,-29.0000004768372));
#9608=CARTESIAN_POINT('',(195.942181924284,-49.4959274637118,-26.0000004768372));
#9609=CARTESIAN_POINT('',(195.942181924284,-49.4959274637118,-29.0000004768372));
#9610=CARTESIAN_POINT('',(52.7318325187866,-95.6226607254863,-26.0000004768372));
#9611=CARTESIAN_POINT('',(52.7318325187866,-95.6226607254863,-26.0000004768372));
#9612=CARTESIAN_POINT('',(52.7318325187866,-95.6226607254863,-29.0000004768372));
#9613=CARTESIAN_POINT('Origin',(180.,0.,-29.0000004768372));
#9614=CARTESIAN_POINT('',(195.942181924284,49.4959274637118,-29.0000004768372));
#9615=CARTESIAN_POINT('Origin',(180.,0.,-29.0000004768372));
#9616=CARTESIAN_POINT('',(195.942181924284,49.4959274637118,-26.0000004768372));
#9617=CARTESIAN_POINT('',(195.942181924284,49.4959274637118,-29.0000004768372));
#9618=CARTESIAN_POINT('Origin',(180.,0.,-26.0000004768372));
#9619=CARTESIAN_POINT('Origin',(52.7318325187865,95.6226607254863,-29.0000004768372));
#9620=CARTESIAN_POINT('',(52.7318325187865,95.6226607254864,-29.0000004768372));
#9621=CARTESIAN_POINT('',(52.7318325187865,95.6226607254863,-29.0000004768372));
#9622=CARTESIAN_POINT('',(52.7318325187865,95.6226607254864,-26.0000004768372));
#9623=CARTESIAN_POINT('',(52.7318325187865,95.6226607254864,-29.0000004768372));
#9624=CARTESIAN_POINT('',(52.7318325187865,95.6226607254863,-26.0000004768372));
#9625=CARTESIAN_POINT('Origin',(0.,-68.0946378083287,-29.0000004768372));
#9626=CARTESIAN_POINT('',(-52.7318325187868,95.6226607254862,-29.0000004768372));
#9627=CARTESIAN_POINT('Origin',(0.,-68.0946378083287,-29.0000004768372));
#9628=CARTESIAN_POINT('',(-52.7318325187868,95.6226607254862,-26.0000004768372));
#9629=CARTESIAN_POINT('',(-52.7318325187868,95.6226607254862,-29.0000004768372));
#9630=CARTESIAN_POINT('Origin',(0.,-68.0946378083287,-26.0000004768372));
#9631=CARTESIAN_POINT('Origin',(-195.942181924284,49.4959274637119,-29.0000004768372));
#9632=CARTESIAN_POINT('',(-195.942181924284,49.4959274637119,-29.0000004768372));
#9633=CARTESIAN_POINT('',(-52.7318325187868,95.6226607254862,-29.0000004768372));
#9634=CARTESIAN_POINT('',(-195.942181924284,49.4959274637119,-26.0000004768372));
#9635=CARTESIAN_POINT('',(-195.942181924284,49.4959274637119,-29.0000004768372));
#9636=CARTESIAN_POINT('',(-52.7318325187868,95.6226607254862,-26.0000004768372));
#9637=CARTESIAN_POINT('Origin',(-180.,4.44089209850063E-14,-29.0000004768372));
#9638=CARTESIAN_POINT('',(-195.942181924284,-49.4959274637118,-29.0000004768372));
#9639=CARTESIAN_POINT('Origin',(-180.,4.44089209850063E-14,-29.0000004768372));
#9640=CARTESIAN_POINT('',(-195.942181924284,-49.4959274637118,-26.0000004768372));
#9641=CARTESIAN_POINT('',(-195.942181924284,-49.4959274637118,-29.0000004768372));
#9642=CARTESIAN_POINT('Origin',(-180.,4.44089209850063E-14,-26.0000004768372));
#9643=CARTESIAN_POINT('Origin',(-52.7318325187866,-95.6226607254863,-29.0000004768372));
#9644=CARTESIAN_POINT('',(-52.7318325187866,-95.6226607254863,-29.0000004768372));
#9645=CARTESIAN_POINT('',(-52.7318325187866,-95.6226607254863,-29.0000004768372));
#9646=CARTESIAN_POINT('',(-52.7318325187866,-95.6226607254863,-26.0000004768372));
#9647=CARTESIAN_POINT('',(-52.7318325187866,-95.6226607254863,-29.0000004768372));
#9648=CARTESIAN_POINT('',(-52.7318325187866,-95.6226607254863,-26.0000004768372));
#9649=CARTESIAN_POINT('Origin',(1.77635683940025E-14,68.09463780833,-29.0000004768372));
#9650=CARTESIAN_POINT('Origin',(1.77635683940025E-14,68.09463780833,-29.0000004768372));
#9651=CARTESIAN_POINT('Origin',(1.77635683940025E-14,68.09463780833,-26.0000004768372));
#9652=CARTESIAN_POINT('Origin',(-3.5527136788005E-14,1.77635683940025E-14,
-29.0000004768372));
#9653=CARTESIAN_POINT('Origin',(-3.5527136788005E-14,1.77635683940025E-14,
-26.0000004768372));
#9654=CARTESIAN_POINT('Origin',(226.,1.33226762955019E-14,-35.0000004768372));
#9655=CARTESIAN_POINT('',(224.4,1.31267328076383E-14,-35.0000004768372));
#9656=CARTESIAN_POINT('Origin',(226.,1.33226762955019E-14,-35.0000004768372));
#9657=CARTESIAN_POINT('',(224.4,1.35186197833655E-14,-32.0000004768372));
#9658=CARTESIAN_POINT('',(224.4,1.35186197833655E-14,-35.0000004768372));
#9659=CARTESIAN_POINT('Origin',(226.,1.33226762955019E-14,-32.0000004768372));
#9660=CARTESIAN_POINT('Origin',(226.,1.33226762955019E-14,-42.0000004768372));
#9661=CARTESIAN_POINT('',(222.999999955295,1.29552822502828E-14,-42.0000004768372));
#9662=CARTESIAN_POINT('Origin',(226.,1.33226762955019E-14,-42.0000004768372));
#9663=CARTESIAN_POINT('',(222.999999955295,1.29552822502828E-14,-35.0000004768372));
#9664=CARTESIAN_POINT('',(222.999999955295,1.36900703407209E-14,-42.0000004768372));
#9665=CARTESIAN_POINT('Origin',(226.,1.33226762955019E-14,-35.0000004768372));
#9666=CARTESIAN_POINT('Origin',(226.,1.33226762955019E-14,-35.0000004768372));
#9667=CARTESIAN_POINT('Origin',(-225.999999999997,-1.70483146755274E-5,
-35.0000004768372));
#9668=CARTESIAN_POINT('',(-227.599999999997,-1.70483146757233E-5,-35.0000004768372));
#9669=CARTESIAN_POINT('Origin',(-225.999999999997,-1.70483146755274E-5,
-35.0000004768372));
#9670=CARTESIAN_POINT('',(-227.599999999997,-1.70483146753314E-5,-32.0000004768372));
#9671=CARTESIAN_POINT('',(-227.599999999997,-1.70483146753314E-5,-35.0000004768372));
#9672=CARTESIAN_POINT('Origin',(-225.999999999997,-1.70483146755274E-5,
-32.0000004768372));
#9673=CARTESIAN_POINT('Origin',(-225.999999999997,-1.70483146755274E-5,
-42.0000004768372));
#9674=CARTESIAN_POINT('',(-229.000000044702,-1.70483146758948E-5,-42.0000004768372));
#9675=CARTESIAN_POINT('Origin',(-225.999999999997,-1.70483146755274E-5,
-42.0000004768372));
#9676=CARTESIAN_POINT('',(-229.000000044702,-1.70483146758948E-5,-35.0000004768372));
#9677=CARTESIAN_POINT('',(-229.000000044702,-1.704831467516E-5,-42.0000004768372));
#9678=CARTESIAN_POINT('Origin',(-225.999999999997,-1.70483146755274E-5,
-35.0000004768372));
#9679=CARTESIAN_POINT('Origin',(-225.999999999997,-1.70483146755274E-5,
-35.0000004768372));
#9680=CARTESIAN_POINT('Origin',(-178.499737124598,48.8104292108711,-35.0000004768372));
#9681=CARTESIAN_POINT('',(-180.099737124598,48.8104292108711,-35.0000004768372));
#9682=CARTESIAN_POINT('Origin',(-178.499737124598,48.8104292108711,-35.0000004768372));
#9683=CARTESIAN_POINT('',(-180.099737124598,48.8104292108711,-32.0000004768372));
#9684=CARTESIAN_POINT('',(-180.099737124598,48.8104292108711,-35.0000004768372));
#9685=CARTESIAN_POINT('Origin',(-178.499737124598,48.8104292108711,-32.0000004768372));
#9686=CARTESIAN_POINT('Origin',(-178.499737124598,48.8104292108711,-42.0000004768372));
#9687=CARTESIAN_POINT('',(-181.499737169303,48.8104292108711,-42.0000004768372));
#9688=CARTESIAN_POINT('Origin',(-178.499737124598,48.8104292108711,-42.0000004768372));
#9689=CARTESIAN_POINT('',(-181.499737169303,48.8104292108711,-35.0000004768372));
#9690=CARTESIAN_POINT('',(-181.499737169303,48.8104292108711,-42.0000004768372));
#9691=CARTESIAN_POINT('Origin',(-178.499737124598,48.8104292108711,-35.0000004768372));
#9692=CARTESIAN_POINT('Origin',(-178.499737124598,48.8104292108711,-35.0000004768372));
#9693=CARTESIAN_POINT('Origin',(-178.499737124598,-48.810429210871,-35.0000004768372));
#9694=CARTESIAN_POINT('',(-180.099737124598,-48.810429210871,-35.0000004768372));
#9695=CARTESIAN_POINT('Origin',(-178.499737124598,-48.810429210871,-35.0000004768372));
#9696=CARTESIAN_POINT('',(-180.099737124598,-48.810429210871,-32.0000004768372));
#9697=CARTESIAN_POINT('',(-180.099737124598,-48.810429210871,-35.0000004768372));
#9698=CARTESIAN_POINT('Origin',(-178.499737124598,-48.810429210871,-32.0000004768372));
#9699=CARTESIAN_POINT('Origin',(-178.499737124598,-48.810429210871,-42.0000004768372));
#9700=CARTESIAN_POINT('',(-181.499737169303,-48.810429210871,-42.0000004768372));
#9701=CARTESIAN_POINT('Origin',(-178.499737124598,-48.810429210871,-42.0000004768372));
#9702=CARTESIAN_POINT('',(-181.499737169303,-48.810429210871,-35.0000004768372));
#9703=CARTESIAN_POINT('',(-181.499737169303,-48.810429210871,-42.0000004768372));
#9704=CARTESIAN_POINT('Origin',(-178.499737124598,-48.810429210871,-35.0000004768372));
#9705=CARTESIAN_POINT('Origin',(-178.499737124598,-48.810429210871,-35.0000004768372));
#9706=CARTESIAN_POINT('Origin',(-107.762985932173,-71.594084635234,-35.0000004768372));
#9707=CARTESIAN_POINT('',(-109.362985932173,-71.594084635234,-35.0000004768372));
#9708=CARTESIAN_POINT('Origin',(-107.762985932173,-71.594084635234,-35.0000004768372));
#9709=CARTESIAN_POINT('',(-109.362985932173,-71.594084635234,-32.0000004768372));
#9710=CARTESIAN_POINT('',(-109.362985932173,-71.594084635234,-35.0000004768372));
#9711=CARTESIAN_POINT('Origin',(-107.762985932173,-71.594084635234,-32.0000004768372));
#9712=CARTESIAN_POINT('Origin',(-107.762985932173,-71.594084635234,-42.0000004768372));
#9713=CARTESIAN_POINT('',(-110.762985976878,-71.594084635234,-42.0000004768372));
#9714=CARTESIAN_POINT('Origin',(-107.762985932173,-71.594084635234,-42.0000004768372));
#9715=CARTESIAN_POINT('',(-110.762985976878,-71.594084635234,-35.0000004768372));
#9716=CARTESIAN_POINT('',(-110.762985976878,-71.594084635234,-42.0000004768372));
#9717=CARTESIAN_POINT('Origin',(-107.762985932173,-71.594084635234,-35.0000004768372));
#9718=CARTESIAN_POINT('Origin',(-107.762985932173,-71.594084635234,-35.0000004768372));
#9719=CARTESIAN_POINT('Origin',(36.8482006394717,93.7639736698158,-35.0000004768372));
#9720=CARTESIAN_POINT('',(35.2482006394717,93.7639736698158,-35.0000004768372));
#9721=CARTESIAN_POINT('Origin',(36.8482006394717,93.7639736698158,-35.0000004768372));
#9722=CARTESIAN_POINT('',(35.2482006394717,93.7639736698158,-32.0000004768372));
#9723=CARTESIAN_POINT('',(35.2482006394717,93.7639736698158,-35.0000004768372));
#9724=CARTESIAN_POINT('Origin',(36.8482006394717,93.7639736698158,-32.0000004768372));
#9725=CARTESIAN_POINT('Origin',(36.8482006394717,93.7639736698158,-42.0000004768372));
#9726=CARTESIAN_POINT('',(33.8482005947663,93.7639736698158,-42.0000004768372));
#9727=CARTESIAN_POINT('Origin',(36.8482006394717,93.7639736698158,-42.0000004768372));
#9728=CARTESIAN_POINT('',(33.8482005947663,93.7639736698158,-35.0000004768372));
#9729=CARTESIAN_POINT('',(33.8482005947663,93.7639736698158,-42.0000004768372));
#9730=CARTESIAN_POINT('Origin',(36.8482006394717,93.7639736698158,-35.0000004768372));
#9731=CARTESIAN_POINT('Origin',(36.8482006394717,93.7639736698158,-35.0000004768372));
#9732=CARTESIAN_POINT('Origin',(107.763002159522,71.5940794085545,-35.0000004768372));
#9733=CARTESIAN_POINT('',(106.163002159522,71.5940794085545,-35.0000004768372));
#9734=CARTESIAN_POINT('Origin',(107.763002159522,71.5940794085545,-35.0000004768372));
#9735=CARTESIAN_POINT('',(106.163002159522,71.5940794085545,-32.0000004768372));
#9736=CARTESIAN_POINT('',(106.163002159522,71.5940794085545,-35.0000004768372));
#9737=CARTESIAN_POINT('Origin',(107.763002159522,71.5940794085545,-32.0000004768372));
#9738=CARTESIAN_POINT('Origin',(107.763002159522,71.5940794085545,-42.0000004768372));
#9739=CARTESIAN_POINT('',(104.763002114817,71.5940794085545,-42.0000004768372));
#9740=CARTESIAN_POINT('Origin',(107.763002159522,71.5940794085545,-42.0000004768372));
#9741=CARTESIAN_POINT('',(104.763002114817,71.5940794085545,-35.0000004768372));
#9742=CARTESIAN_POINT('',(104.763002114817,71.5940794085545,-42.0000004768372));
#9743=CARTESIAN_POINT('Origin',(107.763002159522,71.5940794085545,-35.0000004768372));
#9744=CARTESIAN_POINT('Origin',(107.763002159522,71.5940794085545,-35.0000004768372));
#9745=CARTESIAN_POINT('Origin',(107.763002159522,-71.5940794085545,-35.0000004768372));
#9746=CARTESIAN_POINT('',(106.163002159522,-71.5940794085545,-35.0000004768372));
#9747=CARTESIAN_POINT('Origin',(107.763002159522,-71.5940794085545,-35.0000004768372));
#9748=CARTESIAN_POINT('',(106.163002159522,-71.5940794085545,-32.0000004768372));
#9749=CARTESIAN_POINT('',(106.163002159522,-71.5940794085545,-35.0000004768372));
#9750=CARTESIAN_POINT('Origin',(107.763002159522,-71.5940794085545,-32.0000004768372));
#9751=CARTESIAN_POINT('Origin',(107.763002159522,-71.5940794085545,-42.0000004768372));
#9752=CARTESIAN_POINT('',(104.763002114817,-71.5940794085545,-42.0000004768372));
#9753=CARTESIAN_POINT('Origin',(107.763002159522,-71.5940794085545,-42.0000004768372));
#9754=CARTESIAN_POINT('',(104.763002114817,-71.5940794085545,-35.0000004768372));
#9755=CARTESIAN_POINT('',(104.763002114817,-71.5940794085545,-42.0000004768372));
#9756=CARTESIAN_POINT('Origin',(107.763002159522,-71.5940794085545,-35.0000004768372));
#9757=CARTESIAN_POINT('Origin',(107.763002159522,-71.5940794085545,-35.0000004768372));
#9758=CARTESIAN_POINT('Origin',(-36.8481840164802,93.7639774541506,-35.0000004768372));
#9759=CARTESIAN_POINT('',(-38.4481840164802,93.7639774541506,-35.0000004768372));
#9760=CARTESIAN_POINT('Origin',(-36.8481840164802,93.7639774541506,-35.0000004768372));
#9761=CARTESIAN_POINT('',(-38.4481840164802,93.7639774541506,-32.0000004768372));
#9762=CARTESIAN_POINT('',(-38.4481840164802,93.7639774541506,-35.0000004768372));
#9763=CARTESIAN_POINT('Origin',(-36.8481840164802,93.7639774541506,-32.0000004768372));
#9764=CARTESIAN_POINT('Origin',(-36.8481840164802,93.7639774541506,-42.0000004768372));
#9765=CARTESIAN_POINT('',(-39.8481840611856,93.7639774541506,-42.0000004768372));
#9766=CARTESIAN_POINT('Origin',(-36.8481840164802,93.7639774541506,-42.0000004768372));
#9767=CARTESIAN_POINT('',(-39.8481840611856,93.7639774541506,-35.0000004768372));
#9768=CARTESIAN_POINT('',(-39.8481840611856,93.7639774541506,-42.0000004768372));
#9769=CARTESIAN_POINT('Origin',(-36.8481840164802,93.7639774541506,-35.0000004768372));
#9770=CARTESIAN_POINT('Origin',(-36.8481840164802,93.7639774541506,-35.0000004768372));
#9771=CARTESIAN_POINT('Origin',(-36.8481840164802,-93.7639774541505,-35.0000004768372));
#9772=CARTESIAN_POINT('',(-38.4481840164802,-93.7639774541505,-35.0000004768372));
#9773=CARTESIAN_POINT('Origin',(-36.8481840164802,-93.7639774541505,-35.0000004768372));
#9774=CARTESIAN_POINT('',(-38.4481840164802,-93.7639774541505,-32.0000004768372));
#9775=CARTESIAN_POINT('',(-38.4481840164802,-93.7639774541505,-35.0000004768372));
#9776=CARTESIAN_POINT('Origin',(-36.8481840164802,-93.7639774541505,-32.0000004768372));
#9777=CARTESIAN_POINT('Origin',(-36.8481840164802,-93.7639774541505,-42.0000004768372));
#9778=CARTESIAN_POINT('',(-39.8481840611856,-93.7639774541505,-42.0000004768372));
#9779=CARTESIAN_POINT('Origin',(-36.8481840164802,-93.7639774541505,-42.0000004768372));
#9780=CARTESIAN_POINT('',(-39.8481840611856,-93.7639774541505,-35.0000004768372));
#9781=CARTESIAN_POINT('',(-39.8481840611856,-93.7639774541505,-42.0000004768372));
#9782=CARTESIAN_POINT('Origin',(-36.8481840164802,-93.7639774541505,-35.0000004768372));
#9783=CARTESIAN_POINT('Origin',(-36.8481840164802,-93.7639774541505,-35.0000004768372));
#9784=CARTESIAN_POINT('Origin',(36.8482006394715,-93.7639736698158,-35.0000004768372));
#9785=CARTESIAN_POINT('',(35.2482006394715,-93.7639736698158,-35.0000004768372));
#9786=CARTESIAN_POINT('Origin',(36.8482006394715,-93.7639736698158,-35.0000004768372));
#9787=CARTESIAN_POINT('',(35.2482006394715,-93.7639736698158,-32.0000004768372));
#9788=CARTESIAN_POINT('',(35.2482006394715,-93.7639736698158,-35.0000004768372));
#9789=CARTESIAN_POINT('Origin',(36.8482006394715,-93.7639736698158,-32.0000004768372));
#9790=CARTESIAN_POINT('Origin',(36.8482006394715,-93.7639736698158,-42.0000004768372));
#9791=CARTESIAN_POINT('',(33.8482005947661,-93.7639736698158,-42.0000004768372));
#9792=CARTESIAN_POINT('Origin',(36.8482006394715,-93.7639736698158,-42.0000004768372));
#9793=CARTESIAN_POINT('',(33.8482005947661,-93.7639736698158,-35.0000004768372));
#9794=CARTESIAN_POINT('',(33.8482005947661,-93.7639736698158,-42.0000004768372));
#9795=CARTESIAN_POINT('Origin',(36.8482006394715,-93.7639736698158,-35.0000004768372));
#9796=CARTESIAN_POINT('Origin',(36.8482006394715,-93.7639736698158,-35.0000004768372));
#9797=CARTESIAN_POINT('Origin',(178.499753351947,48.8104239841916,-35.0000004768372));
#9798=CARTESIAN_POINT('',(176.899753351947,48.8104239841916,-35.0000004768372));
#9799=CARTESIAN_POINT('Origin',(178.499753351947,48.8104239841916,-35.0000004768372));
#9800=CARTESIAN_POINT('',(176.899753351947,48.8104239841916,-32.0000004768372));
#9801=CARTESIAN_POINT('',(176.899753351947,48.8104239841916,-35.0000004768372));
#9802=CARTESIAN_POINT('Origin',(178.499753351947,48.8104239841916,-32.0000004768372));
#9803=CARTESIAN_POINT('Origin',(178.499753351947,48.8104239841916,-42.0000004768372));
#9804=CARTESIAN_POINT('',(175.499753307241,48.8104239841916,-42.0000004768372));
#9805=CARTESIAN_POINT('Origin',(178.499753351947,48.8104239841916,-42.0000004768372));
#9806=CARTESIAN_POINT('',(175.499753307241,48.8104239841916,-35.0000004768372));
#9807=CARTESIAN_POINT('',(175.499753307241,48.8104239841916,-42.0000004768372));
#9808=CARTESIAN_POINT('Origin',(178.499753351947,48.8104239841916,-35.0000004768372));
#9809=CARTESIAN_POINT('Origin',(178.499753351947,48.8104239841916,-35.0000004768372));
#9810=CARTESIAN_POINT('Origin',(-107.762985932173,71.5940846352341,-35.0000004768372));
#9811=CARTESIAN_POINT('',(-109.362985932173,71.5940846352341,-35.0000004768372));
#9812=CARTESIAN_POINT('Origin',(-107.762985932173,71.5940846352341,-35.0000004768372));
#9813=CARTESIAN_POINT('',(-109.362985932173,71.5940846352341,-32.0000004768372));
#9814=CARTESIAN_POINT('',(-109.362985932173,71.5940846352341,-35.0000004768372));
#9815=CARTESIAN_POINT('Origin',(-107.762985932173,71.5940846352341,-32.0000004768372));
#9816=CARTESIAN_POINT('Origin',(-107.762985932173,71.5940846352341,-42.0000004768372));
#9817=CARTESIAN_POINT('',(-110.762985976878,71.5940846352341,-42.0000004768372));
#9818=CARTESIAN_POINT('Origin',(-107.762985932173,71.5940846352341,-42.0000004768372));
#9819=CARTESIAN_POINT('',(-110.762985976878,71.5940846352341,-35.0000004768372));
#9820=CARTESIAN_POINT('',(-110.762985976878,71.5940846352341,-42.0000004768372));
#9821=CARTESIAN_POINT('Origin',(-107.762985932173,71.5940846352341,-35.0000004768372));
#9822=CARTESIAN_POINT('Origin',(-107.762985932173,71.5940846352341,-35.0000004768372));
#9823=CARTESIAN_POINT('Origin',(178.499753351947,-48.8104239841916,-35.0000004768372));
#9824=CARTESIAN_POINT('',(176.899753351947,-48.8104239841916,-35.0000004768372));
#9825=CARTESIAN_POINT('Origin',(178.499753351947,-48.8104239841916,-35.0000004768372));
#9826=CARTESIAN_POINT('',(176.899753351947,-48.8104239841916,-32.0000004768372));
#9827=CARTESIAN_POINT('',(176.899753351947,-48.8104239841916,-35.0000004768372));
#9828=CARTESIAN_POINT('Origin',(178.499753351947,-48.8104239841916,-32.0000004768372));
#9829=CARTESIAN_POINT('Origin',(178.499753351947,-48.8104239841916,-42.0000004768372));
#9830=CARTESIAN_POINT('',(175.499753307241,-48.8104239841916,-42.0000004768372));
#9831=CARTESIAN_POINT('Origin',(178.499753351947,-48.8104239841916,-42.0000004768372));
#9832=CARTESIAN_POINT('',(175.499753307241,-48.8104239841916,-35.0000004768372));
#9833=CARTESIAN_POINT('',(175.499753307241,-48.8104239841916,-42.0000004768372));
#9834=CARTESIAN_POINT('Origin',(178.499753351947,-48.8104239841916,-35.0000004768372));
#9835=CARTESIAN_POINT('Origin',(178.499753351947,-48.8104239841916,-35.0000004768372));
#9836=CARTESIAN_POINT('Origin',(-192.263216864834,-38.0737903567013,-42.0000004768372));
#9837=CARTESIAN_POINT('',(-49.0528674593364,-84.2005236184758,-42.0000004768372));
#9838=CARTESIAN_POINT('',(-192.263216864834,-38.0737903567014,-42.0000004768372));
#9839=CARTESIAN_POINT('',(-49.0528674593364,-84.2005236184758,-42.0000004768372));
#9840=CARTESIAN_POINT('',(-192.263216864834,-38.0737903567014,-32.0000004768372));
#9841=CARTESIAN_POINT('',(-192.263216864834,-38.0737903567014,-42.0000004768372));
#9842=CARTESIAN_POINT('',(-49.0528674593364,-84.2005236184758,-32.0000004768372));
#9843=CARTESIAN_POINT('',(-49.0528674593364,-84.2005236184758,-32.0000004768372));
#9844=CARTESIAN_POINT('',(-49.0528674593364,-84.2005236184758,-42.0000004768372));
#9845=CARTESIAN_POINT('Origin',(-180.,4.44089209850063E-14,-42.0000004768372));
#9846=CARTESIAN_POINT('',(-192.263216864834,38.0737903567014,-42.0000004768372));
#9847=CARTESIAN_POINT('Origin',(-180.,4.44089209850063E-14,-42.0000004768372));
#9848=CARTESIAN_POINT('',(-192.263216864834,38.0737903567015,-32.0000004768372));
#9849=CARTESIAN_POINT('',(-192.263216864834,38.0737903567014,-42.0000004768372));
#9850=CARTESIAN_POINT('Origin',(-180.,4.44089209850063E-14,-32.0000004768372));
#9851=CARTESIAN_POINT('Origin',(-49.0528674593365,84.2005236184758,-42.0000004768372));
#9852=CARTESIAN_POINT('',(-49.0528674593365,84.2005236184758,-42.0000004768372));
#9853=CARTESIAN_POINT('',(-49.0528674593365,84.2005236184758,-42.0000004768372));
#9854=CARTESIAN_POINT('',(-49.0528674593365,84.2005236184758,-32.0000004768372));
#9855=CARTESIAN_POINT('',(-49.0528674593365,84.2005236184758,-42.0000004768372));
#9856=CARTESIAN_POINT('',(-49.0528674593365,84.2005236184758,-32.0000004768372));
#9857=CARTESIAN_POINT('Origin',(0.,-68.0946378083287,-42.0000004768372));
#9858=CARTESIAN_POINT('',(49.0528674593363,84.2005236184759,-42.0000004768372));
#9859=CARTESIAN_POINT('Origin',(0.,-68.0946378083287,-42.0000004768372));
#9860=CARTESIAN_POINT('',(49.0528674593363,84.2005236184759,-32.0000004768372));
#9861=CARTESIAN_POINT('',(49.0528674593363,84.2005236184759,-42.0000004768372));
#9862=CARTESIAN_POINT('Origin',(0.,-68.0946378083287,-32.0000004768372));
#9863=CARTESIAN_POINT('Origin',(192.263216864834,38.0737903567014,-42.0000004768372));
#9864=CARTESIAN_POINT('',(192.263216864834,38.0737903567014,-42.0000004768372));
#9865=CARTESIAN_POINT('',(49.0528674593362,84.2005236184759,-42.0000004768372));
#9866=CARTESIAN_POINT('',(192.263216864834,38.0737903567014,-32.0000004768372));
#9867=CARTESIAN_POINT('',(192.263216864834,38.0737903567014,-42.0000004768372));
#9868=CARTESIAN_POINT('',(49.0528674593362,84.2005236184759,-32.0000004768372));
#9869=CARTESIAN_POINT('Origin',(180.,0.,-42.0000004768372));
#9870=CARTESIAN_POINT('',(192.263216864834,-38.0737903567014,-42.0000004768372));
#9871=CARTESIAN_POINT('Origin',(180.,0.,-42.0000004768372));
#9872=CARTESIAN_POINT('',(192.263216864834,-38.0737903567014,-32.0000004768372));
#9873=CARTESIAN_POINT('',(192.263216864834,-38.0737903567014,-42.0000004768372));
#9874=CARTESIAN_POINT('Origin',(180.,0.,-32.0000004768372));
#9875=CARTESIAN_POINT('Origin',(49.0528674593365,-84.2005236184758,-42.0000004768372));
#9876=CARTESIAN_POINT('',(49.0528674593365,-84.2005236184758,-42.0000004768372));
#9877=CARTESIAN_POINT('',(49.0528674593365,-84.2005236184758,-42.0000004768372));
#9878=CARTESIAN_POINT('',(49.0528674593365,-84.2005236184758,-32.0000004768372));
#9879=CARTESIAN_POINT('',(49.0528674593365,-84.2005236184758,-42.0000004768372));
#9880=CARTESIAN_POINT('',(49.0528674593365,-84.2005236184758,-32.0000004768372));
#9881=CARTESIAN_POINT('Origin',(1.77635683940025E-14,68.09463780833,-42.0000004768372));
#9882=CARTESIAN_POINT('Origin',(1.77635683940025E-14,68.09463780833,-42.0000004768372));
#9883=CARTESIAN_POINT('Origin',(1.77635683940025E-14,68.09463780833,-32.0000004768372));
#9884=CARTESIAN_POINT('Origin',(195.942181924284,-49.4959274637118,-42.0000004768372));
#9885=CARTESIAN_POINT('',(52.7318325187866,-95.6226607254863,-42.0000004768372));
#9886=CARTESIAN_POINT('',(195.942181924284,-49.4959274637118,-42.0000004768372));
#9887=CARTESIAN_POINT('',(52.7318325187866,-95.6226607254863,-42.0000004768372));
#9888=CARTESIAN_POINT('',(195.942181924284,-49.4959274637118,-32.0000004768372));
#9889=CARTESIAN_POINT('',(195.942181924284,-49.4959274637118,-42.0000004768372));
#9890=CARTESIAN_POINT('',(52.7318325187866,-95.6226607254863,-32.0000004768372));
#9891=CARTESIAN_POINT('',(52.7318325187866,-95.6226607254863,-32.0000004768372));
#9892=CARTESIAN_POINT('',(52.7318325187866,-95.6226607254863,-42.0000004768372));
#9893=CARTESIAN_POINT('Origin',(180.,0.,-42.0000004768372));
#9894=CARTESIAN_POINT('',(195.942181924284,49.4959274637118,-42.0000004768372));
#9895=CARTESIAN_POINT('Origin',(180.,0.,-42.0000004768372));
#9896=CARTESIAN_POINT('',(195.942181924284,49.4959274637118,-32.0000004768372));
#9897=CARTESIAN_POINT('',(195.942181924284,49.4959274637118,-42.0000004768372));
#9898=CARTESIAN_POINT('Origin',(180.,0.,-32.0000004768372));
#9899=CARTESIAN_POINT('Origin',(52.7318325187865,95.6226607254863,-42.0000004768372));
#9900=CARTESIAN_POINT('',(52.7318325187865,95.6226607254864,-42.0000004768372));
#9901=CARTESIAN_POINT('',(52.7318325187865,95.6226607254863,-42.0000004768372));
#9902=CARTESIAN_POINT('',(52.7318325187865,95.6226607254864,-32.0000004768372));
#9903=CARTESIAN_POINT('',(52.7318325187865,95.6226607254864,-42.0000004768372));
#9904=CARTESIAN_POINT('',(52.7318325187865,95.6226607254863,-32.0000004768372));
#9905=CARTESIAN_POINT('Origin',(0.,-68.0946378083287,-42.0000004768372));
#9906=CARTESIAN_POINT('',(-52.7318325187868,95.6226607254862,-42.0000004768372));
#9907=CARTESIAN_POINT('Origin',(0.,-68.0946378083287,-42.0000004768372));
#9908=CARTESIAN_POINT('',(-52.7318325187868,95.6226607254862,-32.0000004768372));
#9909=CARTESIAN_POINT('',(-52.7318325187868,95.6226607254862,-42.0000004768372));
#9910=CARTESIAN_POINT('Origin',(0.,-68.0946378083287,-32.0000004768372));
#9911=CARTESIAN_POINT('Origin',(-195.942181924284,49.4959274637119,-42.0000004768372));
#9912=CARTESIAN_POINT('',(-195.942181924284,49.4959274637119,-42.0000004768372));
#9913=CARTESIAN_POINT('',(-52.7318325187868,95.6226607254862,-42.0000004768372));
#9914=CARTESIAN_POINT('',(-195.942181924284,49.4959274637119,-32.0000004768372));
#9915=CARTESIAN_POINT('',(-195.942181924284,49.4959274637119,-42.0000004768372));
#9916=CARTESIAN_POINT('',(-52.7318325187868,95.6226607254862,-32.0000004768372));
#9917=CARTESIAN_POINT('Origin',(-180.,4.44089209850063E-14,-42.0000004768372));
#9918=CARTESIAN_POINT('',(-195.942181924284,-49.4959274637118,-42.0000004768372));
#9919=CARTESIAN_POINT('Origin',(-180.,4.44089209850063E-14,-42.0000004768372));
#9920=CARTESIAN_POINT('',(-195.942181924284,-49.4959274637118,-32.0000004768372));
#9921=CARTESIAN_POINT('',(-195.942181924284,-49.4959274637118,-42.0000004768372));
#9922=CARTESIAN_POINT('Origin',(-180.,4.44089209850063E-14,-32.0000004768372));
#9923=CARTESIAN_POINT('Origin',(-52.7318325187866,-95.6226607254863,-42.0000004768372));
#9924=CARTESIAN_POINT('',(-52.7318325187866,-95.6226607254863,-42.0000004768372));
#9925=CARTESIAN_POINT('',(-52.7318325187866,-95.6226607254863,-42.0000004768372));
#9926=CARTESIAN_POINT('',(-52.7318325187866,-95.6226607254863,-32.0000004768372));
#9927=CARTESIAN_POINT('',(-52.7318325187866,-95.6226607254863,-42.0000004768372));
#9928=CARTESIAN_POINT('',(-52.7318325187866,-95.6226607254863,-32.0000004768372));
#9929=CARTESIAN_POINT('Origin',(1.77635683940025E-14,68.09463780833,-42.0000004768372));
#9930=CARTESIAN_POINT('Origin',(1.77635683940025E-14,68.09463780833,-42.0000004768372));
#9931=CARTESIAN_POINT('Origin',(1.77635683940025E-14,68.09463780833,-32.0000004768372));
#9932=CARTESIAN_POINT('Origin',(-3.5527136788005E-14,1.77635683940025E-14,
-42.0000004768372));
#9933=CARTESIAN_POINT('Origin',(-3.5527136788005E-14,1.77635683940025E-14,
-32.0000004768372));
#9934=UNCERTAINTY_MEASURE_WITH_UNIT(LENGTH_MEASURE(0.01),#9938,
'DISTANCE_ACCURACY_VALUE',
'Maximum model space distance between geometric entities at asserted c
onnectivities');
#9935=UNCERTAINTY_MEASURE_WITH_UNIT(LENGTH_MEASURE(0.01),#9938,
'DISTANCE_ACCURACY_VALUE',
'Maximum model space distance between geometric entities at asserted c
onnectivities');
#9936=(
GEOMETRIC_REPRESENTATION_CONTEXT(3)
GLOBAL_UNCERTAINTY_ASSIGNED_CONTEXT((#9934))
GLOBAL_UNIT_ASSIGNED_CONTEXT((#9938,#9940,#9941))
REPRESENTATION_CONTEXT('','3D')
);
#9937=(
GEOMETRIC_REPRESENTATION_CONTEXT(3)
GLOBAL_UNCERTAINTY_ASSIGNED_CONTEXT((#9935))
GLOBAL_UNIT_ASSIGNED_CONTEXT((#9938,#9940,#9941))
REPRESENTATION_CONTEXT('','3D')
);
#9938=(
LENGTH_UNIT()
NAMED_UNIT(*)
SI_UNIT(.MILLI.,.METRE.)
);
#9939=(
LENGTH_UNIT()
NAMED_UNIT(*)
SI_UNIT($,.METRE.)
);
#9940=(
NAMED_UNIT(*)
PLANE_ANGLE_UNIT()
SI_UNIT($,.RADIAN.)
);
#9941=(
NAMED_UNIT(*)
SI_UNIT($,.STERADIAN.)
SOLID_ANGLE_UNIT()
);
#9942=SHAPE_DEFINITION_REPRESENTATION(#9943,#9944);
#9943=PRODUCT_DEFINITION_SHAPE('',$,#9946);
#9944=SHAPE_REPRESENTATION('',(#5778),#9936);
#9945=PRODUCT_DEFINITION_CONTEXT('part definition',#9950,'design');
#9946=PRODUCT_DEFINITION('V2','V2 v3',#9947,#9945);
#9947=PRODUCT_DEFINITION_FORMATION('',$,#9952);
#9948=PRODUCT_RELATED_PRODUCT_CATEGORY('V2 v3','V2 v3',(#9952));
#9949=APPLICATION_PROTOCOL_DEFINITION('international standard',
'automotive_design',2009,#9950);
#9950=APPLICATION_CONTEXT(
'Core Data for Automotive Mechanical Design Process');
#9951=PRODUCT_CONTEXT('part definition',#9950,'mechanical');
#9952=PRODUCT('V2','V2 v3',$,(#9951));
#9953=PRESENTATION_STYLE_ASSIGNMENT((#9959));
#9954=PRESENTATION_STYLE_ASSIGNMENT((#9960));
#9955=PRESENTATION_STYLE_ASSIGNMENT((#9961));
#9956=PRESENTATION_STYLE_ASSIGNMENT((#9962));
#9957=PRESENTATION_STYLE_ASSIGNMENT((#9963));
#9958=PRESENTATION_STYLE_ASSIGNMENT((#9964));
#9959=SURFACE_STYLE_USAGE(.BOTH.,#9965);
#9960=SURFACE_STYLE_USAGE(.BOTH.,#9966);
#9961=SURFACE_STYLE_USAGE(.BOTH.,#9967);
#9962=SURFACE_STYLE_USAGE(.BOTH.,#9968);
#9963=SURFACE_STYLE_USAGE(.BOTH.,#9969);
#9964=SURFACE_STYLE_USAGE(.BOTH.,#9970);
#9965=SURFACE_SIDE_STYLE('',(#9971));
#9966=SURFACE_SIDE_STYLE('',(#9972));
#9967=SURFACE_SIDE_STYLE('',(#9973));
#9968=SURFACE_SIDE_STYLE('',(#9974));
#9969=SURFACE_SIDE_STYLE('',(#9975));
#9970=SURFACE_SIDE_STYLE('',(#9976));
#9971=SURFACE_STYLE_FILL_AREA(#9977);
#9972=SURFACE_STYLE_FILL_AREA(#9978);
#9973=SURFACE_STYLE_FILL_AREA(#9979);
#9974=SURFACE_STYLE_FILL_AREA(#9980);
#9975=SURFACE_STYLE_FILL_AREA(#9981);
#9976=SURFACE_STYLE_FILL_AREA(#9982);
#9977=FILL_AREA_STYLE('Steel - Satin',(#9983));
#9978=FILL_AREA_STYLE('Paint - Metallic (Silver)',(#9984));
#9979=FILL_AREA_STYLE('Paint - Metallic (Black)',(#9985));
#9980=FILL_AREA_STYLE('Paint - Metallic (Blue)',(#9986));
#9981=FILL_AREA_STYLE('Paint - Metallic (Yellow)',(#9987));
#9982=FILL_AREA_STYLE('Paint - Metallic (Green)',(#9988));
#9983=FILL_AREA_STYLE_COLOUR('Steel - Satin',#9989);
#9984=FILL_AREA_STYLE_COLOUR('Paint - Metallic (Silver)',#9990);
#9985=FILL_AREA_STYLE_COLOUR('Paint - Metallic (Black)',#9991);
#9986=FILL_AREA_STYLE_COLOUR('Paint - Metallic (Blue)',#9992);
#9987=FILL_AREA_STYLE_COLOUR('Paint - Metallic (Yellow)',#9993);
#9988=FILL_AREA_STYLE_COLOUR('Paint - Metallic (Green)',#9994);
#9989=COLOUR_RGB('Steel - Satin',0.627450980392157,0.627450980392157,0.627450980392157);
#9990=COLOUR_RGB('Paint - Metallic (Silver)',0.984313725490196,0.980392156862745,
0.96078431372549);
#9991=COLOUR_RGB('Paint - Metallic (Black)',0.0980392156862745,0.0980392156862745,
0.0980392156862745);
#9992=COLOUR_RGB('Paint - Metallic (Blue)',0.188235294117647,0.231372549019608,
0.588235294117647);
#9993=COLOUR_RGB('Paint - Metallic (Yellow)',0.909803921568627,0.67843137254902,
0.137254901960784);
#9994=COLOUR_RGB('Paint - Metallic (Green)',0.266666666666667,0.588235294117647,
0.282352941176471);
ENDSEC;
END-ISO-10303-21;
